-62,-84,-102,-112,-116,-109,-94,-85,-76,-54,-43,-24,-25,-21,-13,-14,-9,-23,-21,-17,-9,-16,-10,-6,-19,-11,-17,-28,-22,-26,-43,-44,-49,-73,-97,-101,-173,-140,-61,-367,-186,-393,-126,-239,-219,-206,-176,-172,-135,-131,-107,-108,-103,-114,-117,-128
100,95,83,70,76,66,76,70,86,98,109,125,120,120,121,114,101,80,61,35,15,-12,-36,-62,-92,-109,-139,-166,-210,-217,-231,-242,-244,-262,-266,-287,-342,-326,-179,-512,-339,-505,-200,-319,-326,-333,-251,-239,-192,-169,-138,-111,-89,-71,-63,-69
-141,-160,-168,-171,-178,-162,-158,-141,-130,-114,-101,-84,-78,-72,-63,-56,-44,-43,-32,-33,-17,-17,-7,-5,-7,-2,-15,-30,-46,-52,-73,-87,-98,-131,-149,-169,-246,-220,-178,-465,-252,-410,-150,-272,-319,-321,-239,-233,-191,-160,-142,-111,-86,-62,-43,-41
-162,-180,-188,-183,-183,-176,-167,-161,-160,-153,-141,-137,-137,-130,-117,-105,-94,-82,-69,-47,-27,0,12,40,48,56,71,78,87,83,74,53,24,19,-15,-61,-43,-106,-198,34,-210,-82,-352,-227,-170,-131,-191,-159,-159,-134,-116,-100,-98,-99,-105,-101
-15,-36,-55,-66,-60,-54,-50,-40,-27,-6,2,26,21,20,30,27,27,17,14,-5,-1,-20,-17,-34,-36,-41,-60,-83,-99,-86,-105,-124,-124,-157,-144,-209,-221,-268,-144,-171,-347,-215,-449,-293,-222,-200,-217,-183,-180,-151,-129,-105,-102,-89,-101,-109
-129,-158,-176,-186,-179,-180,-156,-162,-144,-132,-128,-114,-124,-120,-110,-100,-89,-97,-78,-61,-32,-7,13,45,61,91,116,132,180,189,194,202,204,200,176,190,124,172,136,-70,187,80,298,175,95,53,104,70,70,31,-2,-30,-76,-105,-133,-162
-143,-151,-146,-139,-144,-133,-139,-132,-134,-144,-150,-156,-157,-159,-155,-144,-133,-107,-82,-64,-31,10,40,72,113,141,175,211,262,279,299,302,295,316,322,304,367,329,246,511,340,511,262,370,342,319,278,252,196,169,119,85,42,24,-4,-13
-160,-176,-180,-177,-173,-165,-167,-162,-165,-161,-168,-157,-162,-162,-153,-142,-123,-110,-92,-63,-27,-9,28,58,77,100,121,144,198,183,183,195,172,168,118,139,98,117,-77,-39,94,44,174,61,-37,-72,-18,-39,-37,-41,-61,-76,-96,-115,-144,-156
-145,-153,-150,-146,-145,-145,-145,-157,-155,-168,-174,-174,-188,-181,-173,-164,-150,-131,-101,-81,-39,-1,40,68,112,146,170,201,245,259,263,269,263,227,233,199,130,152,295,-79,95,-137,159,11,-11,-44,-14,-44,-22,-43,-60,-86,-114,-135,-144,-174
-54,-62,-63,-63,-44,-39,-15,6,22,46,65,81,91,102,99,95,91,86,69,52,25,-1,-22,-47,-63,-80,-94,-102,-99,-86,-72,-42,-4,14,60,98,107,168,315,118,221,107,269,207,228,218,190,160,148,102,77,34,-1,-39,-66,-85
174,186,190,192,181,181,172,181,171,175,177,175,189,181,174,160,146,131,104,78,42,0,-35,-69,-115,-151,-184,-218,-267,-288,-305,-302,-287,-296,-287,-255,-297,-242,-99,-409,-243,-422,-201,-263,-204,-158,-153,-134,-94,-76,-21,12,62,91,125,156
-140,-147,-144,-136,-129,-126,-124,-125,-130,-134,-144,-155,-158,-157,-156,-139,-126,-108,-81,-54,-25,9,42,74,110,133,173,207,262,272,279,309,315,318,326,349,307,375,430,173,392,206,476,326,295,251,261,208,206,153,122,76,37,0,-11,-23
141,159,179,182,172,167,160,155,142,131,127,111,119,113,101,98,85,79,67,54,27,18,-9,-22,-43,-61,-70,-78,-95,-111,-105,-95,-84,-66,-67,-1,-4,47,-30,-72,144,66,256,135,67,35,89,73,89,76,81,82,100,112,136,149
-107,-122,-131,-140,-143,-155,-155,-156,-158,-152,-148,-145,-125,-115,-106,-87,-68,-44,-32,-16,-14,-17,-26,-29,-59,-77,-112,-149,-221,-253,-281,-304,-324,-316,-335,-310,-268,-277,-399,-51,-185,54,-191,-36,13,64,53,92,81,99,108,111,104,99,86,85
161,162,155,148,135,135,122,121,132,136,149,164,168,162,164,154,131,111,85,51,21,-4,-45,-74,-110,-129,-159,-196,-248,-259,-260,-300,-307,-297,-327,-356,-319,-393,-512,-232,-371,-195,-328,-284,-342,-345,-275,-237,-220,-172,-156,-126,-95,-84,-90,-99
-174,-196,-209,-211,-201,-192,-193,-182,-180,-164,-163,-154,-156,-154,-145,-132,-118,-107,-89,-61,-31,-11,21,51,75,94,120,152,203,192,191,214,186,192,136,165,126,150,-65,40,154,111,247,128,19,-19,36,13,7,-4,-35,-63,-87,-117,-161,-179
-63,-77,-91,-102,-99,-97,-77,-68,-51,-30,-5,8,5,16,29,30,32,16,9,-4,-6,-14,-33,-39,-57,-62,-81,-108,-144,-152,-165,-202,-219,-233,-250,-312,-292,-370,-350,-191,-452,-285,-512,-395,-324,-259,-303,-250,-235,-201,-152,-108,-82,-61,-47,-38
35,34,30,33,55,64,85,100,123,145,166,175,182,185,181,163,142,139,108,74,34,6,-24,-53,-65,-80,-90,-86,-74,-53,-12,5,44,90,146,167,279,270,241,511,320,506,221,350,389,388,293,272,204,163,109,59,6,-39,-96,-126
179,196,205,204,198,197,180,179,176,182,177,185,191,185,178,160,143,135,106,69,37,-6,-37,-85,-114,-149,-190,-230,-302,-300,-319,-338,-327,-347,-315,-363,-350,-391,-230,-226,-428,-322,-512,-371,-280,-227,-267,-208,-202,-153,-107,-51,-9,30,49,70
-19,-31,-42,-51,-63,-54,-44,-30,-10,4,25,38,47,54,63,55,56,36,31,8,-2,-13,-31,-50,-62,-74,-98,-138,-182,-158,-197,-213,-216,-256,-238,-287,-319,-328,-147,-384,-404,-462,-500,-422,-311,-255,-273,-245,-209,-176,-138,-103,-78,-51,-28,-20
-70,-83,-99,-104,-104,-96,-83,-67,-50,-28,-10,9,16,23,34,32,36,26,15,8,2,-12,-28,-40,-66,-72,-98,-127,-167,-184,-201,-228,-240,-254,-281,-298,-317,-338,-350,-355,-360,-357,-357,-344,-330,-297,-270,-236,-207,-159,-120,-78,-39,-5,16,38
-137,-147,-141,-138,-136,-140,-140,-150,-159,-170,-178,-178,-190,-188,-178,-166,-146,-137,-109,-74,-37,-1,37,75,106,137,168,199,245,252,257,251,238,226,199,172,145,124,96,64,51,26,10,-4,-13,-25,-38,-47,-58,-63,-74,-87,-112,-130,-147,-165
81,101,123,134,133,127,122,114,107,93,87,77,76,74,70,68,64,57,52,43,24,10,-8,-28,-45,-65,-79,-95,-133,-144,-144,-155,-141,-142,-131,-120,-111,-108,-100,-90,-92,-91,-89,-91,-88,-80,-79,-62,-51,-33,-9,22,52,78,112,134
24,4,-18,-33,-31,-39,-31,-29,-16,0,6,20,11,15,21,14,13,-3,-6,-14,-11,-14,-16,-8,-10,-4,0,-3,11,17,17,15,4,-1,-17,-34,-40,-61,-63,-78,-74,-81,-62,-58,-50,-46,-39,-38,-34,-40,-49,-60,-87,-110,-137,-160
182,198,211,206,203,194,177,157,130,100,78,60,38,12,5,-14,-26,-36,-36,-29,-6,19,43,72,105,148,189,230,299,313,320,329,313,302,276,239,203,159,118,69,29,-22,-63,-88,-120,-145,-156,-164,-162,-157,-140,-118,-104,-82,-65,-54
120,141,159,164,166,155,146,138,121,102,89,69,76,70,61,49,44,50,37,39,20,16,3,-1,-4,-17,-13,-12,-20,-17,-8,4,23,41,70,98,128,146,165,195,201,214,215,211,199,188,181,166,154,135,123,115,116,118,132,143
-48,-50,-55,-53,-23,-13,13,30,57,81,106,126,133,142,145,133,123,107,88,59,31,2,-24,-45,-55,-68,-69,-63,-40,-14,18,53,94,129,172,218,257,287,312,320,330,329,320,305,272,245,203,162,128,73,33,-9,-51,-85,-118,-142
-16,-25,-29,-36,-63,-79,-108,-120,-139,-161,-173,-188,-178,-174,-171,-150,-123,-102,-78,-51,-29,-15,-5,0,-14,-23,-53,-97,-171,-207,-253,-289,-317,-345,-363,-370,-364,-353,-333,-296,-267,-226,-170,-129,-77,-37,3,46,67,93,105,109,113,113,108,100
-61,-56,-48,-42,-44,-44,-62,-66,-88,-110,-125,-135,-143,-147,-146,-142,-128,-108,-87,-56,-27,11,47,84,122,150,190,234,297,312,329,342,342,344,343,340,339,333,332,318,313,294,272,266,237,210,178,146,115,79,37,-2,-53,-92,-125,-154
120,139,151,158,149,146,129,119,100,85,70,53,49,39,29,24,18,19,20,13,9,11,13,12,26,30,44,60,87,91,114,131,151,172,198,228,252,272,297,313,326,328,326,314,306,281,258,230,206,167,135,99,71,49,36,25
165,170,173,170,157,158,153,159,161,164,176,176,186,182,177,164,145,126,101,67,32,-7,-46,-83,-121,-156,-195,-229,-289,-314,-329,-349,-347,-345,-353,-350,-356,-364,-373,-363,-360,-354,-345,-330,-320,-288,-258,-222,-188,-147,-101,-55,-6,31,56,80
-157,-174,-186,-189,-186,-178,-170,-166,-155,-148,-142,-132,-136,-128,-115,-104,-89,-90,-71,-54,-31,-13,8,33,50,67,79,91,109,115,107,99,83,70,43,20,-7,-32,-50,-69,-78,-95,-104,-103,-105,-107,-103,-103,-92,-89,-88,-91,-104,-111,-128,-141
-112,-114,-106,-101,-105,-104,-113,-117,-127,-140,-151,-155,-160,-160,-153,-140,-128,-115,-93,-62,-30,3,38,72,105,135,166,198,247,255,263,270,256,254,232,221,194,185,173,148,137,119,94,82,71,57,38,19,5,-10,-33,-56,-87,-114,-136,-159
99,124,141,150,146,144,138,130,119,105,96,81,81,80,74,65,57,63,56,42,25,12,-4,-23,-32,-48,-61,-73,-101,-109,-110,-106,-95,-90,-72,-56,-39,-26,-10,4,5,14,16,11,14,12,8,15,14,29,43,59,85,108,138,157
103,103,97,87,86,83,87,97,108,125,136,147,156,157,160,150,140,109,89,52,26,-9,-51,-81,-118,-147,-186,-229,-297,-300,-333,-338,-353,-357,-363,-368,-368,-374,-384,-373,-373,-366,-354,-348,-317,-290,-263,-222,-189,-143,-98,-51,2,41,74,98
-181,-198,-203,-200,-207,-197,-194,-181,-176,-165,-156,-145,-142,-134,-122,-108,-86,-85,-65,-53,-27,-13,1,14,15,22,21,10,-6,-18,-36,-67,-92,-120,-154,-190,-228,-259,-290,-318,-332,-344,-347,-344,-333,-310,-286,-256,-224,-176,-145,-101,-69,-40,-10,6
149,165,177,181,175,181,169,163,147,135,121,112,89,70,61,45,31,4,2,-9,2,13,31,49,74,106,142,186,254,267,296,307,307,305,290,269,242,220,188,145,114,62,17,-15,-41,-81,-93,-110,-115,-117,-115,-108,-98,-87,-77,-67
158,172,181,185,190,182,175,172,163,160,151,140,139,137,122,114,105,89,76,56,34,3,-18,-40,-65,-83,-101,-110,-131,-151,-151,-133,-118,-111,-107,-41,-56,6,-21,-146,88,-73,193,60,19,20,56,44,66,62,69,72,98,112,132,151
146,140,130,120,111,98,101,91,104,115,118,138,124,122,126,112,101,68,52,21,9,-17,-42,-55,-84,-89,-108,-130,-151,-147,-157,-165,-174,-170,-204,-191,-216,-209,-401,-298,-168,-93,-149,-146,-195,-191,-139,-129,-124,-112,-112,-102,-120,-129,-155,-177
136,155,168,172,179,182,187,179,175,166,164,153,140,115,109,91,62,38,24,16,16,23,29,45,66,97,140,185,267,284,309,338,334,357,325,349,319,317,97,150,252,246,201,115,-1,-71,-48,-87,-106,-114,-130,-120,-120,-103,-95,-91
9,-9,-26,-37,-25,-29,-13,-12,10,36,47,72,66,77,84,78,77,51,40,17,11,-20,-37,-65,-86,-99,-136,-175,-222,-223,-247,-261,-267,-298,-291,-341,-376,-391,-203,-407,-482,-512,-500,-471,-369,-311,-327,-278,-229,-196,-138,-97,-53,-32,-17,0
-58,-75,-98,-110,-123,-107,-105,-95,-74,-61,-44,-21,-28,-22,-13,-10,-10,-22,-18,-32,-21,-16,-15,-14,-2,3,0,-11,-12,5,1,-25,-35,-48,-44,-118,-110,-180,-85,-16,-253,-88,-363,-191,-124,-109,-137,-113,-123,-110,-103,-94,-113,-118,-144,-164
-88,-81,-69,-56,-55,-46,-52,-48,-58,-70,-88,-94,-90,-89,-96,-90,-79,-48,-39,-18,-4,13,39,51,74,77,99,121,146,148,162,180,192,188,224,231,219,252,452,174,249,98,264,203,244,234,191,171,164,138,133,113,110,104,116,134
8,-7,-19,-32,-19,-20,-12,-4,20,42,58,77,72,81,86,80,76,63,49,17,5,-23,-38,-71,-92,-105,-139,-182,-242,-234,-258,-289,-294,-316,-309,-378,-355,-426,-352,-234,-478,-293,-512,-391,-333,-292,-302,-242,-234,-178,-141,-86,-50,-4,9,23
-182,-196,-200,-199,-184,-188,-173,-178,-179,-177,-178,-178,-190,-188,-173,-161,-139,-137,-111,-75,-37,-1,24,72,94,130,166,198,252,244,264,256,235,259,215,199,220,163,-23,281,154,297,199,189,105,52,69,58,32,14,-7,-40,-76,-116,-148,-171
-159,-170,-167,-164,-150,-151,-145,-146,-156,-157,-171,-173,-181,-181,-176,-161,-144,-129,-98,-60,-25,6,46,88,122,149,189,226,303,300,311,355,337,349,328,380,341,416,308,190,423,231,508,326,274,228,246,195,182,140,96,39,-3,-47,-76,-97
63,86,104,110,113,109,103,98,96,94,95,94,98,93,81,69,58,43,26,10,-4,-14,-14,-11,-3,10,25,43,91,116,129,151,159,172,179,186,198,213,217,221,223,219,217,200,181,156,132,109,84,63,56,51,58,69,84,95
-96,-88,-80,-65,-68,-60,-68,-66,-80,-99,-108,-121,-116,-117,-125,-115,-103,-82,-64,-32,-13,14,40,71,94,108,141,181,230,229,236,269,271,293,282,344,308,379,349,192,425,248,507,343,308,257,275,224,224,165,142,98,65,38,37,34
109,111,108,98,94,92,91,100,100,107,119,126,134,131,131,122,112,91,71,52,24,-5,-37,-60,-98,-124,-154,-186,-227,-248,-265,-268,-275,-283,-297,-274,-321,-286,-282,-477,-280,-439,-187,-304,-304,-288,-232,-215,-163,-139,-93,-67,-22,-2,24,35
-179,-196,-201,-209,-192,-196,-184,-193,-176,-174,-174,-166,-177,-171,-154,-144,-128,-122,-95,-72,-37,-4,20,53,84,106,135,153,187,192,190,177,156,158,111,98,110,57,-166,140,39,187,-71,3,-24,-29,-50,-50,-81,-67,-86,-90,-118,-131,-153,-175
-159,-165,-164,-155,-146,-144,-135,-134,-134,-150,-151,-167,-163,-161,-163,-145,-131,-108,-82,-50,-26,17,46,84,116,138,178,220,274,266,287,299,302,329,312,368,374,408,237,320,500,452,511,443,329,271,303,252,233,196,149,115,91,77,80,81
-146,-161,-175,-178,-185,-171,-167,-156,-148,-141,-130,-122,-120,-114,-108,-93,-84,-79,-68,-45,-25,-3,11,39,47,63,82,95,124,119,116,118,91,100,44,56,46,28,-175,30,36,103,58,32,-42,-75,-36,-42,-53,-46,-66,-75,-98,-111,-140,-163
-145,-149,-145,-133,-144,-132,-131,-138,-143,-156,-161,-173,-179,-175,-169,-159,-143,-126,-96,-77,-36,4,42,75,127,165,197,233,284,319,323,343,338,326,360,317,308,310,511,246,282,90,271,196,249,222,189,145,143,89,67,15,-33,-78,-108,-129
180,195,208,205,202,193,189,177,183,180,179,180,182,182,185,167,151,133,103,71,35,-1,-37,-84,-116,-154,-191,-230,-298,-313,-321,-352,-347,-359,-345,-381,-347,-402,-307,-249,-464,-436,-512,-439,-340,-283,-311,-255,-213,-171,-117,-78,-28,0,20,37
-29,-19,-3,8,14,11,7,-3,-18,-31,-49,-65,-63,-64,-74,-71,-62,-40,-31,-10,-1,15,40,49,77,85,104,130,162,170,190,206,219,223,268,258,271,282,497,283,284,149,308,255,291,271,240,214,203,163,144,111,92,74,69,75
169,187,203,206,195,200,190,177,161,131,112,93,58,37,28,9,-9,-34,-25,-30,-8,21,47,77,119,157,199,238,289,296,312,286,247,226,182,96,99,-19,-105,94,-199,-62,-394,-271,-245,-234,-279,-236,-239,-188,-152,-92,-45,7,40,78
-40,-46,-46,-54,-68,-79,-95,-101,-110,-119,-127,-138,-130,-127,-119,-107,-89,-74,-53,-37,-24,-5,-1,2,-3,-9,-24,-50,-101,-128,-159,-190,-212,-230,-262,-252,-269,-257,-413,-257,-207,-77,-198,-133,-125,-93,-68,-30,-24,16,33,60,77,90,106,116
54,65,82,93,79,76,58,48,28,-4,-16,-41,-44,-54,-52,-55,-56,-43,-33,-16,-8,22,40,64,93,114,146,187,240,243,275,290,296,324,324,345,408,387,220,511,407,511,301,410,375,356,292,265,192,163,107,68,16,-20,-64,-86
163,172,180,170,176,164,163,149,149,154,155,171,166,161,166,153,134,119,89,62,31,-3,-35,-75,-109,-137,-168,-205,-260,-268,-279,-303,-303,-317,-315,-354,-323,-379,-344,-208,-441,-365,-512,-403,-324,-260,-294,-239,-218,-171,-135,-100,-67,-49,-53,-48
150,174,187,197,182,178,166,160,149,131,121,109,118,111,96,88,74,79,63,50,25,21,4,-16,-19,-33,-44,-47,-62,-50,-37,-33,0,-2,58,64,62,108,336,35,135,-23,190,124,165,155,157,131,151,122,123,109,118,114,136,151
132,153,166,179,172,169,158,151,139,123,116,97,96,95,88,82,72,66,57,45,23,16,-5,-19,-25,-39,-47,-51,-71,-74,-62,-71,-53,-29,0,-5,61,21,90,244,29,150,-55,65,138,166,94,108,92,82,97,96,109,116,132,152
8,11,15,8,-19,-31,-57,-72,-97,-126,-138,-162,-157,-163,-162,-144,-128,-119,-93,-62,-34,0,15,42,42,50,49,33,-1,-38,-74,-115,-171,-187,-264,-270,-298,-310,-512,-392,-299,-270,-187,-246,-299,-300,-193,-159,-109,-56,-20,20,67,102,140,161
90,108,116,116,115,106,105,97,95,91,92,91,89,84,78,65,53,36,22,10,-4,-9,-13,-8,-5,5,17,31,74,93,107,127,133,149,153,162,173,185,199,205,212,216,218,213,200,185,167,143,119,95,78,66,65,66,77,91
57,58,56,57,73,75,90,98,115,129,142,146,150,151,142,129,112,106,82,59,28,5,-22,-42,-55,-65,-75,-71,-63,-55,-28,-6,28,61,103,143,182,219,246,266,282,297,308,299,291,270,247,216,184,143,102,59,19,-16,-53,-75
-55,-75,-103,-122,-113,-117,-105,-104,-86,-71,-63,-54,-60,-56,-47,-47,-44,-53,-46,-44,-27,-19,-7,13,24,42,54,64,100,105,110,110,100,102,81,66,51,45,36,21,27,23,22,27,30,30,29,22,14,-4,-20,-47,-81,-111,-146,-170
183,193,204,202,186,174,149,127,89,55,21,-5,-36,-58,-71,-81,-86,-99,-78,-64,-23,11,47,84,115,152,183,203,219,206,179,147,93,45,-19,-78,-147,-209,-257,-302,-331,-357,-381,-373,-360,-330,-298,-254,-210,-153,-95,-36,23,76,123,157
11,28,48,62,73,75,80,77,78,74,77,81,80,83,86,80,71,59,44,26,12,-4,-21,-32,-43,-41,-46,-47,-27,-11,2,13,26,38,45,53,65,80,92,104,118,130,142,149,151,146,137,120,107,86,71,56,47,44,51,60
109,118,121,127,136,150,151,163,164,171,171,179,177,166,154,138,117,89,72,48,31,15,1,-1,9,16,37,71,134,155,200,235,272,302,332,358,374,391,401,389,378,360,327,301,259,218,172,121,85,37,-8,-49,-85,-120,-152,-177
158,169,170,171,164,166,159,171,171,176,183,180,193,188,173,160,144,133,103,75,36,6,-29,-58,-88,-117,-141,-157,-192,-201,-192,-190,-161,-142,-113,-81,-47,-23,-3,35,52,83,97,104,108,118,116,122,121,107,110,106,119,128,135,145
-154,-179,-195,-202,-190,-196,-173,-177,-161,-150,-145,-130,-146,-136,-125,-118,-104,-103,-87,-66,-37,-17,11,37,62,85,111,131,167,178,185,183,175,166,145,126,107,95,95,73,70,54,51,53,48,39,30,20,10,-7,-24,-48,-85,-115,-147,-172
-127,-136,-148,-143,-126,-107,-86,-62,-28,2,32,57,80,101,105,106,103,101,82,61,23,-6,-46,-76,-101,-127,-152,-162,-177,-164,-141,-118,-69,-32,21,76,129,175,222,260,287,316,327,328,315,303,274,239,204,149,103,51,-1,-41,-87,-119
173,188,200,198,188,176,155,131,103,70,40,23,-11,-32,-41,-47,-53,-71,-55,-44,-15,18,47,81,118,156,196,233,288,298,295,298,272,255,209,167,121,80,24,-26,-63,-106,-156,-183,-192,-209,-210,-210,-197,-172,-149,-118,-88,-58,-33,-13
29,34,36,44,61,80,97,112,132,150,165,183,184,181,175,158,135,108,84,57,30,10,-9,-16,-11,-5,15,46,114,145,187,232,267,305,333,359,378,394,392,376,357,326,296,251,213,168,124,71,30,-6,-45,-79,-107,-126,-147,-160
-18,-37,-58,-71,-62,-68,-49,-46,-25,-3,13,35,30,36,47,43,43,21,13,-1,-4,-19,-33,-40,-60,-66,-86,-110,-138,-143,-162,-184,-195,-212,-239,-262,-284,-308,-326,-342,-348,-353,-345,-341,-323,-300,-273,-246,-212,-180,-150,-122,-96,-83,-79,-84
176,195,202,207,193,184,165,142,113,80,56,38,15,-7,-17,-29,-41,-49,-43,-34,-8,16,43,74,110,148,192,233,297,306,320,325,308,302,274,240,210,165,124,77,45,-1,-45,-69,-99,-119,-138,-150,-146,-145,-132,-115,-104,-90,-77,-69
104,114,115,119,137,144,160,158,172,178,181,186,171,164,163,143,120,96,76,49,31,11,0,-12,-4,-3,14,44,101,120,165,200,239,272,308,338,365,380,400,398,394,385,350,335,291,257,213,159,122,63,21,-28,-72,-112,-151,-182
-137,-157,-175,-185,-174,-176,-160,-159,-147,-137,-133,-122,-135,-128,-120,-110,-99,-100,-80,-61,-34,-7,16,46,73,97,123,147,191,207,210,219,210,210,198,187,175,175,171,158,159,147,146,144,137,127,110,95,77,49,25,-7,-49,-80,-109,-132
160,181,200,206,206,198,193,183,179,169,169,163,162,162,154,147,134,119,100,66,35,4,-36,-72,-105,-141,-178,-211,-277,-290,-310,-316,-322,-322,-318,-319,-317,-321,-325,-320,-327,-324,-317,-320,-291,-276,-251,-217,-189,-144,-104,-61,-18,18,45,62
-149,-169,-189,-190,-184,-181,-174,-170,-160,-155,-153,-147,-155,-152,-143,-135,-117,-111,-87,-71,-36,-8,26,58,92,122,152,182,239,250,259,270,268,271,261,258,256,256,255,250,254,249,238,238,225,213,189,160,138,98,67,28,-15,-49,-73,-93
91,111,124,127,114,112,95,80,60,32,18,4,3,-5,-17,-22,-26,-19,-12,-8,1,19,37,44,75,87,108,139,181,205,229,250,277,276,318,320,307,345,511,240,354,166,400,295,299,266,255,203,197,138,107,54,11,-29,-54,-76
181,199,206,202,198,179,156,126,101,57,23,-6,-28,-53,-73,-86,-93,-89,-75,-65,-26,12,53,79,123,159,182,191,198,200,172,129,78,14,-15,-126,-186,-273,-146,-246,-452,-407,-512,-458,-338,-280,-305,-243,-205,-144,-75,-18,40,90,137,169
-13,2,23,37,42,38,38,29,17,-3,-9,-28,-25,-29,-32,-26,-23,-9,-1,7,7,21,21,26,37,38,47,60,61,47,63,62,64,91,88,121,168,166,-27,264,217,372,194,231,173,149,145,136,100,104,83,94,98,116,132,148
130,128,119,106,103,95,94,89,99,106,116,128,121,119,126,112,102,70,55,24,11,-13,-40,-57,-83,-92,-114,-142,-173,-173,-185,-198,-218,-209,-242,-255,-228,-268,-455,-165,-261,-101,-266,-207,-233,-237,-191,-166,-163,-129,-124,-106,-106,-106,-124,-143
-163,-190,-206,-212,-203,-200,-187,-182,-176,-167,-167,-161,-171,-164,-158,-146,-131,-124,-101,-67,-38,-10,30,66,98,130,166,205,272,280,282,313,314,311,304,328,276,332,414,104,330,96,379,248,245,239,221,180,175,125,96,46,0,-40,-64,-79
-155,-175,-185,-193,-181,-181,-162,-156,-132,-102,-79,-60,-38,-9,1,15,29,47,40,31,5,-15,-44,-75,-107,-146,-178,-212,-259,-258,-246,-231,-193,-167,-95,-66,-19,44,291,79,162,40,324,260,263,252,269,234,220,165,123,70,14,-33,-61,-102
-162,-174,-184,-184,-179,-177,-163,-162,-160,-158,-159,-166,-164,-159,-161,-146,-134,-116,-93,-57,-32,3,35,72,105,130,170,206,273,274,278,308,308,314,297,341,292,355,314,149,384,220,468,316,267,218,241,190,191,137,103,53,15,-21,-37,-49
-64,-57,-44,-38,-28,-30,-40,-39,-52,-69,-81,-90,-89,-91,-101,-96,-89,-58,-47,-24,-10,11,38,57,87,99,126,153,191,198,214,243,256,251,282,307,281,337,474,181,357,179,403,301,291,266,255,216,215,162,143,99,82,58,61,64
-64,-48,-31,-19,-13,-6,-11,-13,-18,-32,-45,-57,-49,-47,-51,-49,-43,-14,-10,2,7,16,31,22,44,40,43,45,36,46,47,42,52,56,91,63,106,55,158,269,55,227,-40,97,121,109,71,82,51,57,63,78,91,115,141,159
151,156,156,155,146,148,141,152,148,162,167,173,183,176,172,158,142,130,93,72,34,-9,-42,-80,-123,-158,-198,-236,-289,-308,-323,-324,-311,-327,-308,-301,-344,-308,-108,-417,-325,-461,-325,-334,-237,-185,-198,-161,-122,-103,-44,-1,47,83,113,144
95,111,125,134,121,121,94,80,65,32,10,1,-6,-16,-27,-34,-34,-19,-16,-5,4,17,45,48,88,99,126,164,220,237,253,288,317,302,343,373,346,416,511,231,421,198,416,317,319,312,278,224,202,154,102,51,2,-37,-72,-98
-85,-112,-139,-152,-138,-144,-129,-128,-114,-94,-88,-63,-78,-72,-64,-62,-57,-62,-49,-43,-22,-23,3,19,23,40,50,62,101,106,96,117,106,82,77,78,9,53,159,-172,-6,-226,-23,-81,-21,6,-11,-25,-17,-33,-44,-67,-96,-124,-145,-178
-7,-12,-21,-18,8,18,37,55,84,112,135,151,166,170,167,152,138,133,104,75,38,-4,-35,-71,-93,-124,-141,-153,-166,-140,-116,-93,-46,-21,61,77,124,150,405,303,211,190,205,260,337,362,280,262,228,177,148,95,55,5,-40,-61
-181,-201,-210,-213,-205,-200,-193,-186,-176,-171,-165,-154,-158,-151,-141,-129,-112,-105,-83,-64,-34,-12,22,41,61,84,96,113,137,138,131,132,121,91,71,59,-23,9,6,-264,-16,-155,75,-55,-134,-163,-92,-108,-97,-95,-107,-108,-123,-123,-139,-161
143,158,166,161,154,135,112,89,54,22,-8,-41,-59,-79,-84,-93,-95,-91,-78,-50,-21,12,42,80,100,132,157,179,190,172,162,122,68,37,-13,-98,-104,-203,-239,-102,-362,-291,-502,-394,-305,-263,-290,-247,-202,-154,-92,-45,9,49,94,135
161,179,186,189,187,182,168,166,161,148,142,132,129,128,114,100,90,89,74,49,29,10,-1,-30,-31,-45,-56,-62,-82,-66,-58,-47,-16,-19,38,38,60,75,299,147,93,90,26,114,193,221,157,153,138,112,117,111,101,101,111,117
180,197,196,200,190,192,180,185,182,179,181,176,184,180,165,150,133,124,102,67,35,3,-22,-61,-77,-102,-132,-152,-190,-185,-186,-169,-147,-148,-95,-83,-88,-36,203,-85,-3,-163,75,17,59,79,74,71,101,84,102,101,122,129,145,169
109,121,131,126,103,90,66,47,16,-19,-41,-68,-81,-97,-104,-100,-101,-95,-78,-51,-24,11,37,64,86,112,129,140,147,127,97,71,27,1,-75,-94,-144,-169,-371,-307,-222,-207,-205,-242,-288,-306,-227,-201,-167,-116,-81,-34,12,57,96,118
-107,-105,-93,-87,-82,-77,-79,-82,-83,-101,-110,-119,-112,-113,-119,-111,-103,-69,-52,-32,-13,11,47,55,97,111,129,157,187,212,219,234,255,235,293,279,287,290,506,335,279,287,140,251,319,324,250,222,195,151,139,111,87,79,97,102
-176,-191,-196,-197,-192,-190,-182,-183,-183,-175,-178,-172,-185,-178,-165,-147,-128,-120,-96,-70,-31,-15,13,44,53,77,92,102,126,103,91,92,45,44,-29,-28,-59,-83,-342,-131,-126,-77,-67,-131,-226,-256,-199,-186,-177,-144,-139,-121,-111,-100,-105,-101
78,104,124,139,134,134,113,110,94,69,62,40,50,46,33,33,23,39,36,29,20,21,15,3,9,2,-1,7,-6,-8,7,2,25,42,67,70,140,94,106,370,126,304,2,153,192,216,145,152,114,117,108,113,116,129,139,159
-175,-196,-207,-211,-201,-195,-188,-186,-178,-166,-163,-155,-162,-160,-146,-137,-119,-110,-86,-69,-31,-18,22,44,66,88,105,129,175,160,150,171,148,139,87,111,52,94,-92,-112,74,-33,162,18,-72,-102,-44,-60,-53,-53,-78,-94,-107,-127,-160,-177
-176,-189,-196,-189,-179,-168,-164,-161,-162,-162,-173,-180,-181,-175,-176,-163,-142,-117,-95,-58,-25,7,52,85,124,150,186,227,286,301,311,334,351,346,373,383,349,402,511,250,399,191,429,329,345,327,290,247,236,188,158,113,84,54,49,52
113,124,124,132,136,154,152,161,166,169,173,175,178,160,157,135,113,85,71,45,27,17,3,2,11,23,47,82,145,170,216,242,271,313,321,364,411,409,192,510,416,511,260,327,267,235,167,120,57,29,-24,-53,-89,-121,-164,-179
-130,-141,-152,-157,-166,-164,-170,-162,-159,-154,-146,-138,-116,-106,-95,-78,-59,-34,-28,-25,-19,-19,-21,-37,-54,-68,-109,-149,-228,-236,-266,-296,-308,-328,-311,-344,-312,-328,-194,-128,-296,-186,-313,-164,-53,14,-18,36,36,69,86,100,108,116,111,120
-47,-49,-60,-60,-55,-41,-27,-5,25,49,73,85,109,121,116,110,101,103,80,52,19,-12,-40,-80,-108,-141,-172,-207,-251,-245,-254,-247,-218,-222,-174,-138,-145,-74,82,-181,16,-140,135,56,66,85,117,108,132,115,109,99,103,93,87,87
-7,-12,-7,-16,-23,-42,-59,-76,-98,-114,-135,-153,-162,-159,-163,-153,-133,-108,-86,-60,-29,-10,22,37,51,51,49,30,-6,-16,-61,-88,-120,-177,-197,-256,-317,-341,-159,-410,-419,-500,-457,-410,-296,-229,-242,-184,-143,-95,-32,13,57,90,129,159
-21,-1,21,33,29,35,22,18,7,-17,-25,-44,-35,-39,-47,-44,-41,-19,-6,-1,2,28,29,37,52,58,74,90,97,93,115,112,113,150,148,174,236,232,32,327,319,426,391,328,222,167,199,172,153,148,126,111,122,121,128,147
4,22,41,51,52,51,43,36,27,1,-7,-22,-19,-19,-28,-28,-26,-6,0,-1,3,18,28,25,52,51,62,73,80,96,104,112,130,135,188,161,208,179,336,346,170,258,75,185,258,263,188,185,150,128,125,112,103,103,115,126
121,144,163,166,169,162,153,147,140,126,120,116,115,112,108,100,84,88,72,47,27,6,-19,-48,-63,-83,-109,-137,-190,-188,-191,-222,-210,-202,-177,-203,-152,-221,-211,6,-202,11,-222,-110,-123,-127,-115,-83,-88,-52,-29,4,43,78,103,122
-84,-84,-85,-77,-62,-39,-12,12,39,75,101,128,143,147,154,149,135,117,93,67,33,6,-24,-40,-56,-64,-63,-44,1,24,64,110,169,206,237,310,318,367,262,286,444,467,415,360,259,203,180,120,65,25,-28,-55,-95,-113,-141,-159
-89,-106,-124,-131,-125,-119,-106,-87,-72,-43,-29,-8,4,9,14,16,20,18,9,8,-1,-22,-29,-40,-70,-88,-109,-132,-165,-199,-229,-233,-265,-275,-329,-310,-346,-320,-512,-475,-332,-346,-209,-308,-382,-390,-295,-262,-224,-170,-142,-96,-47,-16,7,25
87,88,89,75,48,27,-8,-29,-67,-97,-123,-146,-153,-159,-164,-150,-134,-115,-84,-66,-35,-12,7,18,16,8,-13,-46,-116,-158,-197,-246,-278,-306,-325,-332,-337,-329,-311,-272,-237,-189,-141,-102,-47,-3,32,67,89,107,112,104,98,83,71,53
-159,-175,-186,-184,-187,-182,-174,-158,-146,-131,-116,-105,-74,-65,-56,-40,-27,-10,-6,-1,-9,-17,-30,-42,-67,-91,-126,-161,-234,-250,-279,-298,-311,-318,-318,-313,-306,-293,-277,-248,-227,-191,-159,-131,-94,-57,-31,0,18,42,64,84,100,115,126,137
-133,-156,-166,-172,-175,-168,-156,-149,-139,-126,-114,-101,-98,-95,-85,-77,-67,-69,-53,-46,-24,-11,3,16,24,35,43,44,54,55,44,36,19,2,-23,-46,-73,-87,-112,-135,-139,-161,-161,-164,-157,-151,-142,-133,-124,-110,-106,-100,-106,-112,-121,-134
165,176,173,172,157,158,154,157,156,162,172,175,182,175,175,162,145,122,97,64,31,-7,-46,-83,-121,-156,-193,-232,-297,-310,-331,-345,-351,-352,-359,-360,-369,-376,-383,-378,-381,-373,-362,-354,-331,-308,-274,-238,-201,-162,-115,-70,-20,14,35,54
172,194,203,214,201,198,187,181,172,159,150,137,143,134,123,111,96,96,76,57,31,14,-9,-32,-47,-67,-83,-92,-114,-121,-115,-107,-86,-69,-42,-13,20,36,48,77,85,105,113,113,113,112,113,111,105,101,100,98,117,130,144,162
-109,-111,-109,-105,-110,-103,-110,-114,-124,-134,-139,-143,-144,-146,-139,-133,-120,-100,-84,-57,-30,4,31,60,91,110,136,162,207,211,215,218,204,194,184,160,146,125,109,84,76,58,42,31,24,9,1,-14,-21,-31,-44,-61,-85,-104,-121,-139
174,194,210,214,207,200,192,185,181,177,172,167,168,168,157,147,132,118,96,63,34,2,-35,-70,-106,-130,-166,-198,-264,-278,-290,-295,-297,-296,-288,-283,-277,-273,-270,-260,-263,-262,-246,-250,-229,-215,-195,-161,-140,-101,-65,-20,26,66,95,119
88,111,128,140,129,130,114,112,94,77,67,45,56,48,35,33,29,37,34,29,19,16,12,-1,4,-4,-6,1,-1,-6,1,12,27,38,64,87,112,132,146,164,171,181,177,172,166,159,144,138,122,112,99,96,104,110,125,138
134,135,126,114,106,105,103,105,113,122,135,147,153,151,151,139,127,99,76,46,18,-15,-50,-78,-115,-136,-173,-211,-263,-273,-298,-310,-323,-324,-342,-353,-367,-379,-399,-399,-405,-403,-390,-387,-355,-335,-298,-259,-229,-187,-147,-110,-74,-55,-42,-41
178,195,206,210,203,195,185,177,162,151,140,127,130,116,105,93,77,80,64,51,28,19,4,-10,-9,-21,-24,-13,-12,-7,10,29,55,78,114,146,180,213,234,264,276,288,297,287,288,268,252,229,204,173,149,121,101,88,78,76
104,116,123,120,105,85,65,40,10,-25,-53,-77,-103,-116,-121,-124,-116,-105,-87,-59,-24,8,43,74,98,118,140,153,165,149,123,92,51,13,-42,-96,-146,-196,-238,-272,-301,-325,-330,-335,-317,-300,-274,-234,-202,-150,-100,-49,-1,43,87,116
84,74,61,51,45,42,41,52,59,77,91,105,112,111,115,104,96,78,54,31,8,-15,-40,-63,-89,-111,-138,-170,-206,-220,-232,-253,-260,-277,-294,-310,-332,-352,-369,-376,-380,-384,-375,-366,-346,-315,-289,-249,-219,-185,-154,-119,-92,-77,-70,-74
-140,-145,-136,-129,-129,-123,-122,-117,-125,-135,-140,-151,-147,-148,-149,-138,-126,-99,-80,-48,-25,10,41,72,107,129,165,197,248,256,272,292,291,299,314,324,341,348,354,362,368,371,352,347,324,298,269,237,207,166,135,96,66,44,39,34
-168,-191,-208,-209,-212,-198,-200,-190,-182,-177,-177,-172,-170,-166,-165,-155,-138,-117,-98,-63,-34,4,39,78,115,141,182,224,284,299,314,324,327,334,334,330,333,337,341,335,344,338,330,327,306,289,262,224,198,150,110,66,17,-15,-41,-55
96,93,80,68,56,58,55,61,63,77,85,101,104,103,103,97,87,61,47,23,7,-15,-38,-54,-78,-90,-112,-139,-166,-168,-183,-192,-206,-212,-229,-247,-264,-277,-288,-299,-303,-311,-292,-290,-261,-250,-222,-196,-171,-146,-123,-109,-97,-96,-102,-115
138,142,138,132,131,126,129,132,136,144,154,158,157,158,155,141,127,108,87,54,28,-9,-43,-74,-109,-134,-171,-208,-265,-276,-293,-303,-310,-306,-304,-310,-303,-303,-304,-298,-296,-293,-274,-270,-250,-234,-205,-171,-148,-106,-69,-28,19,53,78,100
160,179,191,194,178,172,142,119,90,59,33,15,-19,-38,-42,-48,-54,-67,-53,-42,-12,19,45,78,115,154,195,231,300,304,310,318,298,285,254,221,185,144,101,57,23,-27,-62,-93,-114,-139,-147,-156,-154,-143,-133,-122,-108,-92,-79,-70
178,193,204,200,202,189,175,145,127,99,77,61,37,14,8,-6,-19,-26,-23,-15,-1,23,40,71,100,134,174,219,285,304,317,344,339,351,322,338,293,286,85,198,261,336,101,119,50,34,-23,-48,-80,-83,-96,-103,-108,-117,-131,-137
134,157,177,183,179,175,163,155,141,125,113,96,97,92,82,71,61,65,56,39,26,8,0,-21,-22,-36,-47,-48,-66,-65,-51,-47,-22,-16,34,31,47,50,282,152,58,15,6,52,145,176,106,120,108,100,110,108,125,131,141,167
-73,-67,-58,-44,-38,-43,-44,-58,-72,-90,-104,-120,-124,-128,-131,-121,-113,-87,-68,-38,-15,16,46,80,111,133,173,216,273,276,302,321,325,348,340,378,402,414,193,499,450,511,306,396,384,368,294,255,206,170,130,81,44,6,-31,-42
-106,-117,-119,-123,-131,-135,-141,-140,-143,-138,-142,-138,-132,-123,-116,-102,-79,-70,-54,-42,-20,-17,-8,-7,-10,-17,-35,-64,-113,-130,-160,-191,-215,-253,-255,-297,-323,-329,-162,-369,-365,-460,-269,-293,-235,-203,-158,-118,-69,-39,2,33,65,94,124,145
152,164,162,156,139,144,136,144,151,155,164,173,181,180,175,164,145,132,100,64,30,-5,-43,-87,-119,-149,-192,-236,-301,-301,-318,-340,-317,-339,-309,-330,-352,-343,-117,-392,-371,-484,-351,-345,-275,-221,-221,-197,-137,-117,-61,-22,35,62,99,131
-148,-171,-179,-190,-185,-175,-161,-149,-134,-107,-97,-75,-72,-65,-52,-47,-37,-32,-29,-24,-17,-23,-18,-21,-35,-39,-54,-75,-97,-116,-152,-160,-186,-208,-258,-245,-311,-286,-459,-480,-290,-337,-201,-296,-365,-374,-285,-258,-222,-177,-147,-104,-64,-26,-2,12
-15,3,19,31,25,32,14,14,-6,-23,-41,-61,-52,-54,-67,-64,-60,-35,-25,-7,2,19,39,49,74,78,99,130,164,170,185,212,229,231,280,286,279,326,511,230,331,149,375,286,321,293,269,237,227,181,162,123,102,79,82,87
-136,-152,-163,-163,-141,-127,-100,-74,-39,-3,29,56,79,99,109,107,103,111,87,67,26,-13,-46,-86,-114,-152,-181,-203,-239,-224,-202,-196,-146,-119,-51,-28,65,76,250,337,163,212,152,232,319,342,268,259,228,182,148,92,47,-3,-51,-78
-158,-184,-201,-209,-196,-198,-177,-177,-171,-159,-157,-155,-162,-156,-149,-142,-126,-121,-99,-67,-38,-8,25,67,90,121,154,190,259,257,270,287,274,291,247,288,270,300,119,177,342,286,443,311,214,160,210,164,149,113,66,17,-23,-63,-91,-119
125,143,154,160,154,146,137,123,110,87,75,56,52,48,34,31,18,25,22,15,12,19,24,18,39,41,53,70,92,116,136,155,186,191,247,245,258,286,499,262,295,188,259,252,314,315,264,221,208,158,135,91,55,22,11,-4
66,85,98,112,101,99,85,74,49,30,8,-4,-4,-15,-30,-26,-23,-18,-14,8,9,22,29,49,62,65,92,120,164,167,180,225,236,250,272,326,297,380,454,179,415,201,496,333,333,302,293,244,236,182,160,103,73,37,26,20
-127,-129,-134,-124,-117,-113,-120,-119,-117,-126,-134,-137,-144,-140,-137,-127,-113,-103,-74,-61,-28,4,38,61,105,130,157,192,231,254,267,273,268,279,291,259,305,268,224,443,257,415,179,277,268,245,206,192,140,116,71,41,-1,-27,-55,-72
126,137,155,157,129,123,92,71,33,-1,-30,-53,-78,-95,-103,-103,-104,-105,-89,-57,-18,11,50,86,115,151,186,213,260,246,232,228,200,154,107,87,-14,-13,5,-331,-150,-416,-175,-315,-284,-286,-273,-266,-217,-192,-140,-107,-65,-37,7,33
85,111,138,148,138,143,126,131,114,104,98,83,94,87,86,81,74,76,66,52,30,16,-14,-34,-58,-81,-101,-123,-165,-186,-194,-196,-196,-189,-194,-155,-180,-133,-223,-278,-83,-108,-8,-93,-151,-180,-115,-108,-93,-66,-43,-4,26,64,97,114
-88,-80,-66,-53,-60,-51,-62,-59,-75,-92,-102,-121,-110,-119,-122,-112,-107,-74,-57,-33,-18,20,43,73,102,116,156,186,233,240,253,270,274,302,294,335,376,383,177,444,457,511,400,430,377,333,310,274,217,193,146,116,83,65,53,51
4,-13,-24,-35,-32,-33,-20,-17,6,20,38,55,53,58,67,62,56,37,29,8,-1,-17,-40,-48,-75,-81,-101,-130,-168,-187,-189,-227,-243,-237,-283,-290,-280,-318,-512,-292,-296,-217,-217,-255,-334,-339,-258,-237,-203,-163,-139,-108,-68,-48,-39,-34
4,12,23,33,36,30,22,10,-2,-20,-34,-48,-54,-61,-65,-63,-60,-45,-32,-18,-3,13,34,51,76,90,112,141,182,189,204,231,244,255,257,301,285,333,241,245,406,399,439,371,296,246,258,220,177,149,103,70,30,11,-12,-30
172,190,210,215,195,199,187,187,172,173,174,168,174,168,163,154,140,121,96,70,38,0,-41,-73,-117,-147,-186,-225,-280,-302,-323,-321,-321,-329,-332,-304,-360,-307,-244,-512,-300,-507,-204,-343,-325,-317,-263,-244,-179,-156,-98,-63,-13,14,42,63
41,43,47,36,25,-1,-20,-44,-66,-97,-122,-139,-151,-156,-157,-143,-134,-107,-89,-66,-32,0,25,40,58,62,60,47,5,-15,-51,-96,-142,-183,-218,-292,-282,-362,-349,-194,-425,-310,-512,-363,-273,-204,-220,-150,-131,-68,-21,25,72,105,132,159
-106,-107,-101,-91,-92,-84,-95,-94,-113,-123,-132,-146,-147,-148,-147,-136,-124,-102,-82,-50,-24,14,42,83,114,139,178,218,285,281,305,316,310,332,316,326,372,342,177,506,346,511,210,320,316,312,238,215,159,130,85,51,4,-34,-69,-86
142,158,169,179,180,194,184,191,171,155,135,124,103,77,59,32,15,1,-8,-7,7,20,52,69,114,147,186,226,288,297,308,300,285,234,208,141,41,-5,147,-243,-204,-433,-251,-356,-305,-307,-293,-279,-223,-190,-128,-86,-21,18,69,111
-18,-37,-57,-74,-57,-62,-51,-50,-34,-11,-6,15,8,14,22,18,18,3,1,-5,-2,-24,-23,-26,-45,-47,-56,-68,-72,-83,-99,-97,-107,-130,-156,-147,-218,-181,-152,-413,-214,-416,-161,-266,-257,-231,-199,-197,-150,-139,-115,-110,-97,-103,-113,-119
160,174,186,189,171,175,159,158,156,153,161,158,161,159,161,150,134,108,92,53,27,-5,-43,-77,-106,-126,-171,-206,-275,-271,-288,-310,-315,-310,-306,-345,-308,-367,-343,-170,-393,-230,-478,-335,-271,-234,-252,-203,-196,-154,-111,-65,-30,0,18,23
-176,-200,-206,-209,-206,-198,-183,-175,-170,-159,-147,-144,-144,-137,-120,-104,-91,-87,-75,-53,-31,-4,7,37,40,61,73,84,91,92,89,60,33,32,3,-62,-34,-129,-165,46,-207,-19,-326,-172,-139,-115,-157,-134,-147,-129,-116,-104,-113,-118,-124,-136
158,177,183,176,184,172,171,161,160,163,160,167,165,163,161,148,135,114,88,64,31,-5,-35,-76,-110,-141,-176,-216,-264,-279,-300,-302,-293,-321,-304,-310,-358,-339,-163,-445,-392,-512,-398,-409,-318,-267,-285,-238,-198,-167,-113,-78,-39,-17,1,11
-36,-26,-16,-11,-4,-8,-18,-24,-43,-63,-74,-91,-93,-100,-108,-100,-93,-72,-56,-29,-10,13,43,67,97,112,149,184,241,244,260,291,300,309,310,354,323,381,338,212,441,332,511,386,307,241,275,224,198,153,105,59,13,-17,-35,-60
27,22,20,6,-19,-41,-65,-85,-108,-136,-145,-171,-155,-156,-157,-138,-116,-92,-68,-43,-30,-9,-7,2,-19,-34,-58,-99,-183,-213,-250,-291,-316,-315,-334,-326,-276,-277,-403,-39,-152,97,-129,16,65,101,104,137,124,135,122,116,91,75,45,20
111,131,144,155,140,141,125,122,102,80,74,50,46,39,30,31,20,18,19,16,12,16,10,16,21,30,37,62,78,69,102,109,120,160,159,197,254,250,93,396,332,483,360,378,294,251,262,235,197,174,129,104,82,69,58,51
-44,-59,-85,-96,-93,-96,-81,-81,-54,-43,-26,-11,-18,-10,1,0,-1,-15,-15,-26,-20,-16,-19,-17,-15,-7,-12,-23,-28,-15,-18,-47,-60,-67,-73,-141,-125,-202,-134,-23,-264,-119,-391,-221,-151,-113,-160,-125,-137,-118,-111,-97,-114,-119,-142,-160
175,196,208,216,202,197,190,191,182,172,174,156,162,162,149,137,122,114,93,62,29,11,-25,-52,-70,-95,-116,-139,-186,-185,-183,-189,-184,-162,-122,-140,-78,-114,26,96,-105,-23,-195,-77,29,66,1,27,31,35,68,81,109,126,154,180
-160,-175,-185,-187,-186,-173,-170,-161,-158,-148,-143,-135,-136,-136,-122,-110,-98,-94,-77,-51,-27,-10,9,37,45,63,81,92,120,106,102,101,71,78,20,23,13,-8,-234,-18,-31,42,13,-17,-104,-125,-90,-86,-93,-80,-91,-91,-103,-109,-128,-145
109,126,140,146,149,135,131,108,94,67,50,29,19,12,3,2,-6,1,3,11,10,21,30,37,61,70,90,118,151,166,187,213,233,253,279,304,329,350,374,383,396,390,389,378,359,332,304,262,230,178,140,98,51,21,-5,-21
-169,-187,-192,-193,-174,-161,-135,-111,-76,-41,-6,22,51,73,85,95,94,99,83,60,21,-12,-49,-83,-114,-147,-176,-196,-212,-201,-172,-145,-93,-47,14,80,144,197,254,300,330,355,373,376,358,332,304,254,206,155,100,39,-18,-70,-113,-150
-16,-17,-16,-13,4,20,42,66,89,115,137,158,174,180,178,169,152,129,104,72,35,5,-30,-61,-71,-85,-94,-84,-65,-43,-5,26,80,124,173,222,273,313,348,380,398,402,397,387,355,319,285,239,194,139,80,27,-30,-75,-122,-157
135,161,183,192,180,181,169,164,153,136,131,121,134,129,123,113,99,96,78,61,35,13,-19,-45,-73,-98,-129,-150,-199,-210,-219,-231,-219,-214,-202,-193,-174,-176,-178,-163,-162,-156,-146,-153,-146,-132,-117,-98,-83,-54,-23,14,51,88,122,148
53,52,43,34,27,21,16,14,14,15,15,12,13,8,1,-5,-10,-12,-15,-13,-12,-6,4,16,27,36,51,66,96,102,111,115,118,124,126,127,133,135,139,139,139,138,131,126,110,102,86,73,59,47,39,36,40,46,53,61
-135,-155,-176,-180,-171,-169,-148,-144,-125,-108,-94,-73,-77,-70,-55,-48,-38,-46,-37,-35,-22,-17,-10,-3,-7,-3,-5,-17,-27,-32,-47,-68,-87,-104,-140,-163,-196,-225,-246,-270,-279,-287,-290,-282,-274,-257,-238,-216,-191,-167,-140,-117,-102,-92,-93,-95
52,46,30,18,22,22,28,28,44,59,72,88,83,84,93,84,77,62,47,24,10,-15,-37,-57,-81,-99,-122,-153,-185,-201,-216,-234,-247,-256,-273,-287,-306,-320,-335,-345,-344,-349,-343,-336,-313,-292,-266,-232,-204,-167,-138,-103,-73,-54,-47,-43
-23,-8,10,23,15,23,13,10,-4,-21,-33,-51,-46,-49,-54,-51,-49,-26,-20,-2,0,18,28,40,55,58,73,92,115,115,127,140,156,165,184,201,224,242,253,262,269,271,271,257,250,230,205,184,159,140,120,107,96,96,106,115
174,193,206,209,200,198,186,184,177,175,173,176,176,175,169,154,139,117,97,65,35,-2,-43,-80,-119,-143,-187,-223,-290,-304,-319,-336,-336,-338,-340,-337,-340,-350,-351,-348,-346,-342,-337,-329,-319,-294,-268,-226,-196,-155,-114,-63,-21,10,38,49
124,125,123,114,119,111,121,124,137,153,162,170,168,170,167,158,141,121,94,65,30,-8,-46,-80,-123,-155,-191,-229,-291,-310,-313,-340,-328,-326,-322,-317,-302,-306,-300,-284,-281,-257,-246,-228,-216,-186,-164,-132,-104,-67,-34,8,60,92,128,155
94,110,131,147,134,135,116,108,90,74,57,38,35,25,16,12,11,14,21,15,13,18,16,14,29,27,35,56,67,71,91,103,128,141,169,194,225,246,273,294,302,301,306,296,286,269,245,220,197,167,141,117,102,95,85,92
-34,-38,-37,-46,-72,-80,-107,-115,-137,-159,-172,-188,-179,-176,-174,-154,-133,-116,-91,-62,-32,-9,7,23,22,27,15,-15,-65,-93,-133,-179,-217,-261,-298,-335,-364,-388,-397,-392,-390,-373,-352,-324,-280,-237,-195,-141,-101,-43,2,42,86,119,154,178
-145,-158,-168,-170,-175,-175,-172,-160,-152,-145,-136,-130,-112,-94,-86,-71,-54,-39,-26,-18,-15,-16,-23,-30,-50,-67,-99,-136,-204,-230,-252,-288,-297,-317,-325,-329,-328,-329,-314,-288,-272,-230,-207,-172,-147,-98,-69,-33,-7,23,48,69,96,112,132,141
-79,-74,-55,-45,-40,-41,-42,-43,-54,-76,-87,-102,-101,-101,-107,-98,-88,-63,-46,-22,-6,18,41,58,87,101,124,156,185,189,204,225,228,244,261,283,301,320,339,349,356,360,346,342,316,292,266,237,207,173,148,122,105,94,101,109
146,155,153,151,142,147,144,159,160,169,175,174,189,185,174,162,147,136,108,78,37,2,-37,-71,-102,-134,-162,-189,-236,-247,-246,-252,-234,-219,-196,-171,-147,-128,-103,-76,-59,-30,-22,-9,1,18,31,38,49,53,70,80,110,126,147,167
169,181,184,181,185,176,174,175,181,183,182,176,181,183,165,152,136,118,96,71,33,4,-27,-57,-74,-101,-120,-132,-161,-162,-147,-140,-112,-91,-58,-19,9,39,71,106,123,145,152,162,163,169,166,161,153,134,127,112,116,117,118,122
-137,-141,-136,-127,-123,-116,-120,-125,-131,-146,-153,-165,-173,-165,-164,-151,-135,-120,-89,-64,-28,10,45,76,125,154,192,228,289,308,319,347,345,350,359,365,368,383,384,378,377,366,362,343,332,295,265,227,197,156,111,60,8,-26,-52,-75
-67,-75,-79,-88,-96,-112,-124,-132,-140,-147,-157,-162,-153,-147,-142,-127,-105,-80,-61,-41,-25,-13,-3,1,-6,-13,-37,-69,-134,-157,-196,-234,-259,-284,-312,-324,-341,-343,-340,-324,-308,-276,-245,-212,-178,-133,-94,-55,-25,9,42,70,94,112,133,143
25,48,64,79,74,78,58,59,40,23,7,-4,-3,-8,-17,-17,-12,-5,2,11,11,12,22,25,34,35,44,58,71,74,80,108,122,130,160,192,164,228,390,92,238,63,280,189,217,206,186,162,167,130,128,107,104,98,109,122
93,98,95,83,79,64,61,53,49,54,51,46,42,35,24,16,9,-2,-9,-13,-13,-13,-1,14,29,42,63,85,134,148,158,176,184,182,198,198,189,205,322,165,189,110,152,143,165,168,116,100,78,59,56,53,59,68,82,93
95,112,115,130,138,150,161,163,174,164,166,165,148,132,129,104,80,61,39,20,14,23,29,37,69,91,128,174,244,272,318,322,335,329,343,276,286,202,280,290,32,83,-188,-84,-44,-45,-142,-139,-155,-155,-135,-116,-97,-72,-65,-38
134,139,137,129,128,129,133,146,143,158,169,166,181,179,171,163,143,128,98,76,33,5,-42,-70,-114,-146,-172,-197,-244,-267,-262,-268,-262,-225,-238,-190,-139,-144,-318,32,-49,158,-14,50,12,1,29,46,45,53,67,85,112,132,149,168
57,47,35,22,17,5,2,1,2,6,4,3,0,-5,-14,-20,-21,-23,-23,-23,-17,-9,5,18,39,54,70,91,124,136,146,159,163,160,175,173,162,186,279,114,189,92,224,165,149,130,126,102,99,73,63,50,54,58,70,79
-59,-79,-98,-110,-110,-105,-92,-80,-73,-44,-33,-15,-11,-10,-1,-2,4,-8,-15,-9,-10,-19,-23,-14,-42,-38,-47,-56,-55,-86,-94,-87,-122,-127,-190,-158,-215,-163,-325,-419,-204,-426,-124,-280,-295,-263,-230,-212,-191,-149,-150,-126,-120,-109,-120,-133
174,191,205,206,203,201,193,176,161,138,119,108,85,59,55,39,14,1,-8,-5,6,22,39,66,88,126,166,212,286,303,318,334,326,344,301,313,291,264,31,146,208,244,121,69,-27,-82,-77,-101,-121,-122,-130,-117,-117,-102,-95,-92
112,121,127,126,109,104,81,62,32,5,-19,-38,-60,-74,-71,-77,-74,-76,-65,-42,-19,13,38,71,101,126,161,185,216,214,213,198,159,149,98,61,57,-16,-157,82,-141,-23,-317,-207,-188,-160,-212,-184,-180,-149,-118,-86,-54,-31,-12,13
173,182,188,178,169,162,156,155,161,162,168,175,184,176,177,164,144,123,97,59,25,-10,-50,-84,-121,-150,-188,-230,-297,-310,-324,-347,-366,-352,-377,-378,-342,-387,-512,-241,-383,-173,-422,-319,-329,-318,-280,-235,-221,-166,-136,-89,-43,-7,7,13
26,25,16,1,-14,-44,-70,-97,-122,-143,-156,-179,-184,-180,-178,-154,-133,-97,-76,-45,-36,-18,-15,-4,-25,-53,-79,-122,-207,-246,-294,-320,-350,-345,-378,-324,-311,-255,-435,-234,-77,49,88,98,55,65,146,152,155,159,133,114,91,67,41,10
-22,-10,2,10,15,10,4,-11,-29,-47,-71,-83,-87,-92,-96,-94,-88,-65,-49,-26,-6,16,48,65,105,119,152,184,241,271,273,315,329,316,368,358,352,377,511,376,345,280,228,283,385,380,280,257,213,164,135,90,35,4,-26,-39
-16,-20,-25,-37,-59,-79,-105,-118,-137,-159,-170,-183,-178,-169,-167,-149,-132,-93,-76,-52,-31,-9,3,7,3,-10,-34,-75,-160,-178,-223,-267,-303,-336,-339,-400,-387,-409,-224,-277,-406,-401,-371,-286,-149,-75,-79,-22,23,47,84,97,119,119,127,139
180,200,208,203,207,198,189,179,176,175,174,192,179,178,178,166,145,122,94,56,29,-9,-46,-85,-123,-141,-182,-225,-274,-275,-291,-319,-330,-326,-337,-364,-320,-389,-512,-207,-380,-167,-419,-299,-314,-296,-253,-218,-203,-167,-151,-125,-118,-106,-119,-140
166,172,171,159,166,152,153,140,152,156,161,179,165,167,171,153,139,114,86,48,25,-15,-47,-87,-117,-135,-180,-223,-289,-275,-294,-325,-322,-339,-332,-388,-363,-433,-372,-224,-471,-277,-512,-380,-332,-294,-300,-240,-236,-185,-157,-109,-86,-59,-66,-68
44,53,58,66,87,101,117,121,140,150,155,169,150,141,137,112,92,74,53,30,20,18,21,21,49,67,102,140,205,249,274,308,314,306,324,279,250,214,376,142,47,-103,-65,-108,-72,-87,-139,-153,-139,-141,-121,-110,-82,-69,-40,-16
166,183,195,202,199,199,194,182,162,142,124,108,79,56,38,25,6,-15,-17,-7,8,26,46,73,103,134,179,227,304,303,314,326,311,295,243,240,147,151,48,-180,29,-143,48,-124,-212,-267,-200,-219,-186,-177,-148,-118,-80,-43,-5,20
-113,-110,-105,-100,-96,-91,-113,-114,-124,-140,-154,-159,-162,-159,-164,-153,-136,-114,-93,-61,-25,8,51,83,125,152,191,227,293,314,320,344,345,330,349,336,297,325,509,161,283,67,275,184,218,207,169,131,122,78,51,1,-44,-90,-120,-145
107,105,100,97,94,97,102,113,131,145,156,162,170,176,163,156,139,126,101,65,32,-9,-44,-86,-119,-151,-192,-230,-283,-288,-307,-302,-281,-281,-258,-225,-262,-200,-118,-386,-112,-217,73,-56,-103,-118,-26,-25,-2,21,27,54,88,123,153,171
-136,-155,-174,-178,-167,-166,-154,-153,-140,-124,-124,-107,-117,-113,-103,-96,-83,-79,-66,-49,-24,-14,17,33,53,72,89,99,129,149,137,145,148,120,130,92,50,39,234,20,-37,-90,-131,-59,26,59,-6,-2,-13,-30,-34,-49,-86,-108,-133,-155
-110,-107,-95,-92,-88,-83,-80,-79,-89,-99,-103,-122,-117,-112,-116,-108,-92,-81,-59,-33,-17,16,32,64,89,107,136,168,209,205,227,236,229,263,247,278,308,315,146,355,375,403,459,367,275,221,236,210,181,159,121,91,75,54,42,44
-10,-15,-23,-15,8,16,36,49,78,101,115,131,134,140,140,127,115,106,86,55,25,-5,-25,-52,-61,-73,-86,-84,-72,-55,-25,-1,36,72,125,145,211,203,316,398,234,264,188,245,292,302,225,201,169,122,86,39,1,-46,-86,-108
-38,-43,-46,-55,-74,-87,-108,-118,-133,-148,-157,-167,-159,-154,-152,-136,-116,-83,-69,-50,-28,-10,4,4,1,-6,-30,-63,-129,-150,-188,-224,-252,-292,-293,-349,-351,-377,-209,-272,-386,-374,-384,-289,-171,-96,-111,-52,-21,18,57,79,105,115,128,144
-163,-178,-192,-194,-199,-192,-194,-176,-158,-132,-104,-75,-51,-22,1,16,35,48,44,32,5,-17,-51,-87,-118,-161,-195,-226,-263,-253,-235,-218,-165,-122,-46,-11,95,118,318,375,230,222,250,292,345,346,283,246,215,150,104,36,-24,-82,-121,-157
159,176,181,185,192,177,174,154,134,112,88,76,52,34,22,7,-4,-20,-22,-6,6,21,44,63,92,118,156,192,263,278,281,306,305,283,261,257,173,193,236,-87,68,-171,46,-99,-107,-135,-138,-158,-133,-138,-119,-111,-91,-84,-70,-52
0,-1,-4,-7,-27,-46,-68,-86,-108,-132,-153,-170,-181,-184,-178,-165,-149,-121,-96,-68,-32,-10,23,40,47,49,46,25,-9,-48,-93,-126,-168,-213,-273,-280,-341,-337,-512,-404,-345,-191,-379,-300,-305,-252,-233,-167,-149,-83,-37,25,73,110,145,176
2,1,1,5,34,39,70,77,105,126,144,161,159,161,156,147,122,106,86,59,26,10,-18,-30,-34,-39,-26,-4,39,53,101,133,163,219,235,293,342,361,172,412,426,494,438,376,266,192,198,149,107,57,4,-39,-75,-106,-139,-160
-20,-4,17,28,41,37,31,24,19,-4,-7,-31,-29,-33,-35,-29,-28,-9,-1,8,9,18,20,24,34,35,45,63,68,51,61,63,70,92,86,139,155,184,24,140,267,302,306,245,160,115,150,126,112,104,91,89,96,114,129,147
84,102,113,118,113,109,84,72,50,27,2,-13,-9,-22,-34,-39,-39,-26,-17,-7,0,18,41,53,89,102,130,162,208,241,259,288,310,310,362,347,353,370,511,349,358,207,327,285,348,338,272,232,209,152,122,65,20,-27,-58,-80
47,52,57,47,15,-2,-31,-52,-79,-113,-134,-161,-171,-172,-179,-160,-144,-126,-96,-70,-35,-8,17,41,41,49,38,16,-30,-75,-127,-167,-212,-252,-314,-309,-373,-355,-469,-512,-300,-362,-146,-235,-271,-259,-144,-107,-49,-9,28,61,93,121,154,165
-134,-151,-161,-171,-174,-184,-183,-183,-177,-158,-145,-137,-115,-89,-80,-52,-33,2,7,12,-3,-24,-40,-67,-103,-147,-186,-231,-291,-308,-323,-313,-279,-257,-225,-138,-125,-15,6,-101,206,113,416,298,245,221,284,245,236,193,142,86,33,-12,-46,-90
43,48,58,55,32,27,-7,-27,-45,-80,-99,-114,-126,-135,-137,-125,-124,-107,-85,-64,-30,9,38,66,93,123,144,157,171,160,149,105,66,48,-12,-67,-62,-159,-341,-72,-234,-91,-290,-228,-275,-284,-249,-221,-214,-159,-134,-84,-49,-3,25,50
-135,-158,-167,-173,-179,-187,-185,-184,-169,-155,-137,-123,-100,-72,-57,-40,-18,11,13,14,-6,-21,-44,-74,-104,-149,-184,-230,-290,-297,-299,-295,-263,-242,-163,-140,-77,-21,265,52,127,-3,322,253,277,261,286,254,241,183,138,83,18,-29,-67,-109
183,196,199,200,190,186,173,165,170,163,171,182,187,180,178,166,144,127,97,64,31,-3,-44,-85,-120,-148,-186,-225,-293,-297,-303,-346,-345,-341,-347,-386,-351,-435,-498,-215,-428,-199,-433,-317,-343,-335,-291,-246,-227,-180,-150,-112,-83,-58,-54,-60
58,57,60,54,33,10,-14,-39,-69,-101,-122,-155,-174,-176,-176,-166,-149,-129,-104,-67,-38,0,18,47,53,56,55,35,-10,-45,-98,-141,-197,-221,-293,-310,-332,-366,-512,-281,-376,-164,-436,-302,-255,-193,-187,-125,-101,-36,8,57,99,130,146,172
99,111,109,102,92,85,75,73,69,70,71,69,65,60,50,40,29,17,5,-4,-8,-11,-9,0,10,26,38,56,98,117,130,144,154,162,168,174,182,197,205,208,216,214,219,210,198,183,161,139,119,94,77,65,62,64,71,86
46,39,30,22,15,20,28,44,58,78,96,109,120,124,121,114,106,91,70,44,22,-12,-45,-75,-115,-143,-175,-212,-269,-290,-309,-333,-336,-340,-357,-360,-370,-384,-390,-386,-385,-370,-366,-344,-332,-291,-263,-223,-189,-143,-99,-52,1,41,70,94
-98,-118,-139,-147,-155,-146,-142,-130,-116,-102,-89,-73,-70,-69,-60,-57,-54,-49,-47,-34,-22,-11,2,24,29,43,51,60,84,90,88,89,72,67,43,26,4,-4,-12,-33,-33,-45,-46,-44,-36,-38,-38,-40,-40,-48,-53,-71,-97,-123,-153,-179
132,155,175,179,179,173,163,157,146,137,136,126,133,128,121,112,101,95,78,57,31,11,-19,-48,-76,-101,-128,-149,-193,-206,-209,-221,-212,-209,-202,-189,-179,-178,-170,-160,-160,-153,-149,-145,-139,-126,-113,-94,-81,-54,-26,9,49,79,110,131
-92,-108,-112,-124,-146,-157,-171,-172,-178,-179,-174,-170,-143,-126,-116,-94,-69,-46,-28,-18,-24,-13,-21,-49,-79,-104,-145,-201,-281,-303,-330,-350,-339,-334,-315,-275,-245,-198,-149,-86,-42,19,70,112,141,175,187,195,191,171,148,117,83,45,17,-14
-129,-133,-128,-123,-124,-118,-127,-135,-146,-159,-165,-173,-179,-176,-169,-157,-139,-128,-99,-70,-31,6,44,79,120,148,182,217,274,283,291,297,286,276,260,244,224,208,192,165,161,137,120,105,93,70,52,29,12,-8,-30,-57,-96,-121,-148,-172
36,39,42,33,17,-6,-29,-55,-77,-109,-131,-156,-172,-173,-177,-166,-148,-126,-101,-70,-34,-3,28,51,64,74,69,58,20,-7,-49,-90,-141,-181,-234,-283,-321,-359,-386,-396,-403,-398,-382,-362,-321,-285,-237,-184,-140,-86,-30,22,68,109,147,179
155,165,167,162,162,154,152,152,155,159,162,160,162,162,155,144,128,112,92,55,31,-7,-41,-76,-107,-133,-171,-204,-258,-272,-290,-297,-293,-296,-294,-287,-287,-283,-284,-270,-277,-271,-252,-252,-230,-212,-188,-156,-132,-98,-60,-20,24,60,87,108
161,170,170,169,153,159,150,162,162,163,172,171,186,181,177,162,145,130,103,70,34,-3,-44,-78,-116,-152,-188,-224,-283,-294,-312,-324,-321,-314,-308,-300,-296,-290,-296,-277,-272,-257,-245,-238,-220,-195,-171,-140,-112,-84,-44,-2,48,85,113,146
-182,-200,-208,-210,-204,-199,-187,-183,-175,-167,-158,-147,-151,-140,-128,-115,-97,-96,-75,-60,-32,-14,9,28,41,56,63,68,77,71,61,47,19,-2,-37,-67,-108,-131,-159,-188,-198,-211,-231,-219,-222,-211,-204,-188,-172,-149,-134,-115,-111,-101,-103,-106
37,25,6,-9,-19,-18,-12,-10,-3,8,20,35,35,31,38,31,28,16,7,-5,-5,-15,-20,-21,-29,-29,-33,-43,-33,-39,-44,-47,-61,-63,-77,-95,-109,-121,-135,-147,-145,-147,-141,-134,-119,-113,-97,-86,-82,-73,-72,-79,-85,-101,-123,-139
123,132,140,134,110,97,61,41,6,-30,-59,-90,-107,-121,-133,-133,-126,-115,-89,-70,-35,1,32,57,73,91,95,89,61,30,-7,-53,-104,-146,-197,-249,-288,-325,-350,-357,-365,-354,-339,-315,-270,-231,-188,-138,-93,-44,0,41,80,109,138,157
-150,-167,-175,-175,-183,-177,-179,-159,-152,-138,-126,-113,-91,-77,-71,-51,-32,-24,-11,-9,-12,-16,-34,-42,-67,-89,-124,-164,-229,-253,-276,-301,-307,-314,-314,-307,-300,-279,-257,-228,-206,-162,-129,-97,-60,-26,4,33,46,66,82,90,104,108,115,118
-181,-198,-205,-202,-201,-198,-187,-187,-184,-179,-179,-178,-176,-173,-166,-154,-137,-124,-98,-68,-39,0,35,70,104,129,164,196,249,258,262,278,263,263,248,236,221,216,200,184,176,163,154,141,143,119,112,87,70,45,11,-31,-68,-103,-137,-164
-171,-192,-207,-206,-205,-196,-191,-183,-171,-165,-160,-149,-152,-147,-136,-124,-109,-102,-83,-61,-34,-7,21,48,76,98,123,147,180,193,191,193,181,176,148,130,112,99,84,66,58,48,37,37,28,26,16,3,-1,-21,-39,-59,-90,-121,-153,-174
118,136,158,167,162,162,144,140,126,106,97,79,76,70,61,54,51,48,47,32,18,10,0,-16,-18,-21,-29,-30,-42,-47,-37,-29,-8,2,28,52,76,98,114,139,142,160,156,154,145,147,131,119,115,100,103,105,113,122,139,156
-73,-86,-86,-92,-98,-113,-120,-130,-133,-143,-153,-158,-158,-150,-146,-134,-113,-87,-70,-50,-28,-12,4,13,10,5,-9,-39,-84,-106,-148,-185,-224,-255,-284,-333,-308,-368,-351,-206,-436,-379,-456,-351,-266,-199,-199,-140,-97,-53,0,37,75,105,138,160
-91,-89,-78,-73,-63,-63,-67,-73,-79,-94,-105,-114,-117,-113,-120,-114,-101,-77,-57,-35,-16,13,43,67,101,119,147,186,226,234,262,272,286,285,320,303,322,320,511,303,324,172,388,307,304,275,266,227,216,167,136,94,57,37,31,22
-155,-167,-183,-178,-176,-162,-144,-121,-95,-65,-37,-10,19,36,44,56,61,60,56,38,14,-21,-48,-83,-106,-145,-175,-205,-235,-243,-240,-210,-177,-136,-114,-21,17,92,-26,115,282,342,393,362,276,250,275,251,205,173,121,80,32,-2,-53,-84
162,189,202,207,199,193,181,176,170,155,159,151,161,153,149,141,122,112,91,66,31,12,-33,-60,-96,-122,-153,-181,-242,-257,-255,-291,-281,-270,-257,-283,-221,-297,-302,-42,-302,-86,-386,-224,-185,-155,-183,-133,-137,-96,-61,-11,33,71,95,121
139,161,172,175,162,158,135,118,93,65,46,30,21,4,-6,-11,-18,-17,-14,-3,4,22,39,58,82,103,140,178,242,251,278,307,328,340,346,383,341,394,392,171,418,294,492,346,252,182,209,153,125,78,29,-13,-64,-102,-125,-166
-176,-199,-209,-211,-198,-194,-173,-155,-134,-100,-80,-52,-27,-5,4,15,32,42,39,31,5,-23,-47,-78,-113,-158,-198,-237,-297,-303,-311,-297,-271,-271,-211,-176,-175,-90,173,-95,19,-104,131,101,179,211,194,197,203,167,156,118,93,54,27,9
-161,-177,-185,-184,-182,-163,-146,-126,-98,-62,-32,5,35,56,75,88,89,91,72,58,21,-8,-43,-71,-95,-120,-136,-142,-132,-102,-67,-25,29,81,140,198,250,290,332,353,363,362,346,330,284,242,197,143,98,45,0,-40,-84,-112,-136,-153
44,67,89,103,109,104,95,93,82,67,56,46,50,52,43,41,36,52,45,37,23,12,4,-20,-23,-50,-63,-78,-111,-113,-129,-120,-104,-126,-87,-85,-107,-71,106,-164,-98,-217,-146,-149,-73,-44,-76,-65,-47,-37,0,26,55,80,120,145
-158,-169,-173,-173,-175,-160,-166,-156,-158,-157,-165,-159,-159,-159,-153,-149,-134,-111,-89,-60,-28,0,45,69,111,137,170,199,259,279,285,315,319,296,326,324,298,331,508,230,290,160,219,231,291,301,239,205,179,138,102,60,13,-15,-28,-48
-59,-65,-64,-70,-84,-91,-104,-113,-121,-130,-140,-146,-145,-138,-137,-116,-105,-88,-67,-50,-28,-14,0,10,7,5,-7,-33,-75,-101,-131,-158,-184,-224,-249,-255,-320,-282,-355,-437,-244,-234,-165,-186,-223,-206,-137,-104,-82,-32,-7,34,67,98,116,140
87,107,129,139,144,134,124,116,99,84,68,52,55,51,41,38,35,31,36,37,22,15,8,-2,-4,-17,-20,-16,-29,-33,-29,-15,16,21,48,82,59,115,165,-60,211,137,330,214,138,98,145,124,109,99,89,96,107,122,147,164
-147,-156,-154,-152,-148,-140,-145,-139,-140,-142,-151,-154,-152,-152,-155,-145,-129,-105,-83,-55,-26,5,47,71,114,136,168,203,254,273,285,308,320,311,334,337,303,348,509,195,351,161,406,296,297,272,259,210,210,152,129,78,41,9,3,-7
-108,-109,-103,-99,-92,-93,-101,-118,-117,-136,-150,-149,-166,-167,-161,-154,-140,-120,-94,-68,-29,1,49,73,117,149,176,212,273,283,292,308,310,279,281,284,225,271,329,20,215,-33,209,97,88,90,76,37,30,15,-22,-53,-87,-119,-146,-175
145,148,143,134,125,125,117,122,121,133,138,154,155,152,152,140,123,109,79,51,26,-17,-40,-80,-108,-137,-169,-214,-260,-259,-281,-296,-288,-322,-303,-350,-371,-398,-201,-352,-471,-446,-512,-441,-326,-263,-300,-248,-230,-189,-147,-100,-80,-57,-51,-47
179,194,197,199,186,188,179,179,174,177,176,176,187,178,169,156,139,134,100,75,39,-1,-33,-74,-108,-145,-178,-212,-260,-284,-296,-299,-274,-287,-279,-243,-294,-237,-168,-446,-187,-354,-47,-186,-218,-220,-143,-139,-84,-69,-31,-2,47,84,124,147
160,182,193,199,176,174,146,124,98,63,40,17,-11,-29,-39,-46,-48,-63,-51,-45,-13,18,51,78,119,159,195,229,290,304,318,317,312,272,265,223,143,143,261,-141,33,-216,56,-103,-152,-199,-154,-175,-148,-138,-138,-123,-108,-90,-69,-63
-138,-145,-140,-140,-126,-135,-132,-145,-153,-159,-168,-174,-190,-188,-177,-166,-146,-136,-106,-72,-30,5,37,82,105,138,174,212,265,256,272,276,248,254,211,206,217,175,-57,233,150,283,114,129,65,27,24,14,-19,-20,-55,-65,-105,-124,-149,-174
-178,-196,-205,-211,-202,-203,-184,-176,-150,-136,-115,-109,-89,-72,-58,-46,-30,-20,-12,-8,-14,-13,-30,-38,-66,-92,-124,-164,-229,-258,-294,-319,-345,-343,-380,-352,-347,-334,-512,-321,-241,-135,-128,-135,-183,-183,-88,-60,-32,7,24,59,91,129,152,172
-110,-101,-87,-71,-65,-56,-62,-56,-66,-80,-91,-107,-100,-98,-106,-97,-88,-45,-33,-15,-1,13,43,42,76,79,92,108,126,123,136,137,156,151,194,184,195,176,381,323,156,198,33,143,213,230,143,145,108,100,100,109,108,133,147,173
-65,-90,-112,-122,-124,-120,-112,-104,-91,-79,-65,-60,-60,-59,-50,-43,-38,-50,-44,-35,-25,-8,-4,19,27,39,51,66,95,88,89,98,77,82,36,65,34,66,-85,-105,77,-20,174,47,-18,-43,7,-15,6,-17,-30,-55,-76,-108,-134,-155
150,164,176,176,165,151,127,103,76,40,14,-10,-36,-57,-66,-68,-79,-71,-66,-43,-15,19,52,79,114,142,175,197,233,229,214,196,166,140,74,49,-6,-61,-302,-76,-163,-38,-354,-270,-265,-239,-269,-235,-226,-166,-124,-80,-30,9,43,77
-48,-61,-80,-87,-77,-81,-63,-59,-36,-18,-3,15,10,22,26,26,30,14,9,-5,-6,-20,-27,-42,-53,-59,-78,-100,-137,-135,-155,-172,-173,-208,-209,-246,-298,-297,-125,-446,-337,-508,-255,-344,-325,-311,-260,-244,-186,-163,-129,-106,-81,-64,-43,-46
162,174,176,176,159,163,157,165,165,168,176,177,188,187,174,161,144,135,103,70,30,-1,-37,-76,-103,-137,-172,-204,-264,-262,-262,-273,-251,-257,-213,-226,-225,-205,42,-226,-185,-306,-144,-165,-93,-66,-60,-47,2,-2,36,52,94,116,152,176
-158,-172,-182,-179,-173,-167,-164,-156,-158,-153,-160,-161,-162,-160,-160,-154,-134,-108,-85,-56,-28,1,41,70,110,134,168,202,264,277,286,312,317,305,321,337,295,358,474,179,357,161,372,274,284,276,249,203,197,144,119,70,36,0,-9,-18
-181,-196,-201,-202,-203,-192,-193,-187,-181,-181,-174,-173,-173,-168,-156,-144,-131,-118,-90,-71,-42,-2,23,59,90,120,147,174,216,220,227,218,197,212,163,150,170,122,-89,206,130,261,112,131,48,14,38,16,-4,-14,-47,-65,-101,-120,-151,-180
-92,-99,-103,-106,-127,-130,-152,-152,-159,-172,-169,-179,-174,-165,-153,-138,-111,-93,-65,-55,-30,-13,-3,1,-5,-13,-34,-65,-125,-158,-194,-251,-280,-305,-343,-377,-341,-411,-512,-169,-402,-186,-474,-297,-219,-145,-163,-94,-82,-20,21,60,97,122,146,173
160,177,183,182,186,174,173,162,162,162,162,167,160,160,155,143,130,111,86,59,33,-8,-38,-77,-109,-131,-174,-209,-264,-276,-289,-296,-288,-308,-287,-302,-337,-318,-131,-376,-377,-474,-372,-366,-287,-242,-254,-214,-175,-145,-90,-53,-6,16,40,61
167,191,203,207,204,198,188,183,171,163,157,145,152,146,134,121,109,106,84,63,35,2,-19,-56,-77,-98,-130,-159,-202,-209,-217,-205,-186,-200,-159,-142,-179,-119,86,-239,-128,-289,-74,-148,-81,-70,-67,-51,-18,-12,29,48,90,112,147,178
17,25,30,37,59,69,94,99,122,130,140,152,141,134,133,117,90,79,54,37,16,16,9,12,32,41,69,106,169,201,234,261,263,281,293,259,292,231,207,347,101,181,-85,0,12,7,-76,-79,-109,-110,-106,-92,-82,-70,-66,-45
0,0,0,0,0,0,0,0,0,0,0,0,0,0,0,0,0,0,0,0,0,0,0,0,0,0,0,0,0,0,0,0,0,0,0,0,0,0,0,0,0,0,0,0,0,0,0,0,0,0,0,0,0,0,0,0
0,0,0,0,0,0,0,0,0,0,0,0,0,0,0,0,0,0,0,0,0,0,0,0,0,0,0,0,0,0,0,0,0,0,0,0,0,0,0,0,0,0,0,0,0,0,0,0,0,0,0,0,0,0,0,0
0,0,0,0,0,0,0,0,0,0,0,0,0,0,0,0,0,0,0,0,0,0,0,0,0,0,0,0,0,0,0,0,0,0,0,0,0,0,0,0,0,0,0,0,0,0,0,0,0,0,0,0,0,0,0,0
0,0,0,0,0,0,0,0,0,0,0,0,0,0,0,0,0,0,0,0,0,0,0,0,0,0,0,0,0,0,0,0,0,0,0,0,0,0,0,0,0,0,0,0,0,0,0,0,0,0,0,0,0,0,0,0
0,0,0,0,0,0,0,0,0,0,0,0,0,0,0,0,0,0,0,0,0,0,0,0,0,0,0,0,0,0,0,0,0,0,0,0,0,0,0,0,0,0,0,0,0,0,0,0,0,0,0,0,0,0,0,0
0,0,0,0,0,0,0,0,0,0,0,0,0,0,0,0,0,0,0,0,0,0,0,0,0,0,0,0,0,0,0,0,0,0,0,0,0,0,0,0,0,0,0,0,0,0,0,0,0,0,0,0,0,0,0,0
0,0,0,0,0,0,0,0,0,0,0,0,0,0,0,0,0,0,0,0,0,0,0,0,0,0,0,0,0,0,0,0,0,0,0,0,0,0,0,0,0,0,0,0,0,0,0,0,0,0,0,0,0,0,0,0
0,0,0,0,0,0,0,0,0,0,0,0,0,0,0,0,0,0,0,0,0,0,0,0,0,0,0,0,0,0,0,0,0,0,0,0,0,0,0,0,0,0,0,0,0,0,0,0,0,0,0,0,0,0,0,0
0,0,0,0,0,0,0,0,0,0,0,0,0,0,0,0,0,0,0,0,0,0,0,0,0,0,0,0,0,0,0,0,0,0,0,0,0,0,0,0,0,0,0,0,0,0,0,0,0,0,0,0,0,0,0,0
0,0,0,0,0,0,0,0,0,0,0,0,0,0,0,0,0,0,0,0,0,0,0,0,0,0,0,0,0,0,0,0,0,0,0,0,0,0,0,0,0,0,0,0,0,0,0,0,0,0,0,0,0,0,0,0
0,0,0,0,0,0,0,0,0,0,0,0,0,0,0,0,0,0,0,0,0,0,0,0,0,0,0,0,0,0,0,0,0,0,0,0,0,0,0,0,0,0,0,0,0,0,0,0,0,0,0,0,0,0,0,0
0,0,0,0,0,0,0,0,0,0,0,0,0,0,0,0,0,0,0,0,0,0,0,0,0,0,0,0,0,0,0,0,0,0,0,0,0,0,0,0,0,0,0,0,0,0,0,0,0,0,0,0,0,0,0,0
0,0,0,0,0,0,0,0,0,0,0,0,0,0,0,0,0,0,0,0,0,0,0,0,0,0,0,0,0,0,0,0,0,0,0,0,0,0,0,0,0,0,0,0,0,0,0,0,0,0,0,0,0,0,0,0
0,0,0,0,0,0,0,0,0,0,0,0,0,0,0,0,0,0,0,0,0,0,0,0,0,0,0,0,0,0,0,0,0,0,0,0,0,0,0,0,0,0,0,0,0,0,0,0,0,0,0,0,0,0,0,0
0,0,0,0,0,0,0,0,0,0,0,0,0,0,0,0,0,0,0,0,0,0,0,0,0,0,0,0,0,0,0,0,0,0,0,0,0,0,0,0,0,0,0,0,0,0,0,0,0,0,0,0,0,0,0,0
0,0,0,0,0,0,0,0,0,0,0,0,0,0,0,0,0,0,0,0,0,0,0,0,0,0,0,0,0,0,0,0,0,0,0,0,0,0,0,0,0,0,0,0,0,0,0,0,0,0,0,0,0,0,0,0
0,0,0,0,0,0,0,0,0,0,0,0,0,0,0,0,0,0,0,0,0,0,0,0,0,0,0,0,0,0,0,0,0,0,0,0,0,0,0,0,0,0,0,0,0,0,0,0,0,0,0,0,0,0,0,0
0,0,0,0,0,0,0,0,0,0,0,0,0,0,0,0,0,0,0,0,0,0,0,0,0,0,0,0,0,0,0,0,0,0,0,0,0,0,0,0,0,0,0,0,0,0,0,0,0,0,0,0,0,0,0,0
0,0,0,0,0,0,0,0,0,0,0,0,0,0,0,0,0,0,0,0,0,0,0,0,0,0,0,0,0,0,0,0,0,0,0,0,0,0,0,0,0,0,0,0,0,0,0,0,0,0,0,0,0,0,0,0
0,0,0,0,0,0,0,0,0,0,0,0,0,0,0,0,0,0,0,0,0,0,0,0,0,0,0,0,0,0,0,0,0,0,0,0,0,0,0,0,0,0,0,0,0,0,0,0,0,0,0,0,0,0,0,0
0,0,0,0,0,0,0,0,0,0,0,0,0,0,0,0,0,0,0,0,0,0,0,0,0,0,0,0,0,0,0,0,0,0,0,0,0,0,0,0,0,0,0,0,0,0,0,0,0,0,0,0,0,0,0,0
0,0,0,0,0,0,0,0,0,0,0,0,0,0,0,0,0,0,0,0,0,0,0,0,0,0,0,0,0,0,0,0,0,0,0,0,0,0,0,0,0,0,0,0,0,0,0,0,0,0,0,0,0,0,0,0
0,0,0,0,0,0,0,0,0,0,0,0,0,0,0,0,0,0,0,0,0,0,0,0,0,0,0,0,0,0,0,0,0,0,0,0,0,0,0,0,0,0,0,0,0,0,0,0,0,0,0,0,0,0,0,0
0,0,0,0,0,0,0,0,0,0,0,0,0,0,0,0,0,0,0,0,0,0,0,0,0,0,0,0,0,0,0,0,0,0,0,0,0,0,0,0,0,0,0,0,0,0,0,0,0,0,0,0,0,0,0,0
0,0,0,0,0,0,0,0,0,0,0,0,0,0,0,0,0,0,0,0,0,0,0,0,0,0,0,0,0,0,0,0,0,0,0,0,0,0,0,0,0,0,0,0,0,0,0,0,0,0,0,0,0,0,0,0
0,0,0,0,0,0,0,0,0,0,0,0,0,0,0,0,0,0,0,0,0,0,0,0,0,0,0,0,0,0,0,0,0,0,0,0,0,0,0,0,0,0,0,0,0,0,0,0,0,0,0,0,0,0,0,0
0,0,0,0,0,0,0,0,0,0,0,0,0,0,0,0,0,0,0,0,0,0,0,0,0,0,0,0,0,0,0,0,0,0,0,0,0,0,0,0,0,0,0,0,0,0,0,0,0,0,0,0,0,0,0,0
0,0,0,0,0,0,0,0,0,0,0,0,0,0,0,0,0,0,0,0,0,0,0,0,0,0,0,0,0,0,0,0,0,0,0,0,0,0,0,0,0,0,0,0,0,0,0,0,0,0,0,0,0,0,0,0
0,0,0,0,0,0,0,0,0,0,0,0,0,0,0,0,0,0,0,0,0,0,0,0,0,0,0,0,0,0,0,0,0,0,0,0,0,0,0,0,0,0,0,0,0,0,0,0,0,0,0,0,0,0,0,0
0,0,0,0,0,0,0,0,0,0,0,0,0,0,0,0,0,0,0,0,0,0,0,0,0,0,0,0,0,0,0,0,0,0,0,0,0,0,0,0,0,0,0,0,0,0,0,0,0,0,0,0,0,0,0,0
0,0,0,0,0,0,0,0,0,0,0,0,0,0,0,0,0,0,0,0,0,0,0,0,0,0,0,0,0,0,0,0,0,0,0,0,0,0,0,0,0,0,0,0,0,0,0,0,0,0,0,0,0,0,0,0
0,0,0,0,0,0,0,0,0,0,0,0,0,0,0,0,0,0,0,0,0,0,0,0,0,0,0,0,0,0,0,0,0,0,0,0,0,0,0,0,0,0,0,0,0,0,0,0,0,0,0,0,0,0,0,0
0,0,0,0,0,0,0,0,0,0,0,0,0,0,0,0,0,0,0,0,0,0,0,0,0,0,0,0,0,0,0,0,0,0,0,0,0,0,0,0,0,0,0,0,0,0,0,0,0,0,0,0,0,0,0,0
0,0,0,0,0,0,0,0,0,0,0,0,0,0,0,0,0,0,0,0,0,0,0,0,0,0,0,0,0,0,0,0,0,0,0,0,0,0,0,0,0,0,0,0,0,0,0,0,0,0,0,0,0,0,0,0
0,0,0,0,0,0,0,0,0,0,0,0,0,0,0,0,0,0,0,0,0,0,0,0,0,0,0,0,0,0,0,0,0,0,0,0,0,0,0,0,0,0,0,0,0,0,0,0,0,0,0,0,0,0,0,0
0,0,0,0,0,0,0,0,0,0,0,0,0,0,0,0,0,0,0,0,0,0,0,0,0,0,0,0,0,0,0,0,0,0,0,0,0,0,0,0,0,0,0,0,0,0,0,0,0,0,0,0,0,0,0,0
0,0,0,0,0,0,0,0,0,0,0,0,0,0,0,0,0,0,0,0,0,0,0,0,0,0,0,0,0,0,0,0,0,0,0,0,0,0,0,0,0,0,0,0,0,0,0,0,0,0,0,0,0,0,0,0
0,0,0,0,0,0,0,0,0,0,0,0,0,0,0,0,0,0,0,0,0,0,0,0,0,0,0,0,0,0,0,0,0,0,0,0,0,0,0,0,0,0,0,0,0,0,0,0,0,0,0,0,0,0,0,0
0,0,0,0,0,0,0,0,0,0,0,0,0,0,0,0,0,0,0,0,0,0,0,0,0,0,0,0,0,0,0,0,0,0,0,0,0,0,0,0,0,0,0,0,0,0,0,0,0,0,0,0,0,0,0,0
0,0,0,0,0,0,0,0,0,0,0,0,0,0,0,0,0,0,0,0,0,0,0,0,0,0,0,0,0,0,0,0,0,0,0,0,0,0,0,0,0,0,0,0,0,0,0,0,0,0,0,0,0,0,0,0
0,0,0,0,0,0,0,0,0,0,0,0,0,0,0,0,0,0,0,0,0,0,0,0,0,0,0,0,0,0,0,0,0,0,0,0,0,0,0,0,0,0,0,0,0,0,0,0,0,0,0,0,0,0,0,0
0,0,0,0,0,0,0,0,0,0,0,0,0,0,0,0,0,0,0,0,0,0,0,0,0,0,0,0,0,0,0,0,0,0,0,0,0,0,0,0,0,0,0,0,0,0,0,0,0,0,0,0,0,0,0,0
0,0,0,0,0,0,0,0,0,0,0,0,0,0,0,0,0,0,0,0,0,0,0,0,0,0,0,0,0,0,0,0,0,0,0,0,0,0,0,0,0,0,0,0,0,0,0,0,0,0,0,0,0,0,0,0
0,0,0,0,0,0,0,0,0,0,0,0,0,0,0,0,0,0,0,0,0,0,0,0,0,0,0,0,0,0,0,0,0,0,0,0,0,0,0,0,0,0,0,0,0,0,0,0,0,0,0,0,0,0,0,0
0,0,0,0,0,0,0,0,0,0,0,0,0,0,0,0,0,0,0,0,0,0,0,0,0,0,0,0,0,0,0,0,0,0,0,0,0,0,0,0,0,0,0,0,0,0,0,0,0,0,0,0,0,0,0,0
0,0,0,0,0,0,0,0,0,0,0,0,0,0,0,0,0,0,0,0,0,0,0,0,0,0,0,0,0,0,0,0,0,0,0,0,0,0,0,0,0,0,0,0,0,0,0,0,0,0,0,0,0,0,0,0
0,0,0,0,0,0,0,0,0,0,0,0,0,0,0,0,0,0,0,0,0,0,0,0,0,0,0,0,0,0,0,0,0,0,0,0,0,0,0,0,0,0,0,0,0,0,0,0,0,0,0,0,0,0,0,0
0,0,0,0,0,0,0,0,0,0,0,0,0,0,0,0,0,0,0,0,0,0,0,0,0,0,0,0,0,0,0,0,0,0,0,0,0,0,0,0,0,0,0,0,0,0,0,0,0,0,0,0,0,0,0,0
0,0,0,0,0,0,0,0,0,0,0,0,0,0,0,0,0,0,0,0,0,0,0,0,0,0,0,0,0,0,0,0,0,0,0,0,0,0,0,0,0,0,0,0,0,0,0,0,0,0,0,0,0,0,0,0
0,0,0,0,0,0,0,0,0,0,0,0,0,0,0,0,0,0,0,0,0,0,0,0,0,0,0,0,0,0,0,0,0,0,0,0,0,0,0,0,0,0,0,0,0,0,0,0,0,0,0,0,0,0,0,0
0,0,0,0,0,0,0,0,0,0,0,0,0,0,0,0,0,0,0,0,0,0,0,0,0,0,0,0,0,0,0,0,0,0,0,0,0,0,0,0,0,0,0,0,0,0,0,0,0,0,0,0,0,0,0,0
0,0,0,0,0,0,0,0,0,0,0,0,0,0,0,0,0,0,0,0,0,0,0,0,0,0,0,0,0,0,0,0,0,0,0,0,0,0,0,0,0,0,0,0,0,0,0,0,0,0,0,0,0,0,0,0
0,0,0,0,0,0,0,0,0,0,0,0,0,0,0,0,0,0,0,0,0,0,0,0,0,0,0,0,0,0,0,0,0,0,0,0,0,0,0,0,0,0,0,0,0,0,0,0,0,0,0,0,0,0,0,0
0,0,0,0,0,0,0,0,0,0,0,0,0,0,0,0,0,0,0,0,0,0,0,0,0,0,0,0,0,0,0,0,0,0,0,0,0,0,0,0,0,0,0,0,0,0,0,0,0,0,0,0,0,0,0,0
0,0,0,0,0,0,0,0,0,0,0,0,0,0,0,0,0,0,0,0,0,0,0,0,0,0,0,0,0,0,0,0,0,0,0,0,0,0,0,0,0,0,0,0,0,0,0,0,0,0,0,0,0,0,0,0
0,0,0,0,0,0,0,0,0,0,0,0,0,0,0,0,0,0,0,0,0,0,0,0,0,0,0,0,0,0,0,0,0,0,0,0,0,0,0,0,0,0,0,0,0,0,0,0,0,0,0,0,0,0,0,0
0,0,0,0,0,0,0,0,0,0,0,0,0,0,0,0,0,0,0,0,0,0,0,0,0,0,0,0,0,0,0,0,0,0,0,0,0,0,0,0,0,0,0,0,0,0,0,0,0,0,0,0,0,0,0,0
0,0,0,0,0,0,0,0,0,0,0,0,0,0,0,0,0,0,0,0,0,0,0,0,0,0,0,0,0,0,0,0,0,0,0,0,0,0,0,0,0,0,0,0,0,0,0,0,0,0,0,0,0,0,0,0
0,0,0,0,0,0,0,0,0,0,0,0,0,0,0,0,0,0,0,0,0,0,0,0,0,0,0,0,0,0,0,0,0,0,0,0,0,0,0,0,0,0,0,0,0,0,0,0,0,0,0,0,0,0,0,0
0,0,0,0,0,0,0,0,0,0,0,0,0,0,0,0,0,0,0,0,0,0,0,0,0,0,0,0,0,0,0,0,0,0,0,0,0,0,0,0,0,0,0,0,0,0,0,0,0,0,0,0,0,0,0,0
0,0,0,0,0,0,0,0,0,0,0,0,0,0,0,0,0,0,0,0,0,0,0,0,0,0,0,0,0,0,0,0,0,0,0,0,0,0,0,0,0,0,0,0,0,0,0,0,0,0,0,0,0,0,0,0
0,0,0,0,0,0,0,0,0,0,0,0,0,0,0,0,0,0,0,0,0,0,0,0,0,0,0,0,0,0,0,0,0,0,0,0,0,0,0,0,0,0,0,0,0,0,0,0,0,0,0,0,0,0,0,0
0,0,0,0,0,0,0,0,0,0,0,0,0,0,0,0,0,0,0,0,0,0,0,0,0,0,0,0,0,0,0,0,0,0,0,0,0,0,0,0,0,0,0,0,0,0,0,0,0,0,0,0,0,0,0,0
0,0,0,0,0,0,0,0,0,0,0,0,0,0,0,0,0,0,0,0,0,0,0,0,0,0,0,0,0,0,0,0,0,0,0,0,0,0,0,0,0,0,0,0,0,0,0,0,0,0,0,0,0,0,0,0
0,0,0,0,0,0,0,0,0,0,0,0,0,0,0,0,0,0,0,0,0,0,0,0,0,0,0,0,0,0,0,0,0,0,0,0,0,0,0,0,0,0,0,0,0,0,0,0,0,0,0,0,0,0,0,0
0,0,0,0,0,0,0,0,0,0,0,0,0,0,0,0,0,0,0,0,0,0,0,0,0,0,0,0,0,0,0,0,0,0,0,0,0,0,0,0,0,0,0,0,0,0,0,0,0,0,0,0,0,0,0,0
0,0,0,0,0,0,0,0,0,0,0,0,0,0,0,0,0,0,0,0,0,0,0,0,0,0,0,0,0,0,0,0,0,0,0,0,0,0,0,0,0,0,0,0,0,0,0,0,0,0,0,0,0,0,0,0
0,0,0,0,0,0,0,0,0,0,0,0,0,0,0,0,0,0,0,0,0,0,0,0,0,0,0,0,0,0,0,0,0,0,0,0,0,0,0,0,0,0,0,0,0,0,0,0,0,0,0,0,0,0,0,0
0,0,0,0,0,0,0,0,0,0,0,0,0,0,0,0,0,0,0,0,0,0,0,0,0,0,0,0,0,0,0,0,0,0,0,0,0,0,0,0,0,0,0,0,0,0,0,0,0,0,0,0,0,0,0,0
0,0,0,0,0,0,0,0,0,0,0,0,0,0,0,0,0,0,0,0,0,0,0,0,0,0,0,0,0,0,0,0,0,0,0,0,0,0,0,0,0,0,0,0,0,0,0,0,0,0,0,0,0,0,0,0
0,0,0,0,0,0,0,0,0,0,0,0,0,0,0,0,0,0,0,0,0,0,0,0,0,0,0,0,0,0,0,0,0,0,0,0,0,0,0,0,0,0,0,0,0,0,0,0,0,0,0,0,0,0,0,0
0,0,0,0,0,0,0,0,0,0,0,0,0,0,0,0,0,0,0,0,0,0,0,0,0,0,0,0,0,0,0,0,0,0,0,0,0,0,0,0,0,0,0,0,0,0,0,0,0,0,0,0,0,0,0,0
0,0,0,0,0,0,0,0,0,0,0,0,0,0,0,0,0,0,0,0,0,0,0,0,0,0,0,0,0,0,0,0,0,0,0,0,0,0,0,0,0,0,0,0,0,0,0,0,0,0,0,0,0,0,0,0
0,0,0,0,0,0,0,0,0,0,0,0,0,0,0,0,0,0,0,0,0,0,0,0,0,0,0,0,0,0,0,0,0,0,0,0,0,0,0,0,0,0,0,0,0,0,0,0,0,0,0,0,0,0,0,0
0,0,0,0,0,0,0,0,0,0,0,0,0,0,0,0,0,0,0,0,0,0,0,0,0,0,0,0,0,0,0,0,0,0,0,0,0,0,0,0,0,0,0,0,0,0,0,0,0,0,0,0,0,0,0,0
0,0,0,0,0,0,0,0,0,0,0,0,0,0,0,0,0,0,0,0,0,0,0,0,0,0,0,0,0,0,0,0,0,0,0,0,0,0,0,0,0,0,0,0,0,0,0,0,0,0,0,0,0,0,0,0
0,0,0,0,0,0,0,0,0,0,0,0,0,0,0,0,0,0,0,0,0,0,0,0,0,0,0,0,0,0,0,0,0,0,0,0,0,0,0,0,0,0,0,0,0,0,0,0,0,0,0,0,0,0,0,0
0,0,0,0,0,0,0,0,0,0,0,0,0,0,0,0,0,0,0,0,0,0,0,0,0,0,0,0,0,0,0,0,0,0,0,0,0,0,0,0,0,0,0,0,0,0,0,0,0,0,0,0,0,0,0,0
0,0,0,0,0,0,0,0,0,0,0,0,0,0,0,0,0,0,0,0,0,0,0,0,0,0,0,0,0,0,0,0,0,0,0,0,0,0,0,0,0,0,0,0,0,0,0,0,0,0,0,0,0,0,0,0
0,0,0,0,0,0,0,0,0,0,0,0,0,0,0,0,0,0,0,0,0,0,0,0,0,0,0,0,0,0,0,0,0,0,0,0,0,0,0,0,0,0,0,0,0,0,0,0,0,0,0,0,0,0,0,0
0,0,0,0,0,0,0,0,0,0,0,0,0,0,0,0,0,0,0,0,0,0,0,0,0,0,0,0,0,0,0,0,0,0,0,0,0,0,0,0,0,0,0,0,0,0,0,0,0,0,0,0,0,0,0,0
0,0,0,0,0,0,0,0,0,0,0,0,0,0,0,0,0,0,0,0,0,0,0,0,0,0,0,0,0,0,0,0,0,0,0,0,0,0,0,0,0,0,0,0,0,0,0,0,0,0,0,0,0,0,0,0
0,0,0,0,0,0,0,0,0,0,0,0,0,0,0,0,0,0,0,0,0,0,0,0,0,0,0,0,0,0,0,0,0,0,0,0,0,0,0,0,0,0,0,0,0,0,0,0,0,0,0,0,0,0,0,0
0,0,0,0,0,0,0,0,0,0,0,0,0,0,0,0,0,0,0,0,0,0,0,0,0,0,0,0,0,0,0,0,0,0,0,0,0,0,0,0,0,0,0,0,0,0,0,0,0,0,0,0,0,0,0,0
0,0,0,0,0,0,0,0,0,0,0,0,0,0,0,0,0,0,0,0,0,0,0,0,0,0,0,0,0,0,0,0,0,0,0,0,0,0,0,0,0,0,0,0,0,0,0,0,0,0,0,0,0,0,0,0
0,0,0,0,0,0,0,0,0,0,0,0,0,0,0,0,0,0,0,0,0,0,0,0,0,0,0,0,0,0,0,0,0,0,0,0,0,0,0,0,0,0,0,0,0,0,0,0,0,0,0,0,0,0,0,0
0,0,0,0,0,0,0,0,0,0,0,0,0,0,0,0,0,0,0,0,0,0,0,0,0,0,0,0,0,0,0,0,0,0,0,0,0,0,0,0,0,0,0,0,0,0,0,0,0,0,0,0,0,0,0,0
0,0,0,0,0,0,0,0,0,0,0,0,0,0,0,0,0,0,0,0,0,0,0,0,0,0,0,0,0,0,0,0,0,0,0,0,0,0,0,0,0,0,0,0,0,0,0,0,0,0,0,0,0,0,0,0
0,0,0,0,0,0,0,0,0,0,0,0,0,0,0,0,0,0,0,0,0,0,0,0,0,0,0,0,0,0,0,0,0,0,0,0,0,0,0,0,0,0,0,0,0,0,0,0,0,0,0,0,0,0,0,0
0,0,0,0,0,0,0,0,0,0,0,0,0,0,0,0,0,0,0,0,0,0,0,0,0,0,0,0,0,0,0,0,0,0,0,0,0,0,0,0,0,0,0,0,0,0,0,0,0,0,0,0,0,0,0,0
0,0,0,0,0,0,0,0,0,0,0,0,0,0,0,0,0,0,0,0,0,0,0,0,0,0,0,0,0,0,0,0,0,0,0,0,0,0,0,0,0,0,0,0,0,0,0,0,0,0,0,0,0,0,0,0
0,0,0,0,0,0,0,0,0,0,0,0,0,0,0,0,0,0,0,0,0,0,0,0,0,0,0,0,0,0,0,0,0,0,0,0,0,0,0,0,0,0,0,0,0,0,0,0,0,0,0,0,0,0,0,0
0,0,0,0,0,0,0,0,0,0,0,0,0,0,0,0,0,0,0,0,0,0,0,0,0,0,0,0,0,0,0,0,0,0,0,0,0,0,0,0,0,0,0,0,0,0,0,0,0,0,0,0,0,0,0,0
0,0,0,0,0,0,0,0,0,0,0,0,0,0,0,0,0,0,0,0,0,0,0,0,0,0,0,0,0,0,0,0,0,0,0,0,0,0,0,0,0,0,0,0,0,0,0,0,0,0,0,0,0,0,0,0
0,0,0,0,0,0,0,0,0,0,0,0,0,0,0,0,0,0,0,0,0,0,0,0,0,0,0,0,0,0,0,0,0,0,0,0,0,0,0,0,0,0,0,0,0,0,0,0,0,0,0,0,0,0,0,0
0,0,0,0,0,0,0,0,0,0,0,0,0,0,0,0,0,0,0,0,0,0,0,0,0,0,0,0,0,0,0,0,0,0,0,0,0,0,0,0,0,0,0,0,0,0,0,0,0,0,0,0,0,0,0,0
0,0,0,0,0,0,0,0,0,0,0,0,0,0,0,0,0,0,0,0,0,0,0,0,0,0,0,0,0,0,0,0,0,0,0,0,0,0,0,0,0,0,0,0,0,0,0,0,0,0,0,0,0,0,0,0
0,0,0,0,0,0,0,0,0,0,0,0,0,0,0,0,0,0,0,0,0,0,0,0,0,0,0,0,0,0,0,0,0,0,0,0,0,0,0,0,0,0,0,0,0,0,0,0,0,0,0,0,0,0,0,0
0,0,0,0,0,0,0,0,0,0,0,0,0,0,0,0,0,0,0,0,0,0,0,0,0,0,0,0,0,0,0,0,0,0,0,0,0,0,0,0,0,0,0,0,0,0,0,0,0,0,0,0,0,0,0,0
0,0,0,0,0,0,0,0,0,0,0,0,0,0,0,0,0,0,0,0,0,0,0,0,0,0,0,0,0,0,0,0,0,0,0,0,0,0,0,0,0,0,0,0,0,0,0,0,0,0,0,0,0,0,0,0
0,0,0,0,0,0,0,0,0,0,0,0,0,0,0,0,0,0,0,0,0,0,0,0,0,0,0,0,0,0,0,0,0,0,0,0,0,0,0,0,0,0,0,0,0,0,0,0,0,0,0,0,0,0,0,0
0,0,0,0,0,0,0,0,0,0,0,0,0,0,0,0,0,0,0,0,0,0,0,0,0,0,0,0,0,0,0,0,0,0,0,0,0,0,0,0,0,0,0,0,0,0,0,0,0,0,0,0,0,0,0,0
0,0,0,0,0,0,0,0,0,0,0,0,0,0,0,0,0,0,0,0,0,0,0,0,0,0,0,0,0,0,0,0,0,0,0,0,0,0,0,0,0,0,0,0,0,0,0,0,0,0,0,0,0,0,0,0
0,0,0,0,0,0,0,0,0,0,0,0,0,0,0,0,0,0,0,0,0,0,0,0,0,0,0,0,0,0,0,0,0,0,0,0,0,0,0,0,0,0,0,0,0,0,0,0,0,0,0,0,0,0,0,0
0,0,0,0,0,0,0,0,0,0,0,0,0,0,0,0,0,0,0,0,0,0,0,0,0,0,0,0,0,0,0,0,0,0,0,0,0,0,0,0,0,0,0,0,0,0,0,0,0,0,0,0,0,0,0,0
0,0,0,0,0,0,0,0,0,0,0,0,0,0,0,0,0,0,0,0,0,0,0,0,0,0,0,0,0,0,0,0,0,0,0,0,0,0,0,0,0,0,0,0,0,0,0,0,0,0,0,0,0,0,0,0
0,0,0,0,0,0,0,0,0,0,0,0,0,0,0,0,0,0,0,0,0,0,0,0,0,0,0,0,0,0,0,0,0,0,0,0,0,0,0,0,0,0,0,0,0,0,0,0,0,0,0,0,0,0,0,0
0,0,0,0,0,0,0,0,0,0,0,0,0,0,0,0,0,0,0,0,0,0,0,0,0,0,0,0,0,0,0,0,0,0,0,0,0,0,0,0,0,0,0,0,0,0,0,0,0,0,0,0,0,0,0,0
0,0,0,0,0,0,0,0,0,0,0,0,0,0,0,0,0,0,0,0,0,0,0,0,0,0,0,0,0,0,0,0,0,0,0,0,0,0,0,0,0,0,0,0,0,0,0,0,0,0,0,0,0,0,0,0
0,0,0,0,0,0,0,0,0,0,0,0,0,0,0,0,0,0,0,0,0,0,0,0,0,0,0,0,0,0,0,0,0,0,0,0,0,0,0,0,0,0,0,0,0,0,0,0,0,0,0,0,0,0,0,0
0,0,0,0,0,0,0,0,0,0,0,0,0,0,0,0,0,0,0,0,0,0,0,0,0,0,0,0,0,0,0,0,0,0,0,0,0,0,0,0,0,0,0,0,0,0,0,0,0,0,0,0,0,0,0,0
0,0,0,0,0,0,0,0,0,0,0,0,0,0,0,0,0,0,0,0,0,0,0,0,0,0,0,0,0,0,0,0,0,0,0,0,0,0,0,0,0,0,0,0,0,0,0,0,0,0,0,0,0,0,0,0
0,0,0,0,0,0,0,0,0,0,0,0,0,0,0,0,0,0,0,0,0,0,0,0,0,0,0,0,0,0,0,0,0,0,0,0,0,0,0,0,0,0,0,0,0,0,0,0,0,0,0,0,0,0,0,0
0,0,0,0,0,0,0,0,0,0,0,0,0,0,0,0,0,0,0,0,0,0,0,0,0,0,0,0,0,0,0,0,0,0,0,0,0,0,0,0,0,0,0,0,0,0,0,0,0,0,0,0,0,0,0,0
0,0,0,0,0,0,0,0,0,0,0,0,0,0,0,0,0,0,0,0,0,0,0,0,0,0,0,0,0,0,0,0,0,0,0,0,0,0,0,0,0,0,0,0,0,0,0,0,0,0,0,0,0,0,0,0
0,0,0,0,0,0,0,0,0,0,0,0,0,0,0,0,0,0,0,0,0,0,0,0,0,0,0,0,0,0,0,0,0,0,0,0,0,0,0,0,0,0,0,0,0,0,0,0,0,0,0,0,0,0,0,0
0,0,0,0,0,0,0,0,0,0,0,0,0,0,0,0,0,0,0,0,0,0,0,0,0,0,0,0,0,0,0,0,0,0,0,0,0,0,0,0,0,0,0,0,0,0,0,0,0,0,0,0,0,0,0,0
0,0,0,0,0,0,0,0,0,0,0,0,0,0,0,0,0,0,0,0,0,0,0,0,0,0,0,0,0,0,0,0,0,0,0,0,0,0,0,0,0,0,0,0,0,0,0,0,0,0,0,0,0,0,0,0
0,0,0,0,0,0,0,0,0,0,0,0,0,0,0,0,0,0,0,0,0,0,0,0,0,0,0,0,0,0,0,0,0,0,0,0,0,0,0,0,0,0,0,0,0,0,0,0,0,0,0,0,0,0,0,0
0,0,0,0,0,0,0,0,0,0,0,0,0,0,0,0,0,0,0,0,0,0,0,0,0,0,0,0,0,0,0,0,0,0,0,0,0,0,0,0,0,0,0,0,0,0,0,0,0,0,0,0,0,0,0,0
0,0,0,0,0,0,0,0,0,0,0,0,0,0,0,0,0,0,0,0,0,0,0,0,0,0,0,0,0,0,0,0,0,0,0,0,0,0,0,0,0,0,0,0,0,0,0,0,0,0,0,0,0,0,0,0
0,0,0,0,0,0,0,0,0,0,0,0,0,0,0,0,0,0,0,0,0,0,0,0,0,0,0,0,0,0,0,0,0,0,0,0,0,0,0,0,0,0,0,0,0,0,0,0,0,0,0,0,0,0,0,0
0,0,0,0,0,0,0,0,0,0,0,0,0,0,0,0,0,0,0,0,0,0,0,0,0,0,0,0,0,0,0,0,0,0,0,0,0,0,0,0,0,0,0,0,0,0,0,0,0,0,0,0,0,0,0,0
0,0,0,0,0,0,0,0,0,0,0,0,0,0,0,0,0,0,0,0,0,0,0,0,0,0,0,0,0,0,0,0,0,0,0,0,0,0,0,0,0,0,0,0,0,0,0,0,0,0,0,0,0,0,0,0
0,0,0,0,0,0,0,0,0,0,0,0,0,0,0,0,0,0,0,0,0,0,0,0,0,0,0,0,0,0,0,0,0,0,0,0,0,0,0,0,0,0,0,0,0,0,0,0,0,0,0,0,0,0,0,0
0,0,0,0,0,0,0,0,0,0,0,0,0,0,0,0,0,0,0,0,0,0,0,0,0,0,0,0,0,0,0,0,0,0,0,0,0,0,0,0,0,0,0,0,0,0,0,0,0,0,0,0,0,0,0,0
0,0,0,0,0,0,0,0,0,0,0,0,0,0,0,0,0,0,0,0,0,0,0,0,0,0,0,0,0,0,0,0,0,0,0,0,0,0,0,0,0,0,0,0,0,0,0,0,0,0,0,0,0,0,0,0
0,0,0,0,0,0,0,0,0,0,0,0,0,0,0,0,0,0,0,0,0,0,0,0,0,0,0,0,0,0,0,0,0,0,0,0,0,0,0,0,0,0,0,0,0,0,0,0,0,0,0,0,0,0,0,0
0,0,0,0,0,0,0,0,0,0,0,0,0,0,0,0,0,0,0,0,0,0,0,0,0,0,0,0,0,0,0,0,0,0,0,0,0,0,0,0,0,0,0,0,0,0,0,0,0,0,0,0,0,0,0,0
0,0,0,0,0,0,0,0,0,0,0,0,0,0,0,0,0,0,0,0,0,0,0,0,0,0,0,0,0,0,0,0,0,0,0,0,0,0,0,0,0,0,0,0,0,0,0,0,0,0,0,0,0,0,0,0
0,0,0,0,0,0,0,0,0,0,0,0,0,0,0,0,0,0,0,0,0,0,0,0,0,0,0,0,0,0,0,0,0,0,0,0,0,0,0,0,0,0,0,0,0,0,0,0,0,0,0,0,0,0,0,0
0,0,0,0,0,0,0,0,0,0,0,0,0,0,0,0,0,0,0,0,0,0,0,0,0,0,0,0,0,0,0,0,0,0,0,0,0,0,0,0,0,0,0,0,0,0,0,0,0,0,0,0,0,0,0,0
0,0,0,0,0,0,0,0,0,0,0,0,0,0,0,0,0,0,0,0,0,0,0,0,0,0,0,0,0,0,0,0,0,0,0,0,0,0,0,0,0,0,0,0,0,0,0,0,0,0,0,0,0,0,0,0
0,0,0,0,0,0,0,0,0,0,0,0,0,0,0,0,0,0,0,0,0,0,0,0,0,0,0,0,0,0,0,0,0,0,0,0,0,0,0,0,0,0,0,0,0,0,0,0,0,0,0,0,0,0,0,0
0,0,0,0,0,0,0,0,0,0,0,0,0,0,0,0,0,0,0,0,0,0,0,0,0,0,0,0,0,0,0,0,0,0,0,0,0,0,0,0,0,0,0,0,0,0,0,0,0,0,0,0,0,0,0,0
0,0,0,0,0,0,0,0,0,0,0,0,0,0,0,0,0,0,0,0,0,0,0,0,0,0,0,0,0,0,0,0,0,0,0,0,0,0,0,0,0,0,0,0,0,0,0,0,0,0,0,0,0,0,0,0
0,0,0,0,0,0,0,0,0,0,0,0,0,0,0,0,0,0,0,0,0,0,0,0,0,0,0,0,0,0,0,0,0,0,0,0,0,0,0,0,0,0,0,0,0,0,0,0,0,0,0,0,0,0,0,0
0,0,0,0,0,0,0,0,0,0,0,0,0,0,0,0,0,0,0,0,0,0,0,0,0,0,0,0,0,0,0,0,0,0,0,0,0,0,0,0,0,0,0,0,0,0,0,0,0,0,0,0,0,0,0,0
0,0,0,0,0,0,0,0,0,0,0,0,0,0,0,0,0,0,0,0,0,0,0,0,0,0,0,0,0,0,0,0,0,0,0,0,0,0,0,0,0,0,0,0,0,0,0,0,0,0,0,0,0,0,0,0
0,0,0,0,0,0,0,0,0,0,0,0,0,0,0,0,0,0,0,0,0,0,0,0,0,0,0,0,0,0,0,0,0,0,0,0,0,0,0,0,0,0,0,0,0,0,0,0,0,0,0,0,0,0,0,0
0,0,0,0,0,0,0,0,0,0,0,0,0,0,0,0,0,0,0,0,0,0,0,0,0,0,0,0,0,0,0,0,0,0,0,0,0,0,0,0,0,0,0,0,0,0,0,0,0,0,0,0,0,0,0,0
0,0,0,0,0,0,0,0,0,0,0,0,0,0,0,0,0,0,0,0,0,0,0,0,0,0,0,0,0,0,0,0,0,0,0,0,0,0,0,0,0,0,0,0,0,0,0,0,0,0,0,0,0,0,0,0
0,0,0,0,0,0,0,0,0,0,0,0,0,0,0,0,0,0,0,0,0,0,0,0,0,0,0,0,0,0,0,0,0,0,0,0,0,0,0,0,0,0,0,0,0,0,0,0,0,0,0,0,0,0,0,0
0,0,0,0,0,0,0,0,0,0,0,0,0,0,0,0,0,0,0,0,0,0,0,0,0,0,0,0,0,0,0,0,0,0,0,0,0,0,0,0,0,0,0,0,0,0,0,0,0,0,0,0,0,0,0,0
0,0,0,0,0,0,0,0,0,0,0,0,0,0,0,0,0,0,0,0,0,0,0,0,0,0,0,0,0,0,0,0,0,0,0,0,0,0,0,0,0,0,0,0,0,0,0,0,0,0,0,0,0,0,0,0
0,0,0,0,0,0,0,0,0,0,0,0,0,0,0,0,0,0,0,0,0,0,0,0,0,0,0,0,0,0,0,0,0,0,0,0,0,0,0,0,0,0,0,0,0,0,0,0,0,0,0,0,0,0,0,0
0,0,0,0,0,0,0,0,0,0,0,0,0,0,0,0,0,0,0,0,0,0,0,0,0,0,0,0,0,0,0,0,0,0,0,0,0,0,0,0,0,0,0,0,0,0,0,0,0,0,0,0,0,0,0,0
0,0,0,0,0,0,0,0,0,0,0,0,0,0,0,0,0,0,0,0,0,0,0,0,0,0,0,0,0,0,0,0,0,0,0,0,0,0,0,0,0,0,0,0,0,0,0,0,0,0,0,0,0,0,0,0
0,0,0,0,0,0,0,0,0,0,0,0,0,0,0,0,0,0,0,0,0,0,0,0,0,0,0,0,0,0,0,0,0,0,0,0,0,0,0,0,0,0,0,0,0,0,0,0,0,0,0,0,0,0,0,0
0,0,0,0,0,0,0,0,0,0,0,0,0,0,0,0,0,0,0,0,0,0,0,0,0,0,0,0,0,0,0,0,0,0,0,0,0,0,0,0,0,0,0,0,0,0,0,0,0,0,0,0,0,0,0,0
0,0,0,0,0,0,0,0,0,0,0,0,0,0,0,0,0,0,0,0,0,0,0,0,0,0,0,0,0,0,0,0,0,0,0,0,0,0,0,0,0,0,0,0,0,0,0,0,0,0,0,0,0,0,0,0
0,0,0,0,0,0,0,0,0,0,0,0,0,0,0,0,0,0,0,0,0,0,0,0,0,0,0,0,0,0,0,0,0,0,0,0,0,0,0,0,0,0,0,0,0,0,0,0,0,0,0,0,0,0,0,0
0,0,0,0,0,0,0,0,0,0,0,0,0,0,0,0,0,0,0,0,0,0,0,0,0,0,0,0,0,0,0,0,0,0,0,0,0,0,0,0,0,0,0,0,0,0,0,0,0,0,0,0,0,0,0,0
0,0,0,0,0,0,0,0,0,0,0,0,0,0,0,0,0,0,0,0,0,0,0,0,0,0,0,0,0,0,0,0,0,0,0,0,0,0,0,0,0,0,0,0,0,0,0,0,0,0,0,0,0,0,0,0
0,0,0,0,0,0,0,0,0,0,0,0,0,0,0,0,0,0,0,0,0,0,0,0,0,0,0,0,0,0,0,0,0,0,0,0,0,0,0,0,0,0,0,0,0,0,0,0,0,0,0,0,0,0,0,0
0,0,0,0,0,0,0,0,0,0,0,0,0,0,0,0,0,0,0,0,0,0,0,0,0,0,0,0,0,0,0,0,0,0,0,0,0,0,0,0,0,0,0,0,0,0,0,0,0,0,0,0,0,0,0,0
0,0,0,0,0,0,0,0,0,0,0,0,0,0,0,0,0,0,0,0,0,0,0,0,0,0,0,0,0,0,0,0,0,0,0,0,0,0,0,0,0,0,0,0,0,0,0,0,0,0,0,0,0,0,0,0
0,0,0,0,0,0,0,0,0,0,0,0,0,0,0,0,0,0,0,0,0,0,0,0,0,0,0,0,0,0,0,0,0,0,0,0,0,0,0,0,0,0,0,0,0,0,0,0,0,0,0,0,0,0,0,0
0,0,0,0,0,0,0,0,0,0,0,0,0,0,0,0,0,0,0,0,0,0,0,0,0,0,0,0,0,0,0,0,0,0,0,0,0,0,0,0,0,0,0,0,0,0,0,0,0,0,0,0,0,0,0,0
0,0,0,0,0,0,0,0,0,0,0,0,0,0,0,0,0,0,0,0,0,0,0,0,0,0,0,0,0,0,0,0,0,0,0,0,0,0,0,0,0,0,0,0,0,0,0,0,0,0,0,0,0,0,0,0
0,0,0,0,0,0,0,0,0,0,0,0,0,0,0,0,0,0,0,0,0,0,0,0,0,0,0,0,0,0,0,0,0,0,0,0,0,0,0,0,0,0,0,0,0,0,0,0,0,0,0,0,0,0,0,0
0,0,0,0,0,0,0,0,0,0,0,0,0,0,0,0,0,0,0,0,0,0,0,0,0,0,0,0,0,0,0,0,0,0,0,0,0,0,0,0,0,0,0,0,0,0,0,0,0,0,0,0,0,0,0,0
0,0,0,0,0,0,0,0,0,0,0,0,0,0,0,0,0,0,0,0,0,0,0,0,0,0,0,0,0,0,0,0,0,0,0,0,0,0,0,0,0,0,0,0,0,0,0,0,0,0,0,0,0,0,0,0
0,0,0,0,0,0,0,0,0,0,0,0,0,0,0,0,0,0,0,0,0,0,0,0,0,0,0,0,0,0,0,0,0,0,0,0,0,0,0,0,0,0,0,0,0,0,0,0,0,0,0,0,0,0,0,0
0,0,0,0,0,0,0,0,0,0,0,0,0,0,0,0,0,0,0,0,0,0,0,0,0,0,0,0,0,0,0,0,0,0,0,0,0,0,0,0,0,0,0,0,0,0,0,0,0,0,0,0,0,0,0,0
0,0,0,0,0,0,0,0,0,0,0,0,0,0,0,0,0,0,0,0,0,0,0,0,0,0,0,0,0,0,0,0,0,0,0,0,0,0,0,0,0,0,0,0,0,0,0,0,0,0,0,0,0,0,0,0
0,0,0,0,0,0,0,0,0,0,0,0,0,0,0,0,0,0,0,0,0,0,0,0,0,0,0,0,0,0,0,0,0,0,0,0,0,0,0,0,0,0,0,0,0,0,0,0,0,0,0,0,0,0,0,0
0,0,0,0,0,0,0,0,0,0,0,0,0,0,0,0,0,0,0,0,0,0,0,0,0,0,0,0,0,0,0,0,0,0,0,0,0,0,0,0,0,0,0,0,0,0,0,0,0,0,0,0,0,0,0,0
0,0,0,0,0,0,0,0,0,0,0,0,0,0,0,0,0,0,0,0,0,0,0,0,0,0,0,0,0,0,0,0,0,0,0,0,0,0,0,0,0,0,0,0,0,0,0,0,0,0,0,0,0,0,0,0
0,0,0,0,0,0,0,0,0,0,0,0,0,0,0,0,0,0,0,0,0,0,0,0,0,0,0,0,0,0,0,0,0,0,0,0,0,0,0,0,0,0,0,0,0,0,0,0,0,0,0,0,0,0,0,0
0,0,0,0,0,0,0,0,0,0,0,0,0,0,0,0,0,0,0,0,0,0,0,0,0,0,0,0,0,0,0,0,0,0,0,0,0,0,0,0,0,0,0,0,0,0,0,0,0,0,0,0,0,0,0,0
0,0,0,0,0,0,0,0,0,0,0,0,0,0,0,0,0,0,0,0,0,0,0,0,0,0,0,0,0,0,0,0,0,0,0,0,0,0,0,0,0,0,0,0,0,0,0,0,0,0,0,0,0,0,0,0
0,0,0,0,0,0,0,0,0,0,0,0,0,0,0,0,0,0,0,0,0,0,0,0,0,0,0,0,0,0,0,0,0,0,0,0,0,0,0,0,0,0,0,0,0,0,0,0,0,0,0,0,0,0,0,0
0,0,0,0,0,0,0,0,0,0,0,0,0,0,0,0,0,0,0,0,0,0,0,0,0,0,0,0,0,0,0,0,0,0,0,0,0,0,0,0,0,0,0,0,0,0,0,0,0,0,0,0,0,0,0,0
0,0,0,0,0,0,0,0,0,0,0,0,0,0,0,0,0,0,0,0,0,0,0,0,0,0,0,0,0,0,0,0,0,0,0,0,0,0,0,0,0,0,0,0,0,0,0,0,0,0,0,0,0,0,0,0
0,0,0,0,0,0,0,0,0,0,0,0,0,0,0,0,0,0,0,0,0,0,0,0,0,0,0,0,0,0,0,0,0,0,0,0,0,0,0,0,0,0,0,0,0,0,0,0,0,0,0,0,0,0,0,0
0,0,0,0,0,0,0,0,0,0,0,0,0,0,0,0,0,0,0,0,0,0,0,0,0,0,0,0,0,0,0,0,0,0,0,0,0,0,0,0,0,0,0,0,0,0,0,0,0,0,0,0,0,0,0,0
0,0,0,0,0,0,0,0,0,0,0,0,0,0,0,0,0,0,0,0,0,0,0,0,0,0,0,0,0,0,0,0,0,0,0,0,0,0,0,0,0,0,0,0,0,0,0,0,0,0,0,0,0,0,0,0
0,0,0,0,0,0,0,0,0,0,0,0,0,0,0,0,0,0,0,0,0,0,0,0,0,0,0,0,0,0,0,0,0,0,0,0,0,0,0,0,0,0,0,0,0,0,0,0,0,0,0,0,0,0,0,0
0,0,0,0,0,0,0,0,0,0,0,0,0,0,0,0,0,0,0,0,0,0,0,0,0,0,0,0,0,0,0,0,0,0,0,0,0,0,0,0,0,0,0,0,0,0,0,0,0,0,0,0,0,0,0,0
0,0,0,0,0,0,0,0,0,0,0,0,0,0,0,0,0,0,0,0,0,0,0,0,0,0,0,0,0,0,0,0,0,0,0,0,0,0,0,0,0,0,0,0,0,0,0,0,0,0,0,0,0,0,0,0
0,0,0,0,0,0,0,0,0,0,0,0,0,0,0,0,0,0,0,0,0,0,0,0,0,0,0,0,0,0,0,0,0,0,0,0,0,0,0,0,0,0,0,0,0,0,0,0,0,0,0,0,0,0,0,0
0,0,0,0,0,0,0,0,0,0,0,0,0,0,0,0,0,0,0,0,0,0,0,0,0,0,0,0,0,0,0,0,0,0,0,0,0,0,0,0,0,0,0,0,0,0,0,0,0,0,0,0,0,0,0,0
0,0,0,0,0,0,0,0,0,0,0,0,0,0,0,0,0,0,0,0,0,0,0,0,0,0,0,0,0,0,0,0,0,0,0,0,0,0,0,0,0,0,0,0,0,0,0,0,0,0,0,0,0,0,0,0
0,0,0,0,0,0,0,0,0,0,0,0,0,0,0,0,0,0,0,0,0,0,0,0,0,0,0,0,0,0,0,0,0,0,0,0,0,0,0,0,0,0,0,0,0,0,0,0,0,0,0,0,0,0,0,0
0,0,0,0,0,0,0,0,0,0,0,0,0,0,0,0,0,0,0,0,0,0,0,0,0,0,0,0,0,0,0,0,0,0,0,0,0,0,0,0,0,0,0,0,0,0,0,0,0,0,0,0,0,0,0,0
0,0,0,0,0,0,0,0,0,0,0,0,0,0,0,0,0,0,0,0,0,0,0,0,0,0,0,0,0,0,0,0,0,0,0,0,0,0,0,0,0,0,0,0,0,0,0,0,0,0,0,0,0,0,0,0
0,0,0,0,0,0,0,0,0,0,0,0,0,0,0,0,0,0,0,0,0,0,0,0,0,0,0,0,0,0,0,0,0,0,0,0,0,0,0,0,0,0,0,0,0,0,0,0,0,0,0,0,0,0,0,0
0,0,0,0,0,0,0,0,0,0,0,0,0,0,0,0,0,0,0,0,0,0,0,0,0,0,0,0,0,0,0,0,0,0,0,0,0,0,0,0,0,0,0,0,0,0,0,0,0,0,0,0,0,0,0,0
0,0,0,0,0,0,0,0,0,0,0,0,0,0,0,0,0,0,0,0,0,0,0,0,0,0,0,0,0,0,0,0,0,0,0,0,0,0,0,0,0,0,0,0,0,0,0,0,0,0,0,0,0,0,0,0
0,0,0,0,0,0,0,0,0,0,0,0,0,0,0,0,0,0,0,0,0,0,0,0,0,0,0,0,0,0,0,0,0,0,0,0,0,0,0,0,0,0,0,0,0,0,0,0,0,0,0,0,0,0,0,0
0,0,0,0,0,0,0,0,0,0,0,0,0,0,0,0,0,0,0,0,0,0,0,0,0,0,0,0,0,0,0,0,0,0,0,0,0,0,0,0,0,0,0,0,0,0,0,0,0,0,0,0,0,0,0,0
0,0,0,0,0,0,0,0,0,0,0,0,0,0,0,0,0,0,0,0,0,0,0,0,0,0,0,0,0,0,0,0,0,0,0,0,0,0,0,0,0,0,0,0,0,0,0,0,0,0,0,0,0,0,0,0
0,0,0,0,0,0,0,0,0,0,0,0,0,0,0,0,0,0,0,0,0,0,0,0,0,0,0,0,0,0,0,0,0,0,0,0,0,0,0,0,0,0,0,0,0,0,0,0,0,0,0,0,0,0,0,0
0,0,0,0,0,0,0,0,0,0,0,0,0,0,0,0,0,0,0,0,0,0,0,0,0,0,0,0,0,0,0,0,0,0,0,0,0,0,0,0,0,0,0,0,0,0,0,0,0,0,0,0,0,0,0,0
0,0,0,0,0,0,0,0,0,0,0,0,0,0,0,0,0,0,0,0,0,0,0,0,0,0,0,0,0,0,0,0,0,0,0,0,0,0,0,0,0,0,0,0,0,0,0,0,0,0,0,0,0,0,0,0
0,0,0,0,0,0,0,0,0,0,0,0,0,0,0,0,0,0,0,0,0,0,0,0,0,0,0,0,0,0,0,0,0,0,0,0,0,0,0,0,0,0,0,0,0,0,0,0,0,0,0,0,0,0,0,0
0,0,0,0,0,0,0,0,0,0,0,0,0,0,0,0,0,0,0,0,0,0,0,0,0,0,0,0,0,0,0,0,0,0,0,0,0,0,0,0,0,0,0,0,0,0,0,0,0,0,0,0,0,0,0,0
0,0,0,0,0,0,0,0,0,0,0,0,0,0,0,0,0,0,0,0,0,0,0,0,0,0,0,0,0,0,0,0,0,0,0,0,0,0,0,0,0,0,0,0,0,0,0,0,0,0,0,0,0,0,0,0
0,0,0,0,0,0,0,0,0,0,0,0,0,0,0,0,0,0,0,0,0,0,0,0,0,0,0,0,0,0,0,0,0,0,0,0,0,0,0,0,0,0,0,0,0,0,0,0,0,0,0,0,0,0,0,0
0,0,0,0,0,0,0,0,0,0,0,0,0,0,0,0,0,0,0,0,0,0,0,0,0,0,0,0,0,0,0,0,0,0,0,0,0,0,0,0,0,0,0,0,0,0,0,0,0,0,0,0,0,0,0,0
0,0,0,0,0,0,0,0,0,0,0,0,0,0,0,0,0,0,0,0,0,0,0,0,0,0,0,0,0,0,0,0,0,0,0,0,0,0,0,0,0,0,0,0,0,0,0,0,0,0,0,0,0,0,0,0
0,0,0,0,0,0,0,0,0,0,0,0,0,0,0,0,0,0,0,0,0,0,0,0,0,0,0,0,0,0,0,0,0,0,0,0,0,0,0,0,0,0,0,0,0,0,0,0,0,0,0,0,0,0,0,0
0,0,0,0,0,0,0,0,0,0,0,0,0,0,0,0,0,0,0,0,0,0,0,0,0,0,0,0,0,0,0,0,0,0,0,0,0,0,0,0,0,0,0,0,0,0,0,0,0,0,0,0,0,0,0,0
0,0,0,0,0,0,0,0,0,0,0,0,0,0,0,0,0,0,0,0,0,0,0,0,0,0,0,0,0,0,0,0,0,0,0,0,0,0,0,0,0,0,0,0,0,0,0,0,0,0,0,0,0,0,0,0
0,0,0,0,0,0,0,0,0,0,0,0,0,0,0,0,0,0,0,0,0,0,0,0,0,0,0,0,0,0,0,0,0,0,0,0,0,0,0,0,0,0,0,0,0,0,0,0,0,0,0,0,0,0,0,0
0,0,0,0,0,0,0,0,0,0,0,0,0,0,0,0,0,0,0,0,0,0,0,0,0,0,0,0,0,0,0,0,0,0,0,0,0,0,0,0,0,0,0,0,0,0,0,0,0,0,0,0,0,0,0,0
0,0,0,0,0,0,0,0,0,0,0,0,0,0,0,0,0,0,0,0,0,0,0,0,0,0,0,0,0,0,0,0,0,0,0,0,0,0,0,0,0,0,0,0,0,0,0,0,0,0,0,0,0,0,0,0
0,0,0,0,0,0,0,0,0,0,0,0,0,0,0,0,0,0,0,0,0,0,0,0,0,0,0,0,0,0,0,0,0,0,0,0,0,0,0,0,0,0,0,0,0,0,0,0,0,0,0,0,0,0,0,0
0,0,0,0,0,0,0,0,0,0,0,0,0,0,0,0,0,0,0,0,0,0,0,0,0,0,0,0,0,0,0,0,0,0,0,0,0,0,0,0,0,0,0,0,0,0,0,0,0,0,0,0,0,0,0,0
0,0,0,0,0,0,0,0,0,0,0,0,0,0,0,0,0,0,0,0,0,0,0,0,0,0,0,0,0,0,0,0,0,0,0,0,0,0,0,0,0,0,0,0,0,0,0,0,0,0,0,0,0,0,0,0
0,0,0,0,0,0,0,0,0,0,0,0,0,0,0,0,0,0,0,0,0,0,0,0,0,0,0,0,0,0,0,0,0,0,0,0,0,0,0,0,0,0,0,0,0,0,0,0,0,0,0,0,0,0,0,0
0,0,0,0,0,0,0,0,0,0,0,0,0,0,0,0,0,0,0,0,0,0,0,0,0,0,0,0,0,0,0,0,0,0,0,0,0,0,0,0,0,0,0,0,0,0,0,0,0,0,0,0,0,0,0,0
0,0,0,0,0,0,0,0,0,0,0,0,0,0,0,0,0,0,0,0,0,0,0,0,0,0,0,0,0,0,0,0,0,0,0,0,0,0,0,0,0,0,0,0,0,0,0,0,0,0,0,0,0,0,0,0
0,0,0,0,0,0,0,0,0,0,0,0,0,0,0,0,0,0,0,0,0,0,0,0,0,0,0,0,0,0,0,0,0,0,0,0,0,0,0,0,0,0,0,0,0,0,0,0,0,0,0,0,0,0,0,0
0,0,0,0,0,0,0,0,0,0,0,0,0,0,0,0,0,0,0,0,0,0,0,0,0,0,0,0,0,0,0,0,0,0,0,0,0,0,0,0,0,0,0,0,0,0,0,0,0,0,0,0,0,0,0,0
0,0,0,0,0,0,0,0,0,0,0,0,0,0,0,0,0,0,0,0,0,0,0,0,0,0,0,0,0,0,0,0,0,0,0,0,0,0,0,0,0,0,0,0,0,0,0,0,0,0,0,0,0,0,0,0
0,0,0,0,0,0,0,0,0,0,0,0,0,0,0,0,0,0,0,0,0,0,0,0,0,0,0,0,0,0,0,0,0,0,0,0,0,0,0,0,0,0,0,0,0,0,0,0,0,0,0,0,0,0,0,0
0,0,0,0,0,0,0,0,0,0,0,0,0,0,0,0,0,0,0,0,0,0,0,0,0,0,0,0,0,0,0,0,0,0,0,0,0,0,0,0,0,0,0,0,0,0,0,0,0,0,0,0,0,0,0,0
0,0,0,0,0,0,0,0,0,0,0,0,0,0,0,0,0,0,0,0,0,0,0,0,0,0,0,0,0,0,0,0,0,0,0,0,0,0,0,0,0,0,0,0,0,0,0,0,0,0,0,0,0,0,0,0
0,0,0,0,0,0,0,0,0,0,0,0,0,0,0,0,0,0,0,0,0,0,0,0,0,0,0,0,0,0,0,0,0,0,0,0,0,0,0,0,0,0,0,0,0,0,0,0,0,0,0,0,0,0,0,0
0,0,0,0,0,0,0,0,0,0,0,0,0,0,0,0,0,0,0,0,0,0,0,0,0,0,0,0,0,0,0,0,0,0,0,0,0,0,0,0,0,0,0,0,0,0,0,0,0,0,0,0,0,0,0,0
0,0,0,0,0,0,0,0,0,0,0,0,0,0,0,0,0,0,0,0,0,0,0,0,0,0,0,0,0,0,0,0,0,0,0,0,0,0,0,0,0,0,0,0,0,0,0,0,0,0,0,0,0,0,0,0
0,0,0,0,0,0,0,0,0,0,0,0,0,0,0,0,0,0,0,0,0,0,0,0,0,0,0,0,0,0,0,0,0,0,0,0,0,0,0,0,0,0,0,0,0,0,0,0,0,0,0,0,0,0,0,0
0,0,0,0,0,0,0,0,0,0,0,0,0,0,0,0,0,0,0,0,0,0,0,0,0,0,0,0,0,0,0,0,0,0,0,0,0,0,0,0,0,0,0,0,0,0,0,0,0,0,0,0,0,0,0,0
0,0,0,0,0,0,0,0,0,0,0,0,0,0,0,0,0,0,0,0,0,0,0,0,0,0,0,0,0,0,0,0,0,0,0,0,0,0,0,0,0,0,0,0,0,0,0,0,0,0,0,0,0,0,0,0
0,0,0,0,0,0,0,0,0,0,0,0,0,0,0,0,0,0,0,0,0,0,0,0,0,0,0,0,0,0,0,0,0,0,0,0,0,0,0,0,0,0,0,0,0,0,0,0,0,0,0,0,0,0,0,0
0,0,0,0,0,0,0,0,0,0,0,0,0,0,0,0,0,0,0,0,0,0,0,0,0,0,0,0,0,0,0,0,0,0,0,0,0,0,0,0,0,0,0,0,0,0,0,0,0,0,0,0,0,0,0,0
0,0,0,0,0,0,0,0,0,0,0,0,0,0,0,0,0,0,0,0,0,0,0,0,0,0,0,0,0,0,0,0,0,0,0,0,0,0,0,0,0,0,0,0,0,0,0,0,0,0,0,0,0,0,0,0
0,0,0,0,0,0,0,0,0,0,0,0,0,0,0,0,0,0,0,0,0,0,0,0,0,0,0,0,0,0,0,0,0,0,0,0,0,0,0,0,0,0,0,0,0,0,0,0,0,0,0,0,0,0,0,0
0,0,0,0,0,0,0,0,0,0,0,0,0,0,0,0,0,0,0,0,0,0,0,0,0,0,0,0,0,0,0,0,0,0,0,0,0,0,0,0,0,0,0,0,0,0,0,0,0,0,0,0,0,0,0,0
0,0,0,0,0,0,0,0,0,0,0,0,0,0,0,0,0,0,0,0,0,0,0,0,0,0,0,0,0,0,0,0,0,0,0,0,0,0,0,0,0,0,0,0,0,0,0,0,0,0,0,0,0,0,0,0
0,0,0,0,0,0,0,0,0,0,0,0,0,0,0,0,0,0,0,0,0,0,0,0,0,0,0,0,0,0,0,0,0,0,0,0,0,0,0,0,0,0,0,0,0,0,0,0,0,0,0,0,0,0,0,0
0,0,0,0,0,0,0,0,0,0,0,0,0,0,0,0,0,0,0,0,0,0,0,0,0,0,0,0,0,0,0,0,0,0,0,0,0,0,0,0,0,0,0,0,0,0,0,0,0,0,0,0,0,0,0,0
0,0,0,0,0,0,0,0,0,0,0,0,0,0,0,0,0,0,0,0,0,0,0,0,0,0,0,0,0,0,0,0,0,0,0,0,0,0,0,0,0,0,0,0,0,0,0,0,0,0,0,0,0,0,0,0
0,0,0,0,0,0,0,0,0,0,0,0,0,0,0,0,0,0,0,0,0,0,0,0,0,0,0,0,0,0,0,0,0,0,0,0,0,0,0,0,0,0,0,0,0,0,0,0,0,0,0,0,0,0,0,0
0,0,0,0,0,0,0,0,0,0,0,0,0,0,0,0,0,0,0,0,0,0,0,0,0,0,0,0,0,0,0,0,0,0,0,0,0,0,0,0,0,0,0,0,0,0,0,0,0,0,0,0,0,0,0,0
0,0,0,0,0,0,0,0,0,0,0,0,0,0,0,0,0,0,0,0,0,0,0,0,0,0,0,0,0,0,0,0,0,0,0,0,0,0,0,0,0,0,0,0,0,0,0,0,0,0,0,0,0,0,0,0
0,0,0,0,0,0,0,0,0,0,0,0,0,0,0,0,0,0,0,0,0,0,0,0,0,0,0,0,0,0,0,0,0,0,0,0,0,0,0,0,0,0,0,0,0,0,0,0,0,0,0,0,0,0,0,0
0,0,0,0,0,0,0,0,0,0,0,0,0,0,0,0,0,0,0,0,0,0,0,0,0,0,0,0,0,0,0,0,0,0,0,0,0,0,0,0,0,0,0,0,0,0,0,0,0,0,0,0,0,0,0,0
0,0,0,0,0,0,0,0,0,0,0,0,0,0,0,0,0,0,0,0,0,0,0,0,0,0,0,0,0,0,0,0,0,0,0,0,0,0,0,0,0,0,0,0,0,0,0,0,0,0,0,0,0,0,0,0
0,0,0,0,0,0,0,0,0,0,0,0,0,0,0,0,0,0,0,0,0,0,0,0,0,0,0,0,0,0,0,0,0,0,0,0,0,0,0,0,0,0,0,0,0,0,0,0,0,0,0,0,0,0,0,0
0,0,0,0,0,0,0,0,0,0,0,0,0,0,0,0,0,0,0,0,0,0,0,0,0,0,0,0,0,0,0,0,0,0,0,0,0,0,0,0,0,0,0,0,0,0,0,0,0,0,0,0,0,0,0,0
0,0,0,0,0,0,0,0,0,0,0,0,0,0,0,0,0,0,0,0,0,0,0,0,0,0,0,0,0,0,0,0,0,0,0,0,0,0,0,0,0,0,0,0,0,0,0,0,0,0,0,0,0,0,0,0
0,0,0,0,0,0,0,0,0,0,0,0,0,0,0,0,0,0,0,0,0,0,0,0,0,0,0,0,0,0,0,0,0,0,0,0,0,0,0,0,0,0,0,0,0,0,0,0,0,0,0,0,0,0,0,0
0,0,0,0,0,0,0,0,0,0,0,0,0,0,0,0,0,0,0,0,0,0,0,0,0,0,0,0,0,0,0,0,0,0,0,0,0,0,0,0,0,0,0,0,0,0,0,0,0,0,0,0,0,0,0,0
0,0,0,0,0,0,0,0,0,0,0,0,0,0,0,0,0,0,0,0,0,0,0,0,0,0,0,0,0,0,0,0,0,0,0,0,0,0,0,0,0,0,0,0,0,0,0,0,0,0,0,0,0,0,0,0
0,0,0,0,0,0,0,0,0,0,0,0,0,0,0,0,0,0,0,0,0,0,0,0,0,0,0,0,0,0,0,0,0,0,0,0,0,0,0,0,0,0,0,0,0,0,0,0,0,0,0,0,0,0,0,0
0,0,0,0,0,0,0,0,0,0,0,0,0,0,0,0,0,0,0,0,0,0,0,0,0,0,0,0,0,0,0,0,0,0,0,0,0,0,0,0,0,0,0,0,0,0,0,0,0,0,0,0,0,0,0,0
0,0,0,0,0,0,0,0,0,0,0,0,0,0,0,0,0,0,0,0,0,0,0,0,0,0,0,0,0,0,0,0,0,0,0,0,0,0,0,0,0,0,0,0,0,0,0,0,0,0,0,0,0,0,0,0
0,0,0,0,0,0,0,0,0,0,0,0,0,0,0,0,0,0,0,0,0,0,0,0,0,0,0,0,0,0,0,0,0,0,0,0,0,0,0,0,0,0,0,0,0,0,0,0,0,0,0,0,0,0,0,0
0,0,0,0,0,0,0,0,0,0,0,0,0,0,0,0,0,0,0,0,0,0,0,0,0,0,0,0,0,0,0,0,0,0,0,0,0,0,0,0,0,0,0,0,0,0,0,0,0,0,0,0,0,0,0,0
0,0,0,0,0,0,0,0,0,0,0,0,0,0,0,0,0,0,0,0,0,0,0,0,0,0,0,0,0,0,0,0,0,0,0,0,0,0,0,0,0,0,0,0,0,0,0,0,0,0,0,0,0,0,0,0
0,0,0,0,0,0,0,0,0,0,0,0,0,0,0,0,0,0,0,0,0,0,0,0,0,0,0,0,0,0,0,0,0,0,0,0,0,0,0,0,0,0,0,0,0,0,0,0,0,0,0,0,0,0,0,0
0,0,0,0,0,0,0,0,0,0,0,0,0,0,0,0,0,0,0,0,0,0,0,0,0,0,0,0,0,0,0,0,0,0,0,0,0,0,0,0,0,0,0,0,0,0,0,0,0,0,0,0,0,0,0,0
0,0,0,0,0,0,0,0,0,0,0,0,0,0,0,0,0,0,0,0,0,0,0,0,0,0,0,0,0,0,0,0,0,0,0,0,0,0,0,0,0,0,0,0,0,0,0,0,0,0,0,0,0,0,0,0
0,0,0,0,0,0,0,0,0,0,0,0,0,0,0,0,0,0,0,0,0,0,0,0,0,0,0,0,0,0,0,0,0,0,0,0,0,0,0,0,0,0,0,0,0,0,0,0,0,0,0,0,0,0,0,0
0,0,0,0,0,0,0,0,0,0,0,0,0,0,0,0,0,0,0,0,0,0,0,0,0,0,0,0,0,0,0,0,0,0,0,0,0,0,0,0,0,0,0,0,0,0,0,0,0,0,0,0,0,0,0,0
0,0,0,0,0,0,0,0,0,0,0,0,0,0,0,0,0,0,0,0,0,0,0,0,0,0,0,0,0,0,0,0,0,0,0,0,0,0,0,0,0,0,0,0,0,0,0,0,0,0,0,0,0,0,0,0
0,0,0,0,0,0,0,0,0,0,0,0,0,0,0,0,0,0,0,0,0,0,0,0,0,0,0,0,0,0,0,0,0,0,0,0,0,0,0,0,0,0,0,0,0,0,0,0,0,0,0,0,0,0,0,0
0,0,0,0,0,0,0,0,0,0,0,0,0,0,0,0,0,0,0,0,0,0,0,0,0,0,0,0,0,0,0,0,0,0,0,0,0,0,0,0,0,0,0,0,0,0,0,0,0,0,0,0,0,0,0,0
0,0,0,0,0,0,0,0,0,0,0,0,0,0,0,0,0,0,0,0,0,0,0,0,0,0,0,0,0,0,0,0,0,0,0,0,0,0,0,0,0,0,0,0,0,0,0,0,0,0,0,0,0,0,0,0
0,0,0,0,0,0,0,0,0,0,0,0,0,0,0,0,0,0,0,0,0,0,0,0,0,0,0,0,0,0,0,0,0,0,0,0,0,0,0,0,0,0,0,0,0,0,0,0,0,0,0,0,0,0,0,0
0,0,0,0,0,0,0,0,0,0,0,0,0,0,0,0,0,0,0,0,0,0,0,0,0,0,0,0,0,0,0,0,0,0,0,0,0,0,0,0,0,0,0,0,0,0,0,0,0,0,0,0,0,0,0,0
0,0,0,0,0,0,0,0,0,0,0,0,0,0,0,0,0,0,0,0,0,0,0,0,0,0,0,0,0,0,0,0,0,0,0,0,0,0,0,0,0,0,0,0,0,0,0,0,0,0,0,0,0,0,0,0
0,0,0,0,0,0,0,0,0,0,0,0,0,0,0,0,0,0,0,0,0,0,0,0,0,0,0,0,0,0,0,0,0,0,0,0,0,0,0,0,0,0,0,0,0,0,0,0,0,0,0,0,0,0,0,0
0,0,0,0,0,0,0,0,0,0,0,0,0,0,0,0,0,0,0,0,0,0,0,0,0,0,0,0,0,0,0,0,0,0,0,0,0,0,0,0,0,0,0,0,0,0,0,0,0,0,0,0,0,0,0,0
0,0,0,0,0,0,0,0,0,0,0,0,0,0,0,0,0,0,0,0,0,0,0,0,0,0,0,0,0,0,0,0,0,0,0,0,0,0,0,0,0,0,0,0,0,0,0,0,0,0,0,0,0,0,0,0
0,0,0,0,0,0,0,0,0,0,0,0,0,0,0,0,0,0,0,0,0,0,0,0,0,0,0,0,0,0,0,0,0,0,0,0,0,0,0,0,0,0,0,0,0,0,0,0,0,0,0,0,0,0,0,0
0,0,0,0,0,0,0,0,0,0,0,0,0,0,0,0,0,0,0,0,0,0,0,0,0,0,0,0,0,0,0,0,0,0,0,0,0,0,0,0,0,0,0,0,0,0,0,0,0,0,0,0,0,0,0,0
0,0,0,0,0,0,0,0,0,0,0,0,0,0,0,0,0,0,0,0,0,0,0,0,0,0,0,0,0,0,0,0,0,0,0,0,0,0,0,0,0,0,0,0,0,0,0,0,0,0,0,0,0,0,0,0
0,0,0,0,0,0,0,0,0,0,0,0,0,0,0,0,0,0,0,0,0,0,0,0,0,0,0,0,0,0,0,0,0,0,0,0,0,0,0,0,0,0,0,0,0,0,0,0,0,0,0,0,0,0,0,0
0,0,0,0,0,0,0,0,0,0,0,0,0,0,0,0,0,0,0,0,0,0,0,0,0,0,0,0,0,0,0,0,0,0,0,0,0,0,0,0,0,0,0,0,0,0,0,0,0,0,0,0,0,0,0,0
0,0,0,0,0,0,0,0,0,0,0,0,0,0,0,0,0,0,0,0,0,0,0,0,0,0,0,0,0,0,0,0,0,0,0,0,0,0,0,0,0,0,0,0,0,0,0,0,0,0,0,0,0,0,0,0
0,0,0,0,0,0,0,0,0,0,0,0,0,0,0,0,0,0,0,0,0,0,0,0,0,0,0,0,0,0,0,0,0,0,0,0,0,0,0,0,0,0,0,0,0,0,0,0,0,0,0,0,0,0,0,0
0,0,0,0,0,0,0,0,0,0,0,0,0,0,0,0,0,0,0,0,0,0,0,0,0,0,0,0,0,0,0,0,0,0,0,0,0,0,0,0,0,0,0,0,0,0,0,0,0,0,0,0,0,0,0,0
0,0,0,0,0,0,0,0,0,0,0,0,0,0,0,0,0,0,0,0,0,0,0,0,0,0,0,0,0,0,0,0,0,0,0,0,0,0,0,0,0,0,0,0,0,0,0,0,0,0,0,0,0,0,0,0
0,0,0,0,0,0,0,0,0,0,0,0,0,0,0,0,0,0,0,0,0,0,0,0,0,0,0,0,0,0,0,0,0,0,0,0,0,0,0,0,0,0,0,0,0,0,0,0,0,0,0,0,0,0,0,0
0,0,0,0,0,0,0,0,0,0,0,0,0,0,0,0,0,0,0,0,0,0,0,0,0,0,0,0,0,0,0,0,0,0,0,0,0,0,0,0,0,0,0,0,0,0,0,0,0,0,0,0,0,0,0,0
0,0,0,0,0,0,0,0,0,0,0,0,0,0,0,0,0,0,0,0,0,0,0,0,0,0,0,0,0,0,0,0,0,0,0,0,0,0,0,0,0,0,0,0,0,0,0,0,0,0,0,0,0,0,0,0
0,0,0,0,0,0,0,0,0,0,0,0,0,0,0,0,0,0,0,0,0,0,0,0,0,0,0,0,0,0,0,0,0,0,0,0,0,0,0,0,0,0,0,0,0,0,0,0,0,0,0,0,0,0,0,0
0,0,0,0,0,0,0,0,0,0,0,0,0,0,0,0,0,0,0,0,0,0,0,0,0,0,0,0,0,0,0,0,0,0,0,0,0,0,0,0,0,0,0,0,0,0,0,0,0,0,0,0,0,0,0,0
0,0,0,0,0,0,0,0,0,0,0,0,0,0,0,0,0,0,0,0,0,0,0,0,0,0,0,0,0,0,0,0,0,0,0,0,0,0,0,0,0,0,0,0,0,0,0,0,0,0,0,0,0,0,0,0
0,0,0,0,0,0,0,0,0,0,0,0,0,0,0,0,0,0,0,0,0,0,0,0,0,0,0,0,0,0,0,0,0,0,0,0,0,0,0,0,0,0,0,0,0,0,0,0,0,0,0,0,0,0,0,0
0,0,0,0,0,0,0,0,0,0,0,0,0,0,0,0,0,0,0,0,0,0,0,0,0,0,0,0,0,0,0,0,0,0,0,0,0,0,0,0,0,0,0,0,0,0,0,0,0,0,0,0,0,0,0,0
0,0,0,0,0,0,0,0,0,0,0,0,0,0,0,0,0,0,0,0,0,0,0,0,0,0,0,0,0,0,0,0,0,0,0,0,0,0,0,0,0,0,0,0,0,0,0,0,0,0,0,0,0,0,0,0
0,0,0,0,0,0,0,0,0,0,0,0,0,0,0,0,0,0,0,0,0,0,0,0,0,0,0,0,0,0,0,0,0,0,0,0,0,0,0,0,0,0,0,0,0,0,0,0,0,0,0,0,0,0,0,0
0,0,0,0,0,0,0,0,0,0,0,0,0,0,0,0,0,0,0,0,0,0,0,0,0,0,0,0,0,0,0,0,0,0,0,0,0,0,0,0,0,0,0,0,0,0,0,0,0,0,0,0,0,0,0,0
0,0,0,0,0,0,0,0,0,0,0,0,0,0,0,0,0,0,0,0,0,0,0,0,0,0,0,0,0,0,0,0,0,0,0,0,0,0,0,0,0,0,0,0,0,0,0,0,0,0,0,0,0,0,0,0
0,0,0,0,0,0,0,0,0,0,0,0,0,0,0,0,0,0,0,0,0,0,0,0,0,0,0,0,0,0,0,0,0,0,0,0,0,0,0,0,0,0,0,0,0,0,0,0,0,0,0,0,0,0,0,0
0,0,0,0,0,0,0,0,0,0,0,0,0,0,0,0,0,0,0,0,0,0,0,0,0,0,0,0,0,0,0,0,0,0,0,0,0,0,0,0,0,0,0,0,0,0,0,0,0,0,0,0,0,0,0,0
0,0,0,0,0,0,0,0,0,0,0,0,0,0,0,0,0,0,0,0,0,0,0,0,0,0,0,0,0,0,0,0,0,0,0,0,0,0,0,0,0,0,0,0,0,0,0,0,0,0,0,0,0,0,0,0
0,0,0,0,0,0,0,0,0,0,0,0,0,0,0,0,0,0,0,0,0,0,0,0,0,0,0,0,0,0,0,0,0,0,0,0,0,0,0,0,0,0,0,0,0,0,0,0,0,0,0,0,0,0,0,0
0,0,0,0,0,0,0,0,0,0,0,0,0,0,0,0,0,0,0,0,0,0,0,0,0,0,0,0,0,0,0,0,0,0,0,0,0,0,0,0,0,0,0,0,0,0,0,0,0,0,0,0,0,0,0,0
0,0,0,0,0,0,0,0,0,0,0,0,0,0,0,0,0,0,0,0,0,0,0,0,0,0,0,0,0,0,0,0,0,0,0,0,0,0,0,0,0,0,0,0,0,0,0,0,0,0,0,0,0,0,0,0
0,0,0,0,0,0,0,0,0,0,0,0,0,0,0,0,0,0,0,0,0,0,0,0,0,0,0,0,0,0,0,0,0,0,0,0,0,0,0,0,0,0,0,0,0,0,0,0,0,0,0,0,0,0,0,0
0,0,0,0,0,0,0,0,0,0,0,0,0,0,0,0,0,0,0,0,0,0,0,0,0,0,0,0,0,0,0,0,0,0,0,0,0,0,0,0,0,0,0,0,0,0,0,0,0,0,0,0,0,0,0,0
0,0,0,0,0,0,0,0,0,0,0,0,0,0,0,0,0,0,0,0,0,0,0,0,0,0,0,0,0,0,0,0,0,0,0,0,0,0,0,0,0,0,0,0,0,0,0,0,0,0,0,0,0,0,0,0
0,0,0,0,0,0,0,0,0,0,0,0,0,0,0,0,0,0,0,0,0,0,0,0,0,0,0,0,0,0,0,0,0,0,0,0,0,0,0,0,0,0,0,0,0,0,0,0,0,0,0,0,0,0,0,0
0,0,0,0,0,0,0,0,0,0,0,0,0,0,0,0,0,0,0,0,0,0,0,0,0,0,0,0,0,0,0,0,0,0,0,0,0,0,0,0,0,0,0,0,0,0,0,0,0,0,0,0,0,0,0,0
0,0,0,0,0,0,0,0,0,0,0,0,0,0,0,0,0,0,0,0,0,0,0,0,0,0,0,0,0,0,0,0,0,0,0,0,0,0,0,0,0,0,0,0,0,0,0,0,0,0,0,0,0,0,0,0
0,0,0,0,0,0,0,0,0,0,0,0,0,0,0,0,0,0,0,0,0,0,0,0,0,0,0,0,0,0,0,0,0,0,0,0,0,0,0,0,0,0,0,0,0,0,0,0,0,0,0,0,0,0,0,0
0,0,0,0,0,0,0,0,0,0,0,0,0,0,0,0,0,0,0,0,0,0,0,0,0,0,0,0,0,0,0,0,0,0,0,0,0,0,0,0,0,0,0,0,0,0,0,0,0,0,0,0,0,0,0,0
0,0,0,0,0,0,0,0,0,0,0,0,0,0,0,0,0,0,0,0,0,0,0,0,0,0,0,0,0,0,0,0,0,0,0,0,0,0,0,0,0,0,0,0,0,0,0,0,0,0,0,0,0,0,0,0
0,0,0,0,0,0,0,0,0,0,0,0,0,0,0,0,0,0,0,0,0,0,0,0,0,0,0,0,0,0,0,0,0,0,0,0,0,0,0,0,0,0,0,0,0,0,0,0,0,0,0,0,0,0,0,0
0,0,0,0,0,0,0,0,0,0,0,0,0,0,0,0,0,0,0,0,0,0,0,0,0,0,0,0,0,0,0,0,0,0,0,0,0,0,0,0,0,0,0,0,0,0,0,0,0,0,0,0,0,0,0,0
0,0,0,0,0,0,0,0,0,0,0,0,0,0,0,0,0,0,0,0,0,0,0,0,0,0,0,0,0,0,0,0,0,0,0,0,0,0,0,0,0,0,0,0,0,0,0,0,0,0,0,0,0,0,0,0
0,0,0,0,0,0,0,0,0,0,0,0,0,0,0,0,0,0,0,0,0,0,0,0,0,0,0,0,0,0,0,0,0,0,0,0,0,0,0,0,0,0,0,0,0,0,0,0,0,0,0,0,0,0,0,0
0,0,0,0,0,0,0,0,0,0,0,0,0,0,0,0,0,0,0,0,0,0,0,0,0,0,0,0,0,0,0,0,0,0,0,0,0,0,0,0,0,0,0,0,0,0,0,0,0,0,0,0,0,0,0,0
0,0,0,0,0,0,0,0,0,0,0,0,0,0,0,0,0,0,0,0,0,0,0,0,0,0,0,0,0,0,0,0,0,0,0,0,0,0,0,0,0,0,0,0,0,0,0,0,0,0,0,0,0,0,0,0
0,0,0,0,0,0,0,0,0,0,0,0,0,0,0,0,0,0,0,0,0,0,0,0,0,0,0,0,0,0,0,0,0,0,0,0,0,0,0,0,0,0,0,0,0,0,0,0,0,0,0,0,0,0,0,0
0,0,0,0,0,0,0,0,0,0,0,0,0,0,0,0,0,0,0,0,0,0,0,0,0,0,0,0,0,0,0,0,0,0,0,0,0,0,0,0,0,0,0,0,0,0,0,0,0,0,0,0,0,0,0,0
0,0,0,0,0,0,0,0,0,0,0,0,0,0,0,0,0,0,0,0,0,0,0,0,0,0,0,0,0,0,0,0,0,0,0,0,0,0,0,0,0,0,0,0,0,0,0,0,0,0,0,0,0,0,0,0
0,0,0,0,0,0,0,0,0,0,0,0,0,0,0,0,0,0,0,0,0,0,0,0,0,0,0,0,0,0,0,0,0,0,0,0,0,0,0,0,0,0,0,0,0,0,0,0,0,0,0,0,0,0,0,0
0,0,0,0,0,0,0,0,0,0,0,0,0,0,0,0,0,0,0,0,0,0,0,0,0,0,0,0,0,0,0,0,0,0,0,0,0,0,0,0,0,0,0,0,0,0,0,0,0,0,0,0,0,0,0,0
0,0,0,0,0,0,0,0,0,0,0,0,0,0,0,0,0,0,0,0,0,0,0,0,0,0,0,0,0,0,0,0,0,0,0,0,0,0,0,0,0,0,0,0,0,0,0,0,0,0,0,0,0,0,0,0
