-99,-104,-96,-94,-95,-77,-49,-4,34,70,115,138,183,202,228,247,252,263,274,268,274,297,292,298,295,300,292,285,261,242,223,167,108,111,34,0,84,-6,-414,300,-30,372,-160,35,-26,-36,-62,-53,-124,-90,-116,-88,-67,-39,-28,-21
95,84,98,91,65,60,69,90,94,100,126,122,153,156,165,176,165,163,146,124,106,97,77,73,48,47,41,20,26,29,22,7,1,17,-41,-4,49,29,-419,301,58,417,-164,86,123,189,101,130,86,113,106,105,133,132,127,135
-186,-189,-172,-163,-158,-129,-95,-44,-10,35,75,102,136,168,196,224,236,253,262,286,289,305,301,316,305,298,288,283,259,215,180,148,85,89,3,-3,76,-8,-366,390,-59,324,-278,10,105,168,66,117,75,110,129,143,165,168,197,207
-184,-191,-173,-165,-167,-139,-119,-81,-45,-21,12,37,77,104,121,137,165,187,217,238,263,285,312,309,336,335,321,322,286,271,225,218,185,110,111,70,-51,10,290,-439,-4,-337,233,-19,-93,-154,-52,-86,-66,-60,-67,-46,-31,1,49,55
-62,-62,-53,-49,-53,-45,-4,38,66,101,151,165,200,243,260,282,296,278,278,280,280,279,267,276,253,245,245,236,244,174,149,154,101,95,-20,83,-12,105,-128,-390,160,-266,342,11,-54,-77,18,-36,6,-10,-7,-13,6,26,74,82
-161,-160,-165,-161,-148,-121,-95,-57,-16,17,51,89,123,142,172,185,203,222,242,264,291,318,345,354,369,376,383,388,367,334,296,239,173,150,87,23,113,-54,-226,391,-237,14,-512,-326,-259,-233,-385,-365,-401,-381,-369,-359,-330,-325,-312,-303
-148,-140,-152,-144,-113,-106,-88,-95,-92,-80,-90,-80,-94,-92,-81,-86,-62,-63,-34,6,22,40,64,79,90,91,106,119,124,90,74,95,91,48,68,72,-41,19,328,-369,-87,-457,-38,-240,-228,-255,-254,-279,-224,-260,-229,-237,-240,-246,-237,-232
-230,-230,-219,-207,-195,-185,-137,-116,-90,-67,-24,-20,-4,25,70,90,120,136,178,217,250,308,327,359,392,412,416,438,387,368,339,263,210,176,170,13,64,-131,167,255,-318,-100,-512,-335,-183,-142,-325,-302,-339,-331,-292,-253,-241,-215,-171,-144
-162,-166,-160,-155,-145,-138,-127,-116,-112,-93,-86,-77,-70,-66,-42,-14,4,28,79,144,184,219,248,293,310,321,344,371,375,307,276,249,167,167,52,75,104,34,-512,233,-86,307,-355,-159,-200,-199,-305,-282,-358,-303,-300,-265,-232,-205,-176,-149
-68,-61,-58,-49,-37,-18,-3,14,33,48,69,81,89,89,86,81,60,41,14,-16,-52,-68,-107,-121,-150,-164,-174,-183,-175,-165,-140,-134,-106,-61,-70,-20,20,21,-231,85,61,191,21,34,-62,-95,-93,-117,-146,-150,-176,-176,-181,-174,-177,-173
183,188,191,176,156,136,115,101,91,66,58,34,30,17,1,-12,-39,-61,-89,-137,-168,-187,-228,-239,-268,-270,-284,-293,-293,-258,-212,-219,-194,-120,-126,-96,36,-8,-386,353,201,511,268,368,292,292,369,394,367,396,352,343,335,328,294,277
-145,-140,-148,-141,-120,-106,-100,-108,-96,-104,-98,-97,-111,-113,-100,-89,-90,-76,-38,-17,13,44,60,76,109,126,138,158,138,127,112,83,49,65,24,-4,99,-24,-348,346,-112,255,-374,-164,-198,-198,-290,-275,-324,-286,-305,-288,-289,-277,-296,-289
183,190,181,171,165,136,100,59,36,-2,-40,-67,-103,-131,-151,-173,-199,-205,-230,-266,-283,-304,-322,-340,-348,-337,-352,-350,-346,-289,-237,-233,-185,-145,-68,-120,7,-68,17,448,-62,239,-237,57,181,267,170,218,201,217,212,199,189,159,103,100
-71,-78,-93,-96,-84,-83,-70,-63,-52,-29,-6,18,46,73,101,120,149,153,169,168,169,175,162,147,126,109,77,42,-18,-14,-28,-46,-33,-59,-10,-43,-47,-21,303,-124,55,-169,208,93,109,96,146,116,137,105,78,45,7,-25,-48,-76
161,152,161,146,133,113,113,121,106,124,120,129,139,150,151,147,147,150,110,93,70,38,35,14,1,-12,-20,-40,-17,-1,-7,20,44,-21,33,21,-85,-4,490,-225,-72,-324,-129,-83,118,195,99,109,109,78,108,103,112,111,134,134
-224,-218,-209,-201,-189,-167,-115,-92,-51,-25,27,45,59,91,131,155,179,190,217,247,270,325,331,356,392,406,400,409,357,356,317,253,200,155,167,14,52,-116,227,166,-311,-143,-512,-350,-211,-172,-352,-342,-369,-373,-344,-318,-304,-288,-256,-226
-89,-94,-79,-75,-80,-56,-43,18,56,97,130,169,222,249,257,267,276,299,282,270,268,258,271,237,238,214,194,167,159,143,105,120,109,42,28,70,-71,64,187,-461,145,-248,419,131,65,28,179,141,181,178,160,159,174,197,230,221
7,12,18,21,33,38,44,45,47,49,50,49,48,37,23,5,-10,-36,-66,-87,-111,-140,-157,-172,-189,-191,-195,-192,-175,-154,-129,-101,-59,-52,-15,11,-47,10,178,-220,19,-202,108,-57,-110,-154,-124,-154,-141,-172,-173,-177,-182,-177,-171,-166
204,202,215,207,170,146,134,118,89,71,60,27,26,22,-4,-6,-20,-49,-84,-103,-148,-167,-212,-211,-258,-271,-271,-290,-243,-245,-219,-173,-143,-100,-132,7,-58,98,-80,-309,287,-1,511,304,244,225,384,350,416,385,378,351,350,346,355,343
-42,-47,-42,-41,-31,-20,-4,45,60,110,127,154,186,208,210,236,238,233,220,221,214,193,183,180,142,140,120,111,109,69,55,68,17,41,-65,25,13,75,-405,-23,183,200,445,271,99,69,185,194,169,203,176,186,205,217,214,221
-96,-97,-85,-80,-76,-59,-28,17,48,86,121,148,179,205,219,234,241,245,230,221,207,197,189,175,160,149,129,102,77,68,52,37,18,7,-10,-18,-17,-8,3,17,37,61,111,131,172,195,217,242,241,248,256,254,260,256,281,275
-129,-132,-126,-125,-118,-113,-99,-92,-82,-78,-73,-66,-64,-49,-33,-14,9,29,72,111,145,183,214,241,266,285,298,316,305,268,241,220,167,132,90,62,33,1,-33,-65,-97,-117,-148,-170,-191,-214,-236,-241,-252,-237,-227,-201,-180,-149,-117,-93
122,130,137,138,119,100,66,36,-5,-44,-82,-125,-147,-174,-202,-221,-241,-251,-270,-285,-306,-327,-349,-357,-381,-374,-377,-382,-355,-324,-280,-252,-191,-141,-103,-61,-37,2,38,80,121,156,184,224,271,313,342,371,391,385,385,366,357,334,323,310
2,-6,-11,-14,-18,-12,6,33,53,84,116,139,168,192,209,222,234,238,240,239,248,254,265,266,268,262,263,263,253,231,206,181,143,108,70,42,20,-4,-27,-51,-77,-95,-116,-133,-164,-192,-218,-242,-261,-264,-262,-255,-239,-224,-212,-204
61,61,63,61,50,41,28,18,4,-13,-29,-44,-54,-65,-73,-77,-78,-80,-73,-63,-54,-42,-29,-14,2,13,30,45,62,58,58,59,47,40,31,20,11,-2,-12,-22,-32,-36,-43,-45,-42,-42,-39,-33,-29,-15,-5,8,24,37,49,58
153,157,145,141,131,109,74,27,-13,-58,-98,-131,-163,-195,-217,-240,-262,-275,-285,-295,-310,-325,-335,-340,-345,-337,-330,-323,-300,-270,-239,-205,-154,-113,-72,-36,-14,8,29,44,64,69,70,74,84,98,108,111,132,116,119,101,80,58,22,11
-56,-49,-42,-34,-18,-3,13,27,40,53,65,74,75,70,63,46,26,5,-29,-58,-89,-117,-141,-160,-179,-187,-191,-191,-172,-149,-121,-102,-69,-45,-23,-4,-2,5,2,-7,-21,-41,-66,-89,-121,-145,-165,-182,-194,-200,-203,-193,-183,-171,-156,-137
1,-9,-25,-32,-34,-43,-46,-54,-52,-46,-40,-27,-17,5,27,50,75,93,120,137,156,166,172,170,155,146,126,99,58,34,14,-3,-17,-25,-30,-28,-16,0,16,36,59,78,104,119,128,141,142,138,131,113,91,63,33,2,-30,-52
-53,-54,-60,-62,-52,-63,-65,-95,-105,-123,-145,-152,-184,-191,-182,-175,-154,-147,-100,-60,-23,15,51,85,125,151,178,213,219,191,178,171,136,113,91,66,39,8,-33,-83,-127,-175,-226,-278,-325,-373,-410,-438,-451,-450,-441,-417,-409,-384,-358,-341
148,148,135,130,124,102,68,23,-13,-54,-92,-117,-156,-187,-200,-226,-240,-249,-253,-255,-262,-263,-267,-261,-252,-249,-230,-216,-179,-168,-138,-117,-81,-52,-27,-4,1,13,12,9,2,-13,-42,-62,-82,-97,-112,-125,-123,-139,-144,-152,-164,-177,-202,-208
184,181,180,174,155,139,121,124,113,101,99,87,94,94,79,67,54,38,-2,-40,-75,-107,-136,-154,-185,-201,-211,-232,-220,-192,-170,-157,-123,-95,-75,-58,-38,-13,23,68,108,153,196,245,290,332,364,383,387,382,380,364,367,355,351,347
-205,-208,-198,-193,-180,-154,-113,-82,-47,-11,25,59,79,110,138,163,188,208,244,267,296,312,335,355,371,372,373,379,347,312,273,242,182,136,89,53,25,-5,-32,-61,-86,-95,-114,-123,-150,-166,-176,-190,-208,-191,-187,-169,-146,-112,-83,-65
-109,-110,-106,-109,-102,-99,-87,-94,-92,-91,-90,-86,-99,-87,-73,-57,-36,-19,22,63,96,132,164,191,223,245,254,277,268,245,220,201,155,123,89,61,32,1,-34,-74,-105,-134,-170,-196,-232,-261,-288,-303,-314,-299,-294,-268,-249,-216,-194,-176
138,144,145,141,127,107,72,40,0,-40,-74,-114,-135,-168,-189,-211,-226,-238,-259,-272,-290,-312,-329,-332,-352,-350,-352,-349,-326,-303,-258,-232,-175,-136,-91,-55,-32,1,31,69,97,113,146,171,212,232,264,287,308,305,305,285,268,242,228,212
91,89,97,91,77,73,77,97,96,108,118,117,130,137,129,129,122,109,76,42,14,-6,-31,-55,-79,-96,-111,-138,-137,-118,-113,-101,-80,-66,-55,-42,-28,-6,22,56,89,121,163,200,241,281,311,323,333,324,326,321,319,312,308,302
-177,-181,-167,-160,-158,-138,-109,-68,-37,-5,25,54,85,113,137,165,185,200,225,245,261,277,289,294,294,286,275,267,233,202,173,144,103,70,35,14,2,-4,-9,-7,-2,14,42,63,87,108,126,144,146,165,176,188,201,206,234,240
88,92,100,98,87,76,61,48,30,5,-18,-45,-68,-89,-106,-122,-132,-137,-138,-132,-126,-116,-100,-78,-56,-37,-12,19,57,56,66,69,63,56,46,34,16,-1,-22,-38,-58,-70,-86,-94,-96,-101,-99,-88,-80,-61,-43,-18,11,38,60,80
184,187,181,177,145,136,106,79,52,10,-3,-40,-56,-87,-96,-117,-152,-150,-191,-224,-254,-262,-296,-305,-321,-319,-327,-331,-323,-275,-226,-234,-192,-126,-75,-108,17,-66,-108,454,-11,400,-117,154,220,262,209,261,224,226,221,212,193,166,123,110
125,123,117,113,94,88,74,87,89,99,114,130,159,170,177,180,176,197,167,159,151,139,142,141,143,133,129,127,134,138,133,113,82,53,57,-28,26,-77,172,201,-208,-236,-270,-181,-91,-66,-142,-145,-154,-166,-162,-170,-146,-137,-135,-128
43,45,52,54,45,45,35,31,22,10,-4,-16,-27,-39,-52,-64,-74,-78,-83,-88,-86,-83,-77,-70,-53,-42,-29,-9,10,19,27,28,27,24,33,-1,15,-25,47,59,-91,-91,-148,-105,-68,-52,-82,-67,-62,-49,-34,-20,0,15,26,39
-13,-22,-10,-4,-27,-13,12,46,67,88,129,131,172,194,198,212,213,200,194,178,165,158,136,136,106,93,87,66,61,48,31,18,10,22,-42,35,5,58,-273,-106,222,281,352,275,162,136,238,216,199,218,196,200,207,225,234,233
-84,-85,-87,-87,-67,-57,-36,8,29,83,106,149,169,203,218,235,259,267,264,281,284,282,305,306,305,285,285,281,289,243,191,211,156,113,41,104,-25,85,23,-435,74,-345,208,-84,-173,-205,-136,-191,-163,-167,-177,-174,-150,-129,-95,-84
-87,-82,-79,-76,-62,-64,-58,-90,-91,-124,-137,-164,-202,-218,-224,-226,-226,-252,-217,-209,-202,-183,-191,-167,-174,-155,-143,-134,-127,-135,-129,-115,-113,-50,-96,-5,45,57,-480,122,156,419,122,150,13,-16,50,50,44,67,48,41,25,18,0,-10
-17,-17,-10,-2,-11,-2,17,55,66,99,126,138,176,197,194,204,206,199,175,173,155,136,122,111,81,66,58,33,44,7,-6,16,10,-3,-41,44,-56,75,89,-354,155,-198,365,129,137,142,231,207,259,241,256,237,248,242,273,268
-207,-205,-200,-188,-188,-160,-138,-120,-82,-73,-47,-22,-1,18,47,52,74,112,154,170,206,251,296,293,354,351,362,364,339,335,279,258,231,117,173,71,-14,-6,469,-282,-219,-489,-479,-434,-275,-252,-366,-404,-381,-399,-371,-346,-347,-319,-262,-255
-158,-149,-152,-143,-133,-119,-104,-111,-90,-105,-84,-83,-91,-87,-65,-59,-48,-37,-1,25,52,98,110,136,166,190,198,216,183,187,172,124,95,98,95,-13,73,-98,-98,331,-222,147,-453,-205,-217,-224,-341,-319,-380,-357,-354,-323,-327,-311,-327,-313
161,188,196,198,198,172,149,109,95,84,83,107,115,147,180,205,218,243,237,252,262,290,320,340,381,376,399,410,398,357,304,263,187,143,97,64,33,8,-26,-59,-78,-95,-100,-102,-90,-51,-4,51,129,170,215,238,264,267,273,289
-85,-85,-89,-93,-67,-66,-71,-98,-94,-117,-133,-134,-167,-181,-175,-182,-180,-174,-139,-129,-109,-85,-69,-53,-27,-14,-1,18,1,16,29,-7,-15,3,26,-54,76,-71,-184,418,-148,253,-378,-108,-132,-116,-217,-185,-242,-200,-219,-201,-206,-210,-249,-239
126,126,127,126,101,97,85,96,106,96,111,108,119,123,124,118,100,98,65,26,2,-14,-42,-59,-72,-74,-92,-111,-122,-87,-68,-94,-86,-51,-50,-84,38,-50,-231,447,38,461,-57,223,260,316,284,327,271,296,276,284,285,292,273,270
-222,-227,-222,-213,-198,-171,-148,-105,-85,-46,-28,5,38,58,82,107,139,176,204,247,290,314,359,367,397,398,405,422,394,350,316,292,233,149,163,42,-22,-38,464,-235,-279,-512,-173,-312,-254,-290,-293,-307,-277,-302,-266,-249,-233,-202,-147,-134
-141,-140,-154,-143,-109,-95,-89,-101,-91,-92,-104,-89,-115,-118,-111,-116,-114,-101,-79,-57,-39,-32,-2,-9,24,33,36,44,15,23,25,18,16,-3,59,-33,15,-67,173,237,-217,-51,-419,-196,-86,-37,-163,-119,-138,-117,-106,-95,-103,-117,-132,-130
-166,-170,-159,-156,-147,-123,-98,-65,-23,7,38,73,97,118,153,158,185,208,221,230,258,284,305,305,335,344,326,330,287,290,254,228,184,110,138,14,8,-63,322,-23,-247,-324,-384,-297,-171,-145,-256,-252,-250,-255,-225,-216,-195,-182,-153,-132
-133,-129,-139,-131,-113,-98,-100,-98,-96,-87,-92,-83,-89,-94,-89,-74,-60,-49,-12,44,68,94,118,150,166,168,186,208,223,173,143,158,98,105,26,83,51,85,-417,-69,11,199,-74,-77,-250,-300,-304,-321,-371,-339,-370,-338,-336,-302,-316,-298
177,180,182,176,153,134,108,101,74,59,40,20,25,17,-7,-14,-25,-42,-65,-85,-115,-149,-168,-179,-204,-201,-208,-229,-212,-182,-165,-125,-79,-72,-59,24,-85,55,38,-292,245,138,479,316,238,212,329,310,299,296,275,271,263,270,273,267
-17,-7,-16,-9,-4,-12,-23,-62,-82,-118,-142,-170,-202,-226,-238,-238,-252,-250,-231,-211,-205,-188,-185,-163,-166,-152,-136,-121,-105,-105,-102,-80,-62,-25,-56,49,17,81,-383,-65,142,342,62,67,-67,-97,-79,-102,-114,-96,-117,-113,-128,-134,-161,-156
82,85,89,88,78,66,51,37,16,-2,-30,-54,-72,-92,-109,-120,-123,-114,-110,-92,-75,-60,-30,-12,18,32,56,84,114,106,95,105,93,65,56,52,-18,18,121,-221,-6,-191,89,-27,-15,-21,41,40,81,86,108,111,127,135,149,148
-7,-15,-29,-33,-41,-45,-51,-54,-51,-48,-41,-31,-22,-1,18,38,61,88,111,135,153,173,182,184,186,179,166,148,108,90,64,42,14,-2,-2,-46,3,-44,143,141,-44,-105,33,57,141,166,177,189,209,194,185,162,132,107,85,57
75,79,61,55,62,47,14,-33,-52,-83,-121,-132,-176,-195,-207,-222,-217,-214,-203,-190,-175,-167,-137,-133,-100,-85,-72,-48,-31,-21,-12,15,40,4,66,23,-50,-20,406,-281,-139,-493,-66,-265,-240,-298,-289,-319,-272,-312,-291,-300,-307,-303,-285,-292
170,171,178,173,146,125,109,105,85,76,71,54,60,65,47,41,40,22,-4,-24,-44,-73,-88,-96,-117,-114,-118,-135,-122,-99,-89,-60,-26,-28,-23,37,-81,37,134,-369,188,-26,448,227,159,107,221,193,187,173,155,153,149,160,181,169
195,195,181,170,178,141,112,57,14,-19,-66,-101,-151,-184,-207,-225,-240,-280,-284,-299,-316,-349,-369,-361,-396,-388,-376,-372,-323,-319,-284,-242,-200,-119,-153,-26,24,47,-461,203,212,492,179,239,134,126,149,169,123,152,121,111,93,78,12,4
206,213,201,193,182,158,111,57,27,-25,-72,-98,-141,-168,-210,-233,-259,-265,-291,-317,-337,-372,-373,-406,-406,-417,-414,-424,-388,-337,-318,-241,-168,-156,-88,2,-104,83,183,-431,256,-85,511,242,114,57,234,194,244,223,194,182,147,133,100,75
28,22,12,6,-1,-12,-27,-33,-41,-44,-54,-51,-51,-43,-28,-15,3,27,52,71,99,121,144,150,169,172,169,159,131,127,103,79,62,30,40,-20,1,-51,118,134,-54,32,-103,35,134,184,142,177,164,178,181,176,163,148,127,113
174,189,180,174,163,147,121,95,82,76,89,105,123,143,166,184,196,203,205,208,219,235,251,268,294,303,315,326,312,290,251,222,169,131,90,58,31,2,-30,-59,-90,-107,-134,-149,-173,-164,-149,-117,-70,-44,-9,16,42,56,60,80
17,20,22,26,33,40,43,43,46,46,48,48,46,36,24,12,-8,-22,-50,-75,-98,-123,-142,-154,-172,-174,-177,-180,-167,-147,-124,-109,-77,-55,-32,-14,-6,5,9,9,6,-5,-17,-32,-49,-64,-80,-96,-103,-119,-128,-132,-141,-145,-154,-153
-83,-91,-93,-96,-89,-72,-45,-11,19,61,103,137,174,197,224,239,253,269,276,295,310,326,342,348,364,358,359,360,345,306,272,244,187,145,95,60,31,-3,-36,-73,-106,-134,-166,-196,-239,-274,-309,-336,-355,-355,-352,-334,-319,-297,-287,-275
59,57,56,53,43,33,20,10,-5,-19,-33,-48,-58,-64,-66,-66,-59,-53,-37,-21,-5,16,33,48,65,74,86,95,98,89,77,71,51,37,23,12,5,-3,-8,-5,-2,8,17,30,48,60,75,87,93,102,106,104,104,98,93,86
49,80,91,109,122,116,95,56,28,0,-15,-19,-24,-14,1,17,28,42,38,41,44,55,70,92,127,147,173,194,244,255,241,216,187,150,106,69,27,-8,-44,-79,-119,-155,-208,-242,-275,-297,-303,-292,-254,-221,-177,-136,-108,-84,-73,-40
58,66,73,77,75,76,69,62,52,39,24,9,-13,-33,-52,-72,-95,-117,-140,-158,-177,-187,-193,-188,-181,-172,-156,-133,-95,-76,-52,-35,-14,1,12,18,8,3,-13,-31,-53,-80,-108,-139,-161,-190,-208,-217,-222,-216,-206,-191,-169,-144,-118,-101
153,155,148,140,142,128,115,93,80,67,51,39,18,7,-10,-31,-56,-87,-119,-163,-196,-231,-264,-287,-310,-311,-320,-330,-313,-284,-244,-223,-167,-124,-87,-51,-28,3,32,63,86,105,117,127,145,152,167,171,177,161,150,124,103,71,32,13
-172,-178,-172,-171,-152,-134,-100,-67,-35,3,34,70,96,115,141,161,179,195,220,245,276,298,321,329,349,352,351,364,339,298,270,235,180,139,94,60,30,0,-32,-75,-107,-136,-166,-198,-230,-267,-296,-316,-335,-327,-318,-310,-293,-273,-249,-240
-88,-85,-80,-71,-53,-36,-14,4,30,49,73,92,98,107,108,99,86,67,36,4,-30,-61,-92,-120,-144,-156,-176,-187,-185,-166,-143,-127,-93,-67,-41,-19,-8,7,11,11,8,-5,-24,-45,-74,-96,-120,-141,-151,-171,-180,-183,-184,-184,-183,-173
50,49,50,46,39,29,20,8,-1,-15,-27,-40,-52,-57,-62,-63,-61,-60,-50,-39,-27,-15,-5,11,23,31,43,57,66,62,59,56,43,35,26,17,8,-3,-11,-16,-23,-25,-27,-26,-21,-19,-15,-7,-4,10,17,28,40,48,58,62
3,7,13,16,19,22,25,26,26,24,22,18,10,1,-6,-17,-27,-41,-54,-66,-73,-82,-87,-87,-88,-83,-77,-67,-45,-38,-24,-18,-7,0,6,8,4,2,-6,-16,-26,-37,-51,-63,-74,-84,-91,-91,-94,-87,-82,-70,-57,-44,-28,-18
-42,-46,-37,-38,-44,-30,-9,30,55,88,121,143,180,201,214,224,233,239,230,218,220,214,209,201,190,186,174,158,139,130,115,92,73,49,23,4,1,-7,-7,-3,0,13,31,49,59,65,70,75,60,68,67,75,91,105,126,128
59,59,61,58,46,39,24,13,-1,-18,-32,-46,-57,-66,-75,-77,-78,-76,-68,-58,-48,-36,-23,-9,7,19,33,49,62,59,58,56,46,39,30,20,11,-1,-14,-23,-32,-38,-46,-49,-47,-50,-47,-41,-41,-27,-16,-4,12,26,38,46
73,83,93,100,97,96,88,82,65,51,33,17,-6,-34,-59,-89,-125,-144,-179,-200,-227,-245,-255,-257,-254,-247,-230,-201,-151,-127,-94,-68,-37,-12,6,19,9,2,-12,-32,-59,-91,-136,-172,-208,-245,-274,-293,-300,-297,-293,-276,-250,-222,-200,-176
-202,-209,-203,-199,-186,-157,-120,-83,-45,-3,36,69,97,120,149,167,190,212,240,274,301,332,364,376,401,403,403,417,393,348,308,274,208,161,111,75,38,1,-40,-94,-137,-178,-219,-265,-318,-358,-400,-426,-444,-440,-437,-413,-401,-378,-365,-357
182,189,191,190,164,140,112,91,57,23,-3,-42,-52,-65,-88,-99,-120,-124,-160,-188,-217,-245,-270,-280,-307,-310,-312,-327,-295,-258,-227,-198,-152,-120,-86,-59,-37,0,33,79,118,157,192,238,282,321,352,368,375,362,354,346,335,327,327,320
-166,-170,-173,-171,-146,-129,-96,-80,-50,-22,5,27,34,54,75,87,103,114,144,171,190,218,239,256,270,273,283,291,273,235,208,185,141,111,79,53,33,2,-31,-71,-105,-136,-174,-207,-251,-288,-314,-330,-339,-336,-332,-321,-313,-303,-295,-286
148,140,127,115,115,88,57,-3,-51,-91,-140,-174,-234,-266,-280,-288,-300,-312,-288,-269,-258,-246,-239,-206,-199,-175,-141,-109,-56,-68,-63,-27,-32,23,-43,49,63,61,-512,145,34,371,-192,-99,-225,-267,-337,-332,-406,-377,-394,-376,-373,-365,-393,-380
85,83,82,78,67,54,39,22,-5,-21,-48,-69,-80,-92,-108,-108,-99,-94,-72,-42,-16,4,30,60,78,96,117,134,152,125,104,111,80,62,17,47,-2,35,-52,-158,79,-39,189,79,46,43,120,120,147,153,153,147,148,144,140,124
13,17,12,14,22,15,-8,-38,-63,-92,-132,-147,-186,-203,-220,-246,-249,-251,-250,-255,-251,-261,-253,-267,-254,-256,-255,-244,-247,-220,-189,-164,-108,-110,-10,-54,-56,-60,451,-31,-90,-319,-43,-69,79,118,97,115,179,157,189,165,150,115,116,107
121,121,118,110,101,88,79,91,89,107,113,124,145,159,161,161,170,170,150,132,124,102,109,90,90,91,78,68,67,87,79,81,84,29,70,9,-52,-36,412,-149,-123,-367,-95,-129,-18,11,-48,-56,-51,-69,-54,-60,-42,-43,-23,-20
-166,-165,-170,-170,-147,-127,-103,-84,-50,-26,5,33,46,59,81,97,100,117,146,167,191,219,239,254,280,293,294,312,277,246,219,178,117,124,63,21,91,-22,-372,262,-96,256,-258,-124,-223,-272,-306,-309,-356,-329,-347,-329,-325,-304,-309,-303
-33,-35,-37,-37,-30,-28,-20,-16,-8,2,12,21,30,35,43,47,48,48,44,40,33,24,13,5,-9,-17,-26,-38,-47,-45,-45,-40,-31,-23,-23,-2,-4,13,-59,7,43,88,10,20,3,0,-17,-24,-36,-38,-46,-52,-53,-59,-62,-62
-205,-204,-217,-208,-179,-149,-137,-120,-90,-77,-57,-32,-20,-25,6,13,21,49,83,108,141,176,202,214,248,263,269,287,249,236,214,166,115,107,85,-18,101,-76,-201,410,-230,160,-512,-253,-258,-244,-378,-350,-416,-367,-383,-357,-346,-341,-361,-344
-63,-64,-69,-59,-54,-53,-55,-81,-99,-126,-139,-164,-188,-213,-209,-213,-221,-229,-201,-171,-159,-139,-136,-109,-104,-82,-69,-43,-42,-58,-56,-56,-66,-7,-54,-16,76,-3,-456,307,17,377,-136,6,-91,-95,-138,-120,-168,-125,-144,-133,-142,-153,-189,-187
-73,-55,-54,-38,-33,-38,-42,-62,-96,-126,-156,-199,-224,-249,-274,-284,-287,-308,-303,-279,-281,-291,-300,-285,-320,-307,-310,-297,-268,-286,-267,-193,-167,-140,-125,18,-63,128,103,-410,213,-257,428,119,115,145,242,224,319,296,321,297,278,251,254,246
164,167,176,164,139,124,116,114,113,96,105,83,94,95,72,68,41,16,-17,-68,-106,-122,-178,-185,-222,-232,-245,-264,-258,-236,-195,-204,-189,-103,-146,-71,34,28,-464,246,272,511,433,449,308,296,428,428,422,441,392,383,373,371,345,324
134,125,119,110,106,81,53,-2,-55,-92,-141,-180,-239,-269,-274,-285,-291,-307,-289,-258,-249,-235,-233,-189,-181,-147,-115,-74,-41,-59,-35,-29,-41,45,-29,4,84,-20,-506,295,-55,341,-138,-79,-234,-316,-345,-333,-398,-387,-394,-377,-386,-373,-378,-379
-117,-116,-110,-113,-113,-93,-56,-19,11,44,95,110,153,173,201,225,235,231,257,277,290,321,313,341,340,345,352,358,333,281,275,214,141,160,56,30,87,-9,-459,187,-44,273,-41,-25,-196,-268,-249,-257,-309,-289,-306,-283,-262,-235,-240,-229
-19,-12,-7,-2,15,23,37,42,54,61,72,77,77,70,56,47,23,-2,-33,-61,-94,-126,-158,-172,-200,-207,-211,-217,-200,-191,-168,-147,-111,-69,-72,4,-14,53,-142,-129,129,97,178,63,-59,-111,-62,-104,-109,-131,-152,-163,-174,-179,-188,-193
-186,-194,-179,-175,-160,-146,-104,-79,-56,-21,8,28,47,66,100,124,142,160,187,224,246,276,290,313,325,334,338,348,329,279,249,210,142,134,53,21,93,-38,-281,352,-171,120,-434,-190,-110,-68,-196,-170,-197,-174,-150,-137,-106,-93,-64,-41
105,102,97,91,62,49,26,4,-21,-53,-74,-98,-103,-114,-124,-120,-106,-91,-55,-27,7,45,83,103,143,164,178,192,189,179,155,141,123,73,66,53,-30,21,117,-267,67,-93,241,106,70,60,156,162,178,197,188,192,196,200,189,177
225,228,213,207,206,172,144,93,43,8,-27,-69,-115,-142,-181,-192,-221,-260,-284,-294,-325,-360,-391,-386,-425,-426,-415,-403,-350,-357,-311,-252,-216,-138,-171,-12,-12,102,-377,-120,279,193,504,247,45,-22,134,105,133,127,82,46,37,9,-35,-60
172,174,166,164,143,133,112,94,63,44,30,3,-13,-37,-58,-68,-96,-122,-154,-179,-221,-238,-281,-283,-315,-327,-330,-338,-303,-287,-261,-225,-189,-121,-138,-32,14,46,-376,149,221,474,186,245,186,181,212,225,193,209,170,157,139,119,73,56
84,81,77,70,54,40,13,-1,-20,-42,-64,-80,-92,-96,-95,-92,-81,-63,-38,-14,15,45,76,96,125,144,156,170,159,153,139,116,87,61,54,-7,21,-47,69,143,-87,-34,-140,-29,72,122,88,127,132,151,165,169,174,170,160,156
-92,-87,-94,-81,-68,-66,-57,-68,-87,-94,-105,-118,-139,-145,-153,-153,-148,-162,-143,-108,-95,-84,-88,-60,-77,-59,-49,-24,-26,-62,-54,-25,-51,-7,-68,26,12,76,-309,-128,119,-12,285,44,-117,-161,-69,-84,-57,-39,-56,-63,-58,-70,-92,-91
-200,-197,-184,-173,-185,-160,-130,-99,-69,-54,-15,-1,39,64,93,117,140,175,201,233,262,312,331,345,383,383,378,378,329,329,290,228,196,122,155,14,14,-92,377,31,-228,-237,-426,-233,-40,24,-87,-74,-62,-65,-22,-1,18,37,101,114
118,119,109,110,111,89,54,7,-27,-70,-119,-143,-193,-214,-245,-266,-279,-281,-297,-308,-317,-340,-333,-352,-351,-342,-344,-343,-320,-288,-272,-200,-133,-140,-59,1,-94,58,323,-415,147,-267,421,122,64,26,156,133,199,177,166,138,116,92,91,72
-223,-216,-211,-198,-190,-165,-125,-88,-60,-30,19,34,67,88,126,150,167,194,218,261,278,333,340,370,395,401,400,417,369,345,322,250,188,163,145,1,74,-109,51,304,-299,0,-512,-279,-155,-117,-292,-264,-312,-296,-269,-233,-221,-200,-156,-136
-165,-162,-164,-163,-136,-122,-100,-103,-84,-82,-75,-67,-79,-82,-67,-61,-58,-60,-25,-1,21,48,60,76,92,105,114,127,115,81,62,54,16,52,-16,22,70,27,-437,159,18,301,-95,-26,-143,-178,-176,-176,-204,-171,-190,-176,-186,-176,-187,-187
26,29,34,34,36,34,30,28,22,18,9,3,-6,-15,-24,-35,-42,-51,-63,-71,-79,-84,-84,-83,-80,-76,-70,-58,-40,-34,-19,-12,-4,-4,17,-1,-8,-14,106,-46,-61,-150,-40,-87,-80,-98,-96,-99,-92,-96,-89,-81,-74,-59,-48,-39
-62,-69,-75,-78,-72,-71,-55,-49,-37,-20,-2,13,29,53,69,85,109,111,129,140,146,146,140,137,115,104,86,65,34,10,-7,-5,-13,-23,-34,9,-34,41,34,-167,125,-11,274,146,114,99,164,145,164,139,127,103,74,50,33,11
-53,-52,-46,-41,-17,1,19,48,56,98,104,127,143,140,142,143,124,104,63,33,-6,-44,-88,-109,-160,-181,-197,-220,-222,-222,-193,-184,-173,-98,-121,-64,26,5,-326,311,111,440,56,193,158,160,135,147,98,94,66,51,16,-17,-60,-77
5,2,-4,-8,-13,-17,-20,-26,-25,-30,-28,-29,-24,-19,-10,2,13,21,41,57,70,87,93,103,104,103,106,101,87,71,55,45,22,24,-8,9,11,19,-117,3,65,101,129,108,70,66,112,110,113,119,108,103,96,88,82,72
-2,6,-8,1,20,13,-4,-44,-79,-96,-147,-164,-216,-244,-254,-271,-278,-270,-275,-265,-263,-278,-260,-269,-260,-256,-256,-253,-235,-199,-200,-151,-92,-110,4,-25,-66,-56,506,6,-150,-231,-304,-128,86,162,45,86,98,93,116,115,85,65,45,39
31,37,33,31,47,25,10,-29,-81,-105,-154,-187,-233,-258,-286,-288,-292,-314,-299,-286,-276,-295,-284,-276,-301,-292,-273,-259,-213,-229,-215,-156,-127,-97,-105,41,-49,123,-105,-378,227,-115,450,117,-32,-89,63,16,87,77,63,43,28,3,-9,-21
136,141,145,147,127,108,84,61,15,-14,-49,-82,-99,-121,-146,-159,-169,-188,-217,-218,-240,-281,-290,-297,-329,-336,-337,-339,-295,-287,-262,-196,-150,-142,-99,-6,-84,74,278,-291,140,-240,235,100,228,283,300,309,360,331,359,336,322,295,308,296
-54,-49,-40,-33,-22,-12,4,17,32,41,52,57,54,58,52,38,24,4,-22,-49,-75,-93,-115,-126,-137,-140,-141,-140,-121,-98,-79,-71,-53,-32,-15,-28,23,-19,-4,132,-107,-86,-182,-137,-114,-117,-156,-156,-152,-152,-140,-130,-116,-99,-78,-61
-108,-110,-96,-90,-91,-75,-32,10,42,77,123,136,172,201,221,239,249,247,237,221,211,220,199,191,181,181,155,135,94,100,96,41,40,23,47,-56,10,-111,180,289,-118,46,-245,-3,200,279,183,225,218,214,247,252,252,249,272,276
30,27,21,16,11,5,-3,-12,-18,-22,-26,-26,-27,-22,-16,-9,3,13,27,40,51,61,67,71,72,69,65,58,43,31,21,13,3,-3,-7,-8,-5,0,6,14,23,31,41,48,54,57,57,56,52,43,35,23,9,-3,-16,-27
-96,-98,-104,-100,-88,-77,-59,-41,-21,3,27,50,75,94,111,126,137,138,142,136,134,125,112,99,76,63,42,16,-20,-23,-35,-40,-40,-40,-37,-27,-18,0,19,37,59,77,103,120,133,152,161,161,162,151,135,115,90,65,38,23
-206,-213,-197,-192,-181,-155,-113,-63,-20,29,70,109,151,184,208,237,259,274,302,321,342,371,380,393,406,406,399,398,367,324,290,248,189,139,90,50,23,-3,-31,-57,-79,-90,-94,-105,-120,-133,-148,-158,-174,-160,-158,-134,-109,-81,-38,-22
154,157,162,154,132,121,101,105,95,89,82,69,83,77,67,59,47,36,2,-25,-56,-78,-103,-119,-145,-155,-164,-184,-167,-144,-126,-118,-90,-73,-60,-44,-28,-8,18,56,89,125,158,195,230,265,286,302,305,303,295,291,290,289,282,281
191,192,184,180,162,142,107,75,39,1,-34,-64,-83,-114,-140,-162,-186,-203,-231,-255,-276,-302,-323,-335,-352,-348,-351,-354,-327,-295,-258,-225,-170,-127,-85,-47,-26,3,33,60,85,94,112,122,145,161,176,189,202,194,191,170,153,119,91,78
-120,-126,-118,-119,-105,-106,-98,-98,-85,-78,-76,-66,-62,-55,-42,-23,-4,9,52,90,125,156,185,212,238,256,269,286,273,249,220,202,153,117,87,54,30,-3,-31,-71,-98,-117,-152,-173,-203,-224,-247,-257,-270,-253,-247,-225,-206,-177,-148,-124
178,181,185,181,153,136,102,89,57,31,8,-20,-26,-45,-65,-82,-101,-105,-141,-162,-192,-216,-240,-253,-274,-284,-293,-302,-278,-249,-217,-193,-148,-116,-81,-55,-33,-2,31,73,109,140,180,217,264,298,319,345,356,353,347,333,329,319,307,298
117,123,114,115,108,91,55,16,-15,-58,-90,-119,-154,-178,-200,-218,-238,-240,-254,-254,-275,-280,-292,-293,-294,-295,-289,-284,-260,-239,-214,-177,-136,-100,-64,-33,-16,8,27,42,56,60,66,71,85,97,109,122,136,128,125,112,95,74,55,40
149,149,155,145,122,111,100,122,123,131,142,144,171,180,173,179,179,164,136,95,72,52,28,12,-5,-19,-30,-57,-43,-36,-30,-34,-23,-22,-28,-29,-22,-13,5,35,55,88,119,155,181,210,219,229,219,213,211,217,221,231,240,246
215,219,203,193,187,158,126,74,32,-11,-53,-86,-130,-158,-186,-212,-235,-265,-280,-309,-320,-347,-363,-369,-381,-369,-360,-346,-316,-288,-241,-209,-149,-108,-65,-34,-14,8,20,34,38,21,15,-1,-4,-19,-25,-29,-24,-41,-52,-71,-93,-115,-150,-170
82,77,73,63,42,26,3,-16,-36,-60,-78,-97,-98,-103,-102,-94,-78,-55,-24,17,47,82,113,142,164,179,197,210,199,179,153,137,96,71,40,18,8,-4,-10,-9,-3,8,31,54,86,106,131,154,166,185,195,197,201,200,194,182
63,55,64,57,49,41,55,74,89,108,130,139,164,180,185,192,193,186,170,148,139,124,112,98,88,77,69,50,50,51,45,33,31,15,5,-3,-10,-7,0,13,23,37,61,75,97,107,113,115,101,102,101,105,117,125,147,142
-162,-156,-165,-160,-131,-118,-105,-112,-112,-111,-115,-106,-122,-130,-124,-125,-117,-110,-79,-44,-24,-3,18,31,56,66,77,94,83,60,49,55,34,35,31,31,25,9,-13,-43,-64,-91,-119,-153,-181,-198,-216,-221,-212,-206,-200,-195,-204,-212,-216,-218
-180,-189,-193,-190,-162,-139,-106,-93,-64,-35,-10,16,19,38,61,71,90,88,126,151,179,206,226,248,262,266,281,290,266,225,201,180,133,105,78,56,30,5,-27,-70,-104,-139,-177,-212,-261,-291,-318,-334,-334,-333,-325,-319,-313,-308,-308,-296
83,78,84,76,57,54,58,78,87,101,120,128,155,169,177,183,183,177,166,147,138,128,120,120,102,100,94,85,84,84,78,63,53,36,20,7,-6,-8,-9,-5,-5,4,13,20,24,25,20,9,-8,-14,-15,-15,2,12,27,28
164,167,171,164,143,130,111,119,109,104,101,89,110,100,84,74,55,49,2,-31,-68,-102,-133,-154,-190,-210,-222,-248,-229,-205,-184,-170,-128,-105,-83,-60,-38,-7,33,75,119,156,209,252,298,348,378,399,410,407,403,390,382,375,359,350
65,65,67,61,51,40,25,9,-5,-24,-40,-58,-71,-80,-85,-88,-85,-84,-73,-56,-43,-27,-12,6,24,37,51,70,85,78,75,73,57,48,36,25,13,-2,-14,-26,-37,-44,-52,-54,-53,-56,-53,-47,-43,-30,-18,-3,16,32,46,57
60,60,61,58,46,39,28,15,1,-14,-29,-42,-53,-62,-69,-77,-78,-79,-74,-69,-61,-52,-44,-30,-17,-5,7,22,37,40,40,37,29,27,25,-2,22,-16,48,33,-96,-149,-85,-97,-78,-93,-82,-80,-73,-71,-61,-47,-38,-21,-5,5
129,137,127,129,109,99,67,36,4,-37,-58,-94,-113,-133,-165,-175,-193,-215,-223,-226,-246,-258,-277,-272,-288,-287,-280,-278,-243,-240,-215,-180,-142,-91,-104,8,-19,83,-204,-123,206,209,342,223,98,64,170,149,169,158,139,126,105,95,78,63
-69,-68,-77,-69,-64,-58,-63,-92,-110,-134,-152,-165,-189,-204,-199,-215,-206,-194,-166,-131,-109,-78,-60,-31,-2,16,35,64,61,53,61,51,34,24,71,-19,0,-73,439,-122,-263,-512,-77,-288,-305,-376,-325,-357,-317,-345,-347,-338,-357,-345,-343,-340
-52,-53,-61,-61,-63,-60,-57,-50,-39,-30,-16,-7,6,21,36,59,75,91,111,130,145,160,163,163,159,154,146,130,103,79,55,43,27,22,-12,21,-2,23,-138,-24,138,226,149,171,146,166,188,190,178,191,181,172,163,141,128,115
169,166,170,155,148,130,113,122,106,112,97,91,92,85,62,59,42,23,-19,-43,-81,-120,-150,-165,-220,-236,-242,-265,-231,-227,-213,-178,-157,-98,-147,-18,-2,62,-413,101,312,511,427,420,327,321,419,444,402,431,396,393,388,380,345,333
-166,-165,-153,-144,-138,-116,-78,-30,0,40,83,106,146,176,203,222,237,246,248,259,259,278,265,272,257,249,235,221,185,165,154,96,67,56,42,-48,39,-81,58,336,-150,50,-268,-26,151,228,132,179,174,181,214,225,234,233,254,263
10,14,8,11,11,4,-9,-44,-63,-97,-121,-146,-179,-199,-212,-210,-218,-233,-213,-205,-198,-180,-190,-167,-171,-154,-135,-127,-106,-105,-101,-92,-80,-30,-67,15,42,43,-414,120,97,352,-4,59,-53,-66,-60,-70,-85,-74,-92,-90,-103,-108,-134,-135
-98,-94,-90,-84,-61,-45,-18,2,25,54,76,99,115,119,120,116,104,88,60,30,-6,-41,-75,-102,-138,-156,-177,-194,-200,-187,-166,-145,-100,-80,-57,2,-48,52,12,-213,120,31,212,75,-38,-91,-49,-96,-103,-133,-155,-164,-181,-186,-192,-191
-173,-173,-180,-173,-157,-134,-106,-86,-45,-19,15,45,60,79,110,117,133,152,175,193,223,253,279,288,318,330,328,341,295,284,262,208,162,120,136,5,51,-91,139,213,-294,-121,-512,-340,-244,-215,-380,-361,-392,-390,-360,-343,-333,-330,-322,-312
192,192,167,160,167,137,89,34,-20,-61,-116,-149,-197,-242,-269,-287,-307,-316,-324,-311,-315,-333,-328,-305,-326,-310,-280,-249,-190,-203,-184,-123,-113,-45,-103,28,28,78,-486,4,150,275,205,82,-157,-239,-175,-196,-236,-220,-260,-256,-267,-259,-321,-319
90,89,84,72,68,52,31,-18,-37,-83,-110,-138,-177,-203,-209,-216,-228,-242,-221,-231,-226,-211,-214,-196,-185,-165,-152,-131,-123,-102,-72,-84,-76,-23,-26,-46,68,-33,-313,354,-37,327,-195,-27,-95,-112,-150,-144,-185,-168,-195,-188,-198,-192,-235,-234
-156,-157,-163,-150,-136,-115,-98,-102,-104,-90,-92,-82,-99,-89,-75,-75,-50,-44,-9,34,65,85,117,135,157,159,175,195,198,161,121,156,137,82,83,101,-38,44,301,-452,-86,-512,-47,-297,-297,-343,-342,-386,-334,-365,-339,-337,-332,-329,-305,-302
92,94,89,83,58,44,11,-9,-25,-56,-76,-99,-111,-121,-123,-116,-113,-94,-68,-38,-8,31,60,88,123,146,167,192,190,172,175,133,91,89,48,4,59,-26,-241,192,-38,218,-59,54,14,16,40,65,46,88,87,113,134,157,158,168
119,132,133,135,124,106,65,39,13,-30,-66,-98,-124,-151,-167,-188,-207,-209,-229,-259,-278,-299,-318,-330,-337,-342,-348,-355,-334,-290,-250,-232,-196,-148,-91,-118,19,-60,5,466,-44,151,-151,98,272,376,302,355,364,375,376,361,358,338,315,309
-73,-65,-75,-73,-47,-48,-57,-80,-89,-100,-127,-128,-160,-171,-173,-185,-175,-170,-154,-131,-119,-106,-87,-76,-60,-58,-52,-30,-25,-31,-18,-7,-11,-18,40,-26,-14,-47,335,17,-203,-392,-183,-215,-151,-142,-174,-167,-121,-147,-127,-131,-143,-153,-163,-165
-23,-27,-17,-21,-17,-10,6,48,69,111,132,167,200,218,235,231,238,260,230,222,209,183,192,159,160,138,121,94,74,91,73,67,77,6,65,-13,-48,-71,451,39,-137,-161,-250,-47,172,260,146,194,158,169,193,200,205,210,224,229
24,27,12,16,21,6,-5,-53,-81,-115,-139,-168,-207,-225,-224,-233,-234,-240,-218,-198,-186,-155,-154,-127,-105,-85,-61,-34,-23,-24,-5,-20,-26,-5,18,-55,66,-58,43,314,-262,-190,-474,-322,-210,-195,-309,-296,-269,-291,-268,-278,-284,-294,-294,-293
202,214,221,210,183,160,116,99,83,41,24,-10,-8,-29,-47,-60,-88,-91,-126,-168,-200,-215,-252,-268,-281,-283,-296,-308,-292,-240,-199,-207,-181,-112,-106,-116,43,-37,-342,509,102,511,31,326,327,387,376,417,356,394,350,353,357,356,324,323
39,33,21,16,-5,-16,-28,-37,-53,-63,-65,-75,-63,-56,-39,-25,6,25,63,100,130,155,179,194,199,208,202,198,166,138,100,101,71,39,17,37,-39,35,104,-237,102,-57,303,159,143,128,219,213,241,221,218,201,176,158,141,115
-124,-114,-131,-122,-102,-97,-92,-120,-110,-125,-134,-129,-157,-151,-145,-148,-127,-116,-77,-51,-17,22,51,69,119,138,149,173,155,156,140,139,129,71,126,41,-46,-35,500,-386,-193,-512,-30,-313,-349,-442,-378,-433,-378,-417,-409,-410,-417,-393,-371,-371
68,78,87,90,81,74,61,54,31,7,-14,-49,-70,-94,-115,-124,-135,-147,-139,-118,-111,-87,-71,-34,-10,24,55,92,124,109,112,106,76,78,22,40,42,26,-259,42,36,188,15,70,25,36,71,93,88,121,124,148,163,173,164,165
-45,-51,-39,-39,-55,-45,-9,27,54,79,125,134,172,192,218,236,239,239,238,231,231,246,230,243,234,239,229,225,200,181,177,123,77,90,31,-18,72,-42,-329,324,-54,351,-116,72,18,3,-20,-1,-72,-40,-59,-34,-17,3,4,15
186,182,194,182,161,144,113,105,79,72,47,33,28,29,-3,-6,-13,-27,-58,-88,-113,-147,-163,-180,-200,-215,-219,-244,-210,-184,-172,-123,-84,-87,-65,14,-79,71,205,-356,181,-179,435,202,193,192,306,283,337,301,300,278,277,278,287,280
-159,-159,-150,-144,-134,-115,-95,-64,-23,1,28,61,77,110,122,138,161,178,205,215,238,251,279,273,295,296,285,276,257,247,195,198,170,92,85,76,-38,41,207,-388,-8,-356,114,-106,-128,-162,-96,-137,-101,-100,-98,-92,-74,-51,-11,-1
177,180,187,182,138,127,102,96,81,56,55,24,34,31,8,15,-10,-26,-51,-79,-103,-122,-153,-155,-183,-172,-177,-187,-173,-155,-128,-125,-119,-59,-102,-28,23,37,-395,152,222,415,343,331,221,199,302,295,265,283,243,238,239,249,252,237
-19,-20,-27,-23,-26,-29,-39,-67,-90,-118,-132,-151,-176,-197,-184,-191,-192,-180,-156,-134,-115,-84,-68,-51,-26,-9,13,40,50,43,47,29,11,30,24,-36,79,-51,-149,381,-217,48,-507,-270,-214,-174,-325,-306,-325,-315,-303,-300,-289,-295,-314,-303
40,34,15,7,0,-12,-31,-44,-47,-48,-52,-41,-32,-17,3,22,50,74,99,117,138,150,163,161,156,146,125,99,52,42,18,4,-2,-27,-2,-25,-38,-20,245,-63,11,-151,109,55,89,96,101,88,99,64,50,12,-17,-47,-69,-91
149,157,141,130,132,112,65,17,-14,-53,-102,-116,-159,-189,-203,-240,-255,-243,-262,-268,-285,-288,-276,-293,-267,-275,-262,-254,-225,-191,-173,-133,-70,-88,14,-17,-61,-30,461,-117,-126,-334,-230,-213,-59,-19,-113,-112,-78,-116,-82,-108,-120,-155,-157,-169
-69,-81,-73,-75,-73,-50,-36,21,41,94,119,160,206,233,241,260,281,297,293,305,312,306,324,326,324,308,308,296,302,256,202,218,179,115,54,109,-40,84,96,-497,65,-347,269,-58,-161,-220,-119,-187,-144,-173,-172,-173,-155,-127,-84,-80
186,190,178,179,158,150,98,79,53,25,-8,-29,-40,-63,-98,-114,-142,-144,-176,-201,-233,-265,-278,-302,-316,-336,-333,-352,-320,-284,-272,-206,-151,-131,-97,1,-81,87,27,-283,239,46,495,276,165,137,280,258,283,272,242,229,207,199,171,149
-184,-188,-174,-167,-166,-141,-107,-73,-36,-14,27,44,72,98,132,147,168,194,211,229,242,290,304,313,343,333,336,335,294,295,257,214,178,112,145,15,6,-75,343,-34,-219,-308,-386,-282,-124,-85,-197,-195,-186,-194,-161,-145,-130,-116,-65,-51
139,141,124,117,116,92,61,7,-37,-80,-118,-152,-192,-225,-241,-262,-271,-284,-276,-267,-265,-264,-258,-245,-229,-217,-190,-165,-144,-129,-106,-77,-54,-33,-6,9,8,7,-5,-17,-36,-59,-99,-126,-160,-190,-213,-230,-232,-240,-246,-253,-264,-267,-291,-288
-110,-108,-104,-96,-77,-56,-34,-11,13,42,67,96,113,122,129,124,113,98,66,35,1,-36,-72,-101,-135,-157,-177,-194,-196,-179,-156,-137,-102,-74,-45,-22,-7,6,13,9,3,-16,-31,-60,-89,-117,-144,-164,-179,-194,-202,-204,-203,-196,-186,-175
-13,-9,-3,1,7,14,20,25,30,34,37,39,34,31,22,13,0,-13,-32,-52,-67,-84,-98,-108,-114,-117,-119,-115,-104,-92,-74,-63,-44,-28,-15,-4,-1,2,1,-3,-9,-21,-37,-52,-67,-83,-97,-107,-112,-119,-119,-118,-116,-111,-105,-99
143,150,150,146,133,113,83,55,23,-8,-43,-75,-96,-114,-138,-151,-164,-185,-205,-232,-248,-274,-293,-301,-327,-321,-328,-333,-312,-278,-240,-222,-165,-129,-88,-57,-31,-2,34,74,109,138,172,208,252,283,313,335,344,348,345,330,319,299,288,281
180,168,140,114,96,75,77,77,90,119,155,194,212,249,279,295,311,297,319,321,342,363,378,394,403,402,402,406,348,287,235,198,138,100,71,47,31,12,-9,-44,-52,-65,-72,-71,-76,-40,-4,33,97,128,157,174,194,200,193,206
-147,-153,-142,-135,-131,-107,-73,-28,2,41,81,106,144,171,193,214,228,240,248,257,270,281,287,287,290,281,276,264,241,215,186,156,118,84,51,20,8,-8,-17,-27,-30,-22,-12,-1,-1,3,2,2,0,9,14,29,46,64,89,104
45,42,50,46,36,40,53,85,108,134,162,180,209,234,239,247,247,248,222,202,182,162,150,128,120,98,85,64,63,52,48,40,27,14,-6,-15,-11,-6,1,21,34,57,96,124,148,169,184,194,181,182,177,182,189,204,227,232
-8,0,-8,0,5,-3,-14,-46,-67,-94,-124,-146,-181,-200,-210,-221,-225,-231,-221,-212,-210,-207,-207,-196,-195,-186,-175,-168,-153,-145,-123,-110,-81,-61,-34,-11,-4,9,14,19,19,15,5,-2,6,5,12,18,42,34,35,31,11,-3,-21,-31
186,192,193,188,165,142,117,97,73,49,28,0,-9,-20,-37,-46,-56,-72,-101,-133,-160,-184,-207,-225,-246,-250,-259,-270,-243,-216,-185,-167,-129,-96,-72,-50,-33,-10,24,68,99,136,175,213,261,288,312,327,325,324,327,309,311,301,298,292
112,112,117,113,100,92,80,95,92,92,93,91,108,105,92,80,60,48,7,-24,-58,-92,-117,-145,-172,-186,-200,-221,-217,-199,-177,-168,-127,-103,-79,-61,-30,-4,29,70,104,138,189,216,263,295,329,347,358,351,351,333,322,299,292,270
135,135,121,122,116,96,61,5,-29,-72,-118,-148,-203,-227,-250,-266,-281,-291,-294,-297,-304,-309,-313,-309,-305,-304,-287,-272,-245,-221,-188,-164,-120,-85,-47,-21,-7,12,21,25,27,19,4,-10,-12,-22,-19,-20,-8,-20,-31,-49,-66,-79,-113,-127
-8,-15,-25,-31,-37,-43,-47,-49,-48,-46,-41,-36,-27,-9,7,29,54,70,98,121,142,161,176,179,181,177,166,152,119,98,73,56,29,12,-2,-11,-7,-2,9,23,41,63,95,116,145,165,184,195,201,199,192,175,155,133,115,93
-96,-100,-109,-105,-100,-86,-74,-53,-35,-13,11,33,64,84,102,122,134,152,157,162,162,160,153,140,125,110,85,55,16,6,-12,-19,-29,-33,-34,-29,-16,-1,19,38,63,84,119,137,160,175,187,191,195,182,170,148,120,90,66,42
-67,-62,-65,-62,-45,-44,-51,-75,-91,-114,-137,-148,-174,-193,-202,-209,-217,-218,-199,-174,-164,-157,-145,-140,-128,-114,-103,-87,-87,-95,-85,-65,-55,-38,-16,-1,6,8,5,-3,-6,-18,-28,-44,-53,-55,-54,-52,-38,-32,-32,-37,-49,-67,-79,-84
163,165,159,152,152,138,129,114,107,89,85,68,55,47,25,7,-18,-50,-94,-143,-188,-230,-268,-292,-330,-333,-350,-370,-359,-316,-283,-259,-195,-154,-110,-66,-38,-2,41,79,117,147,178,206,233,262,286,302,314,292,282,256,225,194,149,131
168,169,160,157,149,137,114,95,72,53,35,15,-3,-24,-44,-69,-94,-118,-153,-188,-220,-258,-282,-301,-324,-323,-330,-335,-316,-280,-246,-215,-162,-119,-84,-43,-25,8,31,53,76,87,90,94,102,111,118,112,121,99,89,63,40,14,-25,-45
-146,-144,-149,-140,-123,-113,-101,-116,-112,-114,-117,-117,-134,-136,-124,-116,-108,-92,-53,-18,15,46,72,95,129,145,157,179,168,151,129,130,100,79,64,52,32,11,-25,-66,-102,-147,-195,-233,-282,-325,-357,-375,-382,-372,-375,-359,-357,-348,-354,-342
-35,-43,-56,-64,-63,-65,-67,-62,-57,-46,-31,-20,5,22,42,67,91,112,136,156,172,185,188,187,177,168,152,125,82,61,37,19,1,-12,-19,-20,-12,-2,15,34,59,83,116,141,162,182,195,201,201,193,179,155,126,96,63,40
54,59,58,53,47,42,18,-24,-41,-83,-107,-136,-170,-189,-204,-210,-224,-245,-229,-231,-238,-226,-241,-229,-229,-219,-212,-193,-178,-180,-152,-144,-133,-68,-89,-38,45,17,-387,237,101,392,42,132,38,30,49,54,35,58,27,27,16,7,-24,-30
217,221,205,188,152,134,109,98,110,113,155,180,214,245,270,293,305,292,319,324,338,370,373,403,407,418,423,433,381,298,256,203,115,128,13,55,77,69,-512,18,98,289,205,112,-84,-117,49,64,133,171,173,194,211,228,231,239
47,52,65,68,63,62,55,55,36,24,2,-17,-31,-55,-81,-99,-113,-126,-135,-130,-134,-136,-122,-107,-92,-74,-48,-18,30,25,32,57,57,52,30,63,-6,38,-23,-222,29,-129,102,-39,-100,-131,-57,-69,-37,-24,-12,7,34,62,88,101
130,138,129,129,119,114,111,98,101,82,84,80,69,67,52,32,13,-12,-53,-115,-152,-179,-205,-247,-266,-278,-296,-325,-325,-255,-240,-226,-142,-145,-35,-66,-77,-52,492,-56,2,-235,38,46,198,262,245,242,292,253,263,229,205,171,142,125
97,88,82,68,45,36,36,54,67,87,113,122,153,178,183,195,215,212,216,225,229,253,265,281,278,284,289,278,257,219,179,137,97,98,22,47,61,10,-385,179,-12,271,-207,-60,-83,-56,-96,-56,-63,-10,7,27,35,39,36,53
-76,-77,-67,-67,-74,-56,-29,8,51,73,118,140,179,200,225,241,243,255,255,239,239,261,257,252,270,259,253,232,200,219,196,116,110,94,101,-28,42,-131,-18,324,-149,284,-213,24,39,13,-26,0,-42,-41,-29,-10,3,17,32,44
56,57,61,61,50,45,32,25,11,-3,-19,-31,-44,-55,-65,-74,-79,-82,-81,-78,-72,-66,-54,-44,-28,-16,-5,13,31,35,41,40,36,29,35,1,9,-24,69,36,-96,-119,-126,-99,-63,-55,-73,-64,-53,-45,-30,-18,2,14,27,39
82,79,81,71,57,39,24,3,-14,-38,-57,-77,-93,-100,-105,-112,-99,-94,-71,-58,-34,-8,17,33,68,84,100,119,126,126,117,115,98,63,73,33,-23,-9,194,-199,-51,-233,64,-47,-49,-67,-7,-13,15,24,35,48,64,83,111,116
167,168,169,167,143,129,105,110,93,85,77,67,81,77,67,48,48,44,7,-25,-47,-83,-100,-123,-136,-143,-158,-182,-171,-133,-118,-92,-47,-71,-5,-33,-80,-43,476,-142,3,-309,157,71,199,250,253,264,293,273,289,276,283,272,276,276
28,21,2,-8,-16,-26,-35,-51,-50,-50,-45,-32,-22,1,24,44,71,95,118,136,154,166,166,161,150,136,113,79,20,18,1,-25,-30,-42,-13,-55,-16,-48,163,146,-41,-26,-64,11,97,126,60,62,48,20,10,-22,-51,-84,-107,-121
-2,9,-2,-2,-6,-16,-28,-70,-93,-133,-152,-190,-218,-235,-244,-244,-241,-254,-220,-191,-165,-127,-133,-84,-88,-58,-33,3,22,-8,9,17,-22,40,-43,54,47,99,-483,-151,110,42,247,-31,-302,-404,-285,-348,-315,-322,-352,-356,-352,-340,-357,-345
12,2,-8,-16,-23,-30,-37,-42,-47,-46,-45,-38,-25,-15,0,17,46,58,87,109,131,143,155,158,152,150,136,121,89,65,39,36,17,5,-17,20,-25,36,-34,-124,129,105,246,176,128,119,176,164,160,150,127,108,81,62,35,13
175,177,185,179,144,130,108,99,75,59,52,32,45,48,37,37,35,25,-6,-11,-32,-52,-64,-66,-90,-97,-94,-101,-65,-54,-42,-14,10,-13,22,21,-79,-6,404,-252,-33,-353,64,-42,56,65,36,32,34,9,18,10,21,15,20,24
152,151,156,153,125,111,101,106,90,91,92,79,98,111,94,98,92,77,50,42,19,-11,-27,-32,-55,-59,-64,-75,-48,-59,-58,-19,-15,-20,-41,46,-61,70,124,-368,137,-232,332,85,96,91,158,127,163,136,146,121,134,130,165,154
15,23,40,49,54,57,66,67,59,48,33,10,-12,-40,-70,-91,-112,-147,-159,-170,-174,-182,-181,-159,-150,-127,-90,-53,3,11,23,49,46,57,21,69,17,47,-215,-133,47,88,34,-6,-101,-120,-69,-60,-64,-26,-14,24,57,90,120,136
84,89,94,94,82,74,51,40,22,-4,-27,-51,-69,-91,-105,-116,-129,-127,-124,-115,-105,-85,-66,-44,-13,13,38,66,88,95,97,85,65,64,47,8,45,-32,-100,186,-97,60,-223,-78,-24,11,-31,3,-2,31,50,74,97,113,123,133
-113,-118,-116,-114,-105,-104,-85,-98,-104,-106,-112,-114,-139,-135,-119,-101,-87,-89,-42,9,39,76,99,138,156,181,201,235,233,189,169,163,94,119,23,60,78,45,-512,99,-23,266,-132,-96,-265,-337,-335,-357,-406,-378,-399,-370,-361,-327,-331,-317
111,107,112,109,106,102,102,116,103,110,122,111,125,116,108,98,63,41,-14,-51,-96,-145,-192,-210,-263,-278,-289,-320,-308,-282,-257,-248,-226,-142,-155,-99,54,-7,-358,511,54,456,-192,162,310,427,313,368,368,368,379,348,336,282,237,221
-163,-170,-158,-151,-153,-129,-85,-57,-16,8,52,69,95,126,142,168,185,182,214,241,260,298,301,326,325,330,338,351,332,270,250,219,140,140,32,71,54,72,-391,-174,79,15,174,-38,-246,-337,-237,-289,-282,-280,-294,-290,-265,-242,-216,-207
-123,-118,-126,-118,-96,-83,-92,-108,-98,-111,-125,-120,-155,-164,-157,-166,-160,-140,-115,-109,-77,-66,-31,-42,-2,3,7,10,-1,31,8,9,39,-15,87,-6,-20,-56,422,16,-234,-203,-499,-286,-96,-65,-196,-180,-174,-191,-152,-144,-165,-180,-177,-179
-29,-26,-19,-14,3,10,28,35,45,55,64,68,69,65,54,39,23,0,-27,-53,-81,-115,-137,-154,-173,-183,-189,-191,-174,-159,-138,-113,-71,-55,-28,12,-39,35,65,-215,70,-49,153,12,-82,-133,-101,-133,-140,-160,-174,-174,-178,-172,-176,-168
-1,-8,-20,-22,-37,-42,-46,-47,-49,-50,-39,-39,-23,-8,9,28,58,68,102,126,144,165,172,180,172,170,161,144,112,80,50,47,24,11,-22,22,-20,44,-50,-141,142,92,284,191,143,127,204,190,197,185,168,146,120,98,72,50
-100,-109,-113,-111,-100,-88,-66,-50,-22,14,44,79,100,122,140,152,152,147,131,111,78,44,8,-29,-73,-103,-136,-167,-188,-174,-160,-142,-96,-82,-53,2,-41,54,-19,-196,112,81,141,34,-82,-132,-128,-168,-199,-209,-224,-218,-219,-202,-191,-172
113,116,124,117,98,83,59,38,16,-19,-43,-78,-95,-121,-139,-145,-163,-163,-155,-143,-129,-102,-85,-54,-24,6,34,70,95,98,104,92,63,78,39,16,60,-12,-268,164,-55,187,-146,-37,-73,-82,-80,-57,-83,-37,-34,3,31,66,87,101
8,0,-5,-9,-14,-21,-22,-26,-32,-31,-32,-33,-27,-19,-10,3,15,30,47,66,79,95,103,116,116,115,115,110,90,78,62,46,26,16,11,-19,7,-29,91,60,-33,-82,27,28,76,86,110,115,132,125,126,115,103,92,87,73
-21,-15,-8,0,12,23,29,39,41,50,49,54,49,36,25,8,-16,-23,-59,-90,-110,-136,-150,-167,-174,-176,-175,-168,-147,-117,-89,-72,-35,-35,17,-11,-17,-35,180,27,-125,-150,-233,-171,-120,-107,-183,-181,-193,-195,-183,-165,-155,-137,-129,-105
6,11,5,10,23,17,-3,-40,-63,-90,-130,-149,-189,-211,-222,-243,-251,-243,-250,-242,-249,-257,-250,-262,-249,-247,-252,-241,-238,-216,-177,-158,-123,-109,-25,-85,-15,-71,239,276,-149,-82,-240,-63,96,174,85,132,154,160,173,165,152,125,98,97
97,91,82,80,75,54,37,-7,-48,-76,-115,-142,-188,-205,-222,-220,-222,-244,-220,-208,-194,-182,-175,-143,-143,-117,-95,-66,-33,-41,-42,-11,-18,15,-30,53,33,83,-392,-65,75,203,37,-27,-204,-279,-241,-274,-299,-291,-319,-307,-307,-289,-306,-303
24,21,12,7,0,-6,-16,-26,-28,-32,-34,-34,-34,-25,-14,-5,9,25,42,59,75,91,102,105,112,110,106,98,74,66,54,35,18,8,5,-25,11,-21,-2,143,-23,76,-51,43,96,127,99,115,105,110,103,93,80,61,40,28
-38,-42,-48,-48,-46,-42,-33,-30,-17,-9,9,22,34,48,63,71,76,79,76,71,63,56,43,29,12,0,-17,-36,-57,-56,-53,-60,-56,-41,-31,-37,9,-13,-37,144,-15,88,-81,-4,12,20,-27,-28,-49,-56,-64,-72,-79,-87,-96,-94
38,29,31,21,10,-8,-16,-32,-49,-59,-77,-84,-92,-90,-81,-73,-45,-29,3,39,77,96,136,149,175,192,199,211,205,185,159,157,128,72,79,41,-32,-6,262,-169,-69,-242,-48,-72,35,70,60,84,117,119,154,158,171,176,188,195
-41,-44,-49,-50,-44,-42,-34,-28,-19,-5,9,25,39,48,62,70,72,77,74,71,62,50,36,22,-1,-13,-28,-47,-65,-66,-65,-61,-47,-36,-36,-2,-9,23,-97,14,60,137,4,29,-1,-1,-32,-44,-64,-66,-77,-86,-88,-94,-97,-95
186,184,197,186,163,136,130,120,88,86,69,52,49,55,46,34,38,25,-8,-29,-54,-89,-101,-114,-139,-150,-153,-164,-131,-115,-106,-63,-28,-62,-25,19,-86,51,381,-318,56,-329,107,6,163,215,190,176,203,167,193,179,183,175,200,195
26,22,16,10,5,-5,-12,-21,-26,-30,-35,-35,-31,-25,-20,-10,3,19,34,52,67,81,93,100,106,106,101,98,77,68,56,42,27,9,15,-14,-8,-18,133,-19,-7,-92,79,48,72,76,104,106,120,108,104,94,78,66,52,40
231,229,212,195,183,160,135,116,111,116,140,173,202,228,255,275,283,299,296,305,317,338,361,376,405,400,416,422,399,356,304,264,199,148,106,73,36,9,-29,-71,-105,-140,-162,-188,-205,-201,-182,-148,-100,-66,-25,2,26,43,38,63
30,30,41,38,32,37,49,82,102,124,146,162,191,210,206,205,198,192,152,123,92,68,42,18,-14,-35,-57,-82,-93,-81,-81,-82,-67,-57,-53,-43,-33,-9,24,62,98,139,189,234,281,320,355,372,386,381,386,370,373,357,356,349
-131,-137,-136,-136,-122,-101,-68,-28,14,52,100,137,165,199,227,247,270,274,294,305,322,345,353,367,379,383,380,376,348,320,273,250,190,141,92,55,30,-2,-39,-74,-107,-130,-150,-181,-215,-243,-277,-296,-319,-314,-316,-294,-277,-247,-226,-215
142,147,152,148,130,111,84,62,35,7,-17,-52,-70,-88,-107,-121,-133,-146,-169,-191,-215,-234,-255,-266,-282,-282,-287,-290,-275,-243,-215,-189,-146,-111,-78,-50,-28,-1,30,67,100,131,156,192,226,263,284,304,320,311,311,299,291,275,259,252
-28,-35,-49,-54,-50,-52,-50,-51,-41,-28,-15,6,19,41,64,80,101,112,125,130,134,126,117,111,91,76,52,20,-18,-28,-43,-47,-48,-47,-41,-30,-14,3,20,34,49,60,72,75,74,71,64,49,37,17,-4,-28,-53,-75,-98,-111
-121,-123,-123,-119,-110,-103,-94,-96,-91,-88,-83,-80,-88,-76,-61,-47,-22,-11,35,64,102,139,170,197,226,244,258,278,269,240,216,198,151,119,85,61,32,0,-34,-74,-110,-134,-172,-196,-234,-260,-293,-302,-316,-305,-294,-274,-253,-228,-202,-181
23,19,10,5,-2,-12,-17,-27,-33,-38,-42,-43,-41,-33,-25,-13,1,18,41,62,82,100,115,125,129,132,130,124,105,92,72,60,39,23,10,0,-1,-2,3,10,22,37,56,75,94,112,125,134,139,141,137,131,121,108,94,83
178,180,181,178,152,139,113,109,90,73,66,46,56,43,23,16,-7,-13,-52,-85,-123,-150,-180,-197,-225,-236,-249,-267,-251,-221,-199,-178,-135,-111,-79,-57,-33,-4,33,75,113,144,190,231,272,312,343,366,372,375,367,352,347,336,321,313
177,178,179,170,151,141,122,119,107,97,89,72,75,71,54,39,21,-1,-44,-83,-127,-156,-194,-211,-248,-267,-274,-297,-285,-245,-224,-204,-160,-124,-92,-64,-38,-6,37,85,127,175,214,266,304,355,390,413,422,417,409,396,383,365,340,334
-186,-189,-177,-171,-164,-140,-110,-72,-43,-9,21,48,70,101,123,146,170,189,214,243,263,288,307,318,332,328,321,322,298,262,227,203,147,110,67,39,16,-7,-25,-41,-53,-52,-54,-50,-55,-53,-55,-55,-61,-45,-36,-20,2,25,59,73
23,14,15,9,1,8,21,53,78,111,140,168,205,227,245,257,270,272,266,261,263,269,272,272,274,262,259,252,252,227,204,174,139,104,64,38,10,-9,-29,-47,-65,-82,-91,-105,-128,-148,-177,-194,-223,-224,-223,-206,-192,-174,-156,-146
49,47,40,36,28,18,6,-8,-18,-29,-38,-45,-51,-49,-46,-37,-27,-14,6,26,44,63,79,91,99,104,105,104,93,79,64,53,34,20,8,0,0,-2,1,9,20,33,49,63,79,92,104,110,113,110,106,96,84,69,55,40
-61,-63,-67,-67,-58,-52,-42,-31,-18,-1,14,30,43,59,71,81,92,93,97,96,92,88,79,71,56,43,29,8,-13,-17,-23,-30,-28,-28,-26,-20,-11,1,13,26,41,53,68,78,85,95,98,97,96,85,76,60,43,24,8,-6
-229,-230,-225,-218,-197,-171,-141,-115,-88,-63,-34,-10,15,30,55,74,96,118,158,202,235,272,298,324,355,368,378,392,364,329,288,264,199,154,108,72,40,5,-44,-93,-136,-176,-221,-264,-314,-351,-395,-418,-436,-429,-431,-400,-384,-358,-335,-319
-178,-181,-178,-170,-152,-131,-100,-74,-41,-10,21,49,63,89,115,134,154,164,191,220,240,269,288,302,324,327,335,339,312,282,244,222,166,127,85,53,29,-2,-36,-71,-103,-122,-155,-175,-217,-238,-269,-284,-301,-294,-296,-276,-262,-235,-219,-200
137,138,132,128,123,101,74,30,-2,-40,-76,-112,-153,-176,-202,-218,-232,-243,-259,-273,-292,-308,-316,-324,-328,-330,-321,-320,-293,-268,-234,-208,-158,-115,-78,-42,-22,2,27,51,66,79,88,100,117,130,148,164,179,172,166,148,129,107,80,67
-33,-38,-48,-50,-49,-51,-50,-48,-42,-36,-28,-18,-1,12,26,43,63,80,102,120,134,147,156,158,152,149,137,123,93,74,56,49,33,11,12,16,-40,14,87,-184,115,51,241,169,134,133,183,179,173,179,167,155,139,123,103,91
-88,-92,-92,-92,-64,-72,-65,-90,-99,-109,-127,-134,-167,-181,-175,-175,-170,-173,-140,-110,-89,-76,-55,-43,-29,-10,1,21,21,3,-7,12,18,27,-7,69,16,83,-380,-47,77,313,-114,-48,-138,-147,-203,-206,-237,-208,-208,-207,-206,-221,-225,-231
-98,-103,-103,-99,-75,-61,-40,-17,-1,32,52,78,93,108,123,129,127,112,88,63,36,16,-22,-43,-77,-96,-117,-135,-157,-143,-120,-128,-106,-75,-35,-61,-1,-41,109,146,-85,-57,-164,-91,-21,-15,-83,-101,-93,-129,-123,-144,-159,-171,-161,-164
170,163,169,162,150,126,95,79,42,19,-20,-38,-56,-67,-94,-110,-122,-137,-159,-187,-208,-246,-258,-278,-300,-310,-308,-323,-291,-264,-238,-194,-125,-129,-74,-14,-91,53,282,-319,170,-190,403,190,218,227,329,316,377,346,352,329,314,297,311,298
139,137,138,123,108,84,55,12,-18,-64,-95,-121,-167,-191,-198,-212,-222,-222,-210,-199,-184,-164,-145,-123,-93,-69,-40,-10,25,30,34,35,21,41,21,-6,78,-38,-219,336,-185,28,-490,-293,-233,-214,-343,-331,-353,-339,-321,-309,-283,-271,-251,-233
-59,-59,-61,-58,-48,-42,-26,-18,-3,12,31,43,55,63,75,79,78,75,69,56,46,37,17,7,-13,-26,-37,-54,-66,-65,-64,-65,-57,-37,-46,-13,6,18,-126,50,69,149,64,74,31,21,26,13,-3,-10,-28,-39,-52,-62,-72,-80
-127,-128,-124,-117,-99,-81,-51,-24,9,43,73,105,119,137,142,137,127,100,65,21,-19,-64,-104,-143,-177,-201,-218,-229,-218,-193,-164,-140,-96,-62,-35,-12,-4,1,-4,-18,-36,-63,-99,-132,-172,-201,-224,-243,-250,-238,-229,-206,-178,-146,-105,-70
64,73,79,89,72,58,45,13,-29,-70,-99,-153,-176,-203,-228,-241,-258,-278,-287,-280,-304,-318,-350,-334,-369,-363,-359,-358,-326,-321,-278,-242,-218,-124,-163,-50,23,38,-431,194,254,451,434,394,253,239,365,384,374,401,362,351,340,338,306,293
-221,-219,-223,-209,-190,-164,-127,-119,-102,-84,-63,-53,-51,-42,-23,-4,6,4,51,102,125,166,175,227,227,251,263,293,263,199,192,170,85,131,15,55,80,52,-512,17,32,174,113,-66,-326,-429,-355,-378,-398,-364,-390,-374,-362,-351,-374,-362
-13,-22,-30,-35,-37,-41,-45,-45,-48,-37,-38,-28,-23,-9,10,27,47,66,87,116,136,151,161,173,167,164,162,151,129,101,82,56,22,23,-10,-26,33,-27,-67,228,-38,66,-84,35,133,177,152,175,190,186,191,175,158,139,129,111
104,110,101,103,91,75,53,13,-25,-59,-92,-122,-160,-185,-201,-211,-236,-241,-251,-263,-271,-282,-298,-295,-312,-298,-294,-287,-264,-244,-213,-199,-171,-110,-107,-74,55,-5,-235,468,-40,213,-244,-1,116,187,116,150,182,179,191,167,157,127,102,90
-174,-172,-181,-167,-152,-132,-109,-112,-106,-102,-90,-86,-96,-101,-85,-74,-67,-68,-29,16,39,70,82,116,124,140,150,175,167,127,103,93,45,78,1,35,83,24,-493,210,-13,331,-222,-98,-201,-232,-282,-272,-322,-285,-298,-279,-276,-270,-302,-289
-123,-125,-125,-121,-104,-108,-94,-96,-108,-102,-104,-108,-108,-108,-89,-66,-52,-41,-1,64,97,138,160,212,224,249,274,311,301,239,239,190,121,157,66,33,97,-41,-416,276,-129,272,-225,-127,-211,-288,-332,-311,-373,-344,-334,-305,-290,-266,-233,-217
136,140,150,140,114,95,96,98,100,95,107,89,107,124,112,119,115,81,67,46,21,11,-21,-15,-48,-48,-49,-58,-41,-55,-43,-38,-42,-7,-81,20,-5,71,-265,-150,223,99,455,233,109,69,203,166,189,172,157,142,156,163,186,176
199,208,206,200,176,149,134,113,91,63,56,19,15,-1,-14,-26,-56,-77,-117,-158,-196,-218,-263,-269,-307,-306,-318,-331,-313,-276,-234,-244,-215,-135,-132,-111,50,-22,-331,511,83,511,-78,257,345,440,365,431,388,417,404,394,392,364,322,322
59,58,60,56,45,37,21,10,-3,-19,-35,-49,-65,-74,-77,-81,-82,-74,-68,-48,-39,-29,-11,4,15,26,43,60,78,63,64,61,42,46,14,21,30,8,-157,79,-27,98,-107,-37,-27,-17,-45,-28,-38,-19,-6,11,26,35,47,60
-148,-147,-142,-134,-142,-126,-116,-112,-98,-102,-91,-83,-69,-61,-41,-26,-4,25,67,101,144,196,230,252,304,317,326,348,319,309,281,243,214,133,173,42,-10,-58,448,-188,-277,-512,-361,-387,-280,-274,-349,-371,-329,-349,-306,-295,-271,-249,-187,-172
-95,-99,-102,-101,-86,-76,-57,-36,-19,8,28,52,74,94,108,119,128,144,141,138,140,127,124,106,95,82,58,30,-4,3,-9,-18,-13,-32,1,-43,-20,-41,197,101,-37,-38,-45,44,144,198,154,177,179,175,174,158,140,113,88,77
-96,-88,-89,-74,-63,-57,-59,-74,-85,-106,-123,-140,-168,-180,-197,-198,-203,-217,-205,-177,-181,-174,-179,-166,-174,-175,-165,-154,-138,-171,-162,-115,-112,-72,-95,18,-15,108,-161,-257,198,21,394,161,34,7,138,121,182,173,166,150,140,128,129,122
-90,-97,-98,-104,-86,-74,-48,-20,18,56,88,128,145,166,198,205,219,242,254,252,269,287,308,298,329,326,324,322,282,283,254,207,165,120,124,-2,46,-98,47,269,-236,24,-473,-221,-159,-139,-275,-253,-321,-294,-302,-273,-259,-234,-241,-227
100,99,100,97,73,61,38,19,-5,-31,-56,-80,-97,-108,-116,-119,-114,-109,-89,-70,-44,-17,8,36,64,87,112,135,150,145,130,118,86,64,56,-1,23,-32,158,-16,-114,-246,10,-43,-9,-19,43,54,77,87,102,117,128,146,158,161
-69,-80,-62,-60,-63,-47,-21,26,51,94,123,150,188,206,215,245,240,249,243,249,244,232,224,221,200,195,184,170,163,129,106,92,48,59,-30,26,50,49,-458,186,95,449,-21,165,121,160,122,150,87,130,120,134,155,163,170,185
186,183,182,168,171,149,129,116,92,94,70,57,43,25,-1,-13,-35,-64,-106,-136,-173,-224,-254,-278,-323,-337,-343,-369,-329,-311,-291,-240,-194,-124,-163,-17,-9,72,-399,108,292,511,371,407,286,309,372,388,351,374,337,324,317,294,230,219
-174,-178,-179,-171,-152,-134,-98,-97,-79,-69,-47,-36,-44,-38,-19,-4,1,2,32,75,93,128,135,170,175,175,188,214,196,153,142,107,53,89,15,15,85,-13,-416,224,-60,261,-148,-63,-209,-244,-254,-255,-299,-265,-285,-262,-260,-249,-273,-268
-182,-182,-181,-176,-147,-134,-109,-87,-65,-37,-19,8,10,36,56,68,101,121,149,176,212,231,273,276,301,309,309,316,293,278,236,230,197,117,142,49,-26,-29,380,-178,-238,-434,-333,-323,-222,-209,-306,-300,-294,-307,-268,-259,-237,-227,-199,-175
-25,-30,-34,-36,-37,-38,-33,-32,-27,-20,-14,-6,3,15,25,35,51,61,72,86,91,97,103,102,97,89,81,69,49,37,27,23,14,-2,6,-2,-27,1,133,-102,34,-77,143,75,77,75,113,110,121,110,107,94,78,67,56,43
188,187,202,194,151,135,111,101,80,53,46,11,21,7,-14,-15,-40,-50,-80,-109,-147,-160,-197,-198,-232,-239,-239,-251,-225,-208,-183,-172,-144,-81,-123,-22,10,47,-363,70,289,436,396,366,273,260,364,360,336,355,321,312,307,314,312,294
175,178,177,174,141,130,100,69,42,4,-12,-51,-63,-88,-110,-122,-149,-157,-188,-211,-243,-254,-287,-289,-312,-322,-319,-327,-298,-276,-243,-225,-193,-120,-135,-44,27,32,-383,229,218,489,227,318,244,263,317,324,300,328,290,287,274,260,234,218
-10,-4,11,19,27,37,42,53,47,49,38,33,21,2,-19,-47,-65,-90,-115,-135,-149,-168,-168,-167,-165,-148,-130,-108,-61,-38,-21,7,35,27,41,52,-27,15,132,-265,-22,-238,57,-99,-142,-175,-118,-132,-100,-91,-73,-46,-20,15,55,74
0,0,0,0,0,0,0,0,0,0,0,0,0,0,0,0,0,0,0,0,0,0,0,0,0,0,0,0,0,0,0,0,0,0,0,0,0,0,0,0,0,0,0,0,0,0,0,0,0,0,0,0,0,0,0,0
0,0,0,0,0,0,0,0,0,0,0,0,0,0,0,0,0,0,0,0,0,0,0,0,0,0,0,0,0,0,0,0,0,0,0,0,0,0,0,0,0,0,0,0,0,0,0,0,0,0,0,0,0,0,0,0
0,0,0,0,0,0,0,0,0,0,0,0,0,0,0,0,0,0,0,0,0,0,0,0,0,0,0,0,0,0,0,0,0,0,0,0,0,0,0,0,0,0,0,0,0,0,0,0,0,0,0,0,0,0,0,0
0,0,0,0,0,0,0,0,0,0,0,0,0,0,0,0,0,0,0,0,0,0,0,0,0,0,0,0,0,0,0,0,0,0,0,0,0,0,0,0,0,0,0,0,0,0,0,0,0,0,0,0,0,0,0,0
0,0,0,0,0,0,0,0,0,0,0,0,0,0,0,0,0,0,0,0,0,0,0,0,0,0,0,0,0,0,0,0,0,0,0,0,0,0,0,0,0,0,0,0,0,0,0,0,0,0,0,0,0,0,0,0
0,0,0,0,0,0,0,0,0,0,0,0,0,0,0,0,0,0,0,0,0,0,0,0,0,0,0,0,0,0,0,0,0,0,0,0,0,0,0,0,0,0,0,0,0,0,0,0,0,0,0,0,0,0,0,0
0,0,0,0,0,0,0,0,0,0,0,0,0,0,0,0,0,0,0,0,0,0,0,0,0,0,0,0,0,0,0,0,0,0,0,0,0,0,0,0,0,0,0,0,0,0,0,0,0,0,0,0,0,0,0,0
0,0,0,0,0,0,0,0,0,0,0,0,0,0,0,0,0,0,0,0,0,0,0,0,0,0,0,0,0,0,0,0,0,0,0,0,0,0,0,0,0,0,0,0,0,0,0,0,0,0,0,0,0,0,0,0
0,0,0,0,0,0,0,0,0,0,0,0,0,0,0,0,0,0,0,0,0,0,0,0,0,0,0,0,0,0,0,0,0,0,0,0,0,0,0,0,0,0,0,0,0,0,0,0,0,0,0,0,0,0,0,0
0,0,0,0,0,0,0,0,0,0,0,0,0,0,0,0,0,0,0,0,0,0,0,0,0,0,0,0,0,0,0,0,0,0,0,0,0,0,0,0,0,0,0,0,0,0,0,0,0,0,0,0,0,0,0,0
0,0,0,0,0,0,0,0,0,0,0,0,0,0,0,0,0,0,0,0,0,0,0,0,0,0,0,0,0,0,0,0,0,0,0,0,0,0,0,0,0,0,0,0,0,0,0,0,0,0,0,0,0,0,0,0
0,0,0,0,0,0,0,0,0,0,0,0,0,0,0,0,0,0,0,0,0,0,0,0,0,0,0,0,0,0,0,0,0,0,0,0,0,0,0,0,0,0,0,0,0,0,0,0,0,0,0,0,0,0,0,0
0,0,0,0,0,0,0,0,0,0,0,0,0,0,0,0,0,0,0,0,0,0,0,0,0,0,0,0,0,0,0,0,0,0,0,0,0,0,0,0,0,0,0,0,0,0,0,0,0,0,0,0,0,0,0,0
0,0,0,0,0,0,0,0,0,0,0,0,0,0,0,0,0,0,0,0,0,0,0,0,0,0,0,0,0,0,0,0,0,0,0,0,0,0,0,0,0,0,0,0,0,0,0,0,0,0,0,0,0,0,0,0
0,0,0,0,0,0,0,0,0,0,0,0,0,0,0,0,0,0,0,0,0,0,0,0,0,0,0,0,0,0,0,0,0,0,0,0,0,0,0,0,0,0,0,0,0,0,0,0,0,0,0,0,0,0,0,0
0,0,0,0,0,0,0,0,0,0,0,0,0,0,0,0,0,0,0,0,0,0,0,0,0,0,0,0,0,0,0,0,0,0,0,0,0,0,0,0,0,0,0,0,0,0,0,0,0,0,0,0,0,0,0,0
0,0,0,0,0,0,0,0,0,0,0,0,0,0,0,0,0,0,0,0,0,0,0,0,0,0,0,0,0,0,0,0,0,0,0,0,0,0,0,0,0,0,0,0,0,0,0,0,0,0,0,0,0,0,0,0
0,0,0,0,0,0,0,0,0,0,0,0,0,0,0,0,0,0,0,0,0,0,0,0,0,0,0,0,0,0,0,0,0,0,0,0,0,0,0,0,0,0,0,0,0,0,0,0,0,0,0,0,0,0,0,0
0,0,0,0,0,0,0,0,0,0,0,0,0,0,0,0,0,0,0,0,0,0,0,0,0,0,0,0,0,0,0,0,0,0,0,0,0,0,0,0,0,0,0,0,0,0,0,0,0,0,0,0,0,0,0,0
0,0,0,0,0,0,0,0,0,0,0,0,0,0,0,0,0,0,0,0,0,0,0,0,0,0,0,0,0,0,0,0,0,0,0,0,0,0,0,0,0,0,0,0,0,0,0,0,0,0,0,0,0,0,0,0
0,0,0,0,0,0,0,0,0,0,0,0,0,0,0,0,0,0,0,0,0,0,0,0,0,0,0,0,0,0,0,0,0,0,0,0,0,0,0,0,0,0,0,0,0,0,0,0,0,0,0,0,0,0,0,0
0,0,0,0,0,0,0,0,0,0,0,0,0,0,0,0,0,0,0,0,0,0,0,0,0,0,0,0,0,0,0,0,0,0,0,0,0,0,0,0,0,0,0,0,0,0,0,0,0,0,0,0,0,0,0,0
0,0,0,0,0,0,0,0,0,0,0,0,0,0,0,0,0,0,0,0,0,0,0,0,0,0,0,0,0,0,0,0,0,0,0,0,0,0,0,0,0,0,0,0,0,0,0,0,0,0,0,0,0,0,0,0
0,0,0,0,0,0,0,0,0,0,0,0,0,0,0,0,0,0,0,0,0,0,0,0,0,0,0,0,0,0,0,0,0,0,0,0,0,0,0,0,0,0,0,0,0,0,0,0,0,0,0,0,0,0,0,0
0,0,0,0,0,0,0,0,0,0,0,0,0,0,0,0,0,0,0,0,0,0,0,0,0,0,0,0,0,0,0,0,0,0,0,0,0,0,0,0,0,0,0,0,0,0,0,0,0,0,0,0,0,0,0,0
0,0,0,0,0,0,0,0,0,0,0,0,0,0,0,0,0,0,0,0,0,0,0,0,0,0,0,0,0,0,0,0,0,0,0,0,0,0,0,0,0,0,0,0,0,0,0,0,0,0,0,0,0,0,0,0
0,0,0,0,0,0,0,0,0,0,0,0,0,0,0,0,0,0,0,0,0,0,0,0,0,0,0,0,0,0,0,0,0,0,0,0,0,0,0,0,0,0,0,0,0,0,0,0,0,0,0,0,0,0,0,0
0,0,0,0,0,0,0,0,0,0,0,0,0,0,0,0,0,0,0,0,0,0,0,0,0,0,0,0,0,0,0,0,0,0,0,0,0,0,0,0,0,0,0,0,0,0,0,0,0,0,0,0,0,0,0,0
0,0,0,0,0,0,0,0,0,0,0,0,0,0,0,0,0,0,0,0,0,0,0,0,0,0,0,0,0,0,0,0,0,0,0,0,0,0,0,0,0,0,0,0,0,0,0,0,0,0,0,0,0,0,0,0
0,0,0,0,0,0,0,0,0,0,0,0,0,0,0,0,0,0,0,0,0,0,0,0,0,0,0,0,0,0,0,0,0,0,0,0,0,0,0,0,0,0,0,0,0,0,0,0,0,0,0,0,0,0,0,0
0,0,0,0,0,0,0,0,0,0,0,0,0,0,0,0,0,0,0,0,0,0,0,0,0,0,0,0,0,0,0,0,0,0,0,0,0,0,0,0,0,0,0,0,0,0,0,0,0,0,0,0,0,0,0,0
0,0,0,0,0,0,0,0,0,0,0,0,0,0,0,0,0,0,0,0,0,0,0,0,0,0,0,0,0,0,0,0,0,0,0,0,0,0,0,0,0,0,0,0,0,0,0,0,0,0,0,0,0,0,0,0
0,0,0,0,0,0,0,0,0,0,0,0,0,0,0,0,0,0,0,0,0,0,0,0,0,0,0,0,0,0,0,0,0,0,0,0,0,0,0,0,0,0,0,0,0,0,0,0,0,0,0,0,0,0,0,0
0,0,0,0,0,0,0,0,0,0,0,0,0,0,0,0,0,0,0,0,0,0,0,0,0,0,0,0,0,0,0,0,0,0,0,0,0,0,0,0,0,0,0,0,0,0,0,0,0,0,0,0,0,0,0,0
0,0,0,0,0,0,0,0,0,0,0,0,0,0,0,0,0,0,0,0,0,0,0,0,0,0,0,0,0,0,0,0,0,0,0,0,0,0,0,0,0,0,0,0,0,0,0,0,0,0,0,0,0,0,0,0
0,0,0,0,0,0,0,0,0,0,0,0,0,0,0,0,0,0,0,0,0,0,0,0,0,0,0,0,0,0,0,0,0,0,0,0,0,0,0,0,0,0,0,0,0,0,0,0,0,0,0,0,0,0,0,0
0,0,0,0,0,0,0,0,0,0,0,0,0,0,0,0,0,0,0,0,0,0,0,0,0,0,0,0,0,0,0,0,0,0,0,0,0,0,0,0,0,0,0,0,0,0,0,0,0,0,0,0,0,0,0,0
0,0,0,0,0,0,0,0,0,0,0,0,0,0,0,0,0,0,0,0,0,0,0,0,0,0,0,0,0,0,0,0,0,0,0,0,0,0,0,0,0,0,0,0,0,0,0,0,0,0,0,0,0,0,0,0
0,0,0,0,0,0,0,0,0,0,0,0,0,0,0,0,0,0,0,0,0,0,0,0,0,0,0,0,0,0,0,0,0,0,0,0,0,0,0,0,0,0,0,0,0,0,0,0,0,0,0,0,0,0,0,0
0,0,0,0,0,0,0,0,0,0,0,0,0,0,0,0,0,0,0,0,0,0,0,0,0,0,0,0,0,0,0,0,0,0,0,0,0,0,0,0,0,0,0,0,0,0,0,0,0,0,0,0,0,0,0,0
0,0,0,0,0,0,0,0,0,0,0,0,0,0,0,0,0,0,0,0,0,0,0,0,0,0,0,0,0,0,0,0,0,0,0,0,0,0,0,0,0,0,0,0,0,0,0,0,0,0,0,0,0,0,0,0
0,0,0,0,0,0,0,0,0,0,0,0,0,0,0,0,0,0,0,0,0,0,0,0,0,0,0,0,0,0,0,0,0,0,0,0,0,0,0,0,0,0,0,0,0,0,0,0,0,0,0,0,0,0,0,0
0,0,0,0,0,0,0,0,0,0,0,0,0,0,0,0,0,0,0,0,0,0,0,0,0,0,0,0,0,0,0,0,0,0,0,0,0,0,0,0,0,0,0,0,0,0,0,0,0,0,0,0,0,0,0,0
0,0,0,0,0,0,0,0,0,0,0,0,0,0,0,0,0,0,0,0,0,0,0,0,0,0,0,0,0,0,0,0,0,0,0,0,0,0,0,0,0,0,0,0,0,0,0,0,0,0,0,0,0,0,0,0
0,0,0,0,0,0,0,0,0,0,0,0,0,0,0,0,0,0,0,0,0,0,0,0,0,0,0,0,0,0,0,0,0,0,0,0,0,0,0,0,0,0,0,0,0,0,0,0,0,0,0,0,0,0,0,0
0,0,0,0,0,0,0,0,0,0,0,0,0,0,0,0,0,0,0,0,0,0,0,0,0,0,0,0,0,0,0,0,0,0,0,0,0,0,0,0,0,0,0,0,0,0,0,0,0,0,0,0,0,0,0,0
0,0,0,0,0,0,0,0,0,0,0,0,0,0,0,0,0,0,0,0,0,0,0,0,0,0,0,0,0,0,0,0,0,0,0,0,0,0,0,0,0,0,0,0,0,0,0,0,0,0,0,0,0,0,0,0
0,0,0,0,0,0,0,0,0,0,0,0,0,0,0,0,0,0,0,0,0,0,0,0,0,0,0,0,0,0,0,0,0,0,0,0,0,0,0,0,0,0,0,0,0,0,0,0,0,0,0,0,0,0,0,0
0,0,0,0,0,0,0,0,0,0,0,0,0,0,0,0,0,0,0,0,0,0,0,0,0,0,0,0,0,0,0,0,0,0,0,0,0,0,0,0,0,0,0,0,0,0,0,0,0,0,0,0,0,0,0,0
0,0,0,0,0,0,0,0,0,0,0,0,0,0,0,0,0,0,0,0,0,0,0,0,0,0,0,0,0,0,0,0,0,0,0,0,0,0,0,0,0,0,0,0,0,0,0,0,0,0,0,0,0,0,0,0
0,0,0,0,0,0,0,0,0,0,0,0,0,0,0,0,0,0,0,0,0,0,0,0,0,0,0,0,0,0,0,0,0,0,0,0,0,0,0,0,0,0,0,0,0,0,0,0,0,0,0,0,0,0,0,0
0,0,0,0,0,0,0,0,0,0,0,0,0,0,0,0,0,0,0,0,0,0,0,0,0,0,0,0,0,0,0,0,0,0,0,0,0,0,0,0,0,0,0,0,0,0,0,0,0,0,0,0,0,0,0,0
0,0,0,0,0,0,0,0,0,0,0,0,0,0,0,0,0,0,0,0,0,0,0,0,0,0,0,0,0,0,0,0,0,0,0,0,0,0,0,0,0,0,0,0,0,0,0,0,0,0,0,0,0,0,0,0
0,0,0,0,0,0,0,0,0,0,0,0,0,0,0,0,0,0,0,0,0,0,0,0,0,0,0,0,0,0,0,0,0,0,0,0,0,0,0,0,0,0,0,0,0,0,0,0,0,0,0,0,0,0,0,0
0,0,0,0,0,0,0,0,0,0,0,0,0,0,0,0,0,0,0,0,0,0,0,0,0,0,0,0,0,0,0,0,0,0,0,0,0,0,0,0,0,0,0,0,0,0,0,0,0,0,0,0,0,0,0,0
0,0,0,0,0,0,0,0,0,0,0,0,0,0,0,0,0,0,0,0,0,0,0,0,0,0,0,0,0,0,0,0,0,0,0,0,0,0,0,0,0,0,0,0,0,0,0,0,0,0,0,0,0,0,0,0
0,0,0,0,0,0,0,0,0,0,0,0,0,0,0,0,0,0,0,0,0,0,0,0,0,0,0,0,0,0,0,0,0,0,0,0,0,0,0,0,0,0,0,0,0,0,0,0,0,0,0,0,0,0,0,0
0,0,0,0,0,0,0,0,0,0,0,0,0,0,0,0,0,0,0,0,0,0,0,0,0,0,0,0,0,0,0,0,0,0,0,0,0,0,0,0,0,0,0,0,0,0,0,0,0,0,0,0,0,0,0,0
0,0,0,0,0,0,0,0,0,0,0,0,0,0,0,0,0,0,0,0,0,0,0,0,0,0,0,0,0,0,0,0,0,0,0,0,0,0,0,0,0,0,0,0,0,0,0,0,0,0,0,0,0,0,0,0
0,0,0,0,0,0,0,0,0,0,0,0,0,0,0,0,0,0,0,0,0,0,0,0,0,0,0,0,0,0,0,0,0,0,0,0,0,0,0,0,0,0,0,0,0,0,0,0,0,0,0,0,0,0,0,0
0,0,0,0,0,0,0,0,0,0,0,0,0,0,0,0,0,0,0,0,0,0,0,0,0,0,0,0,0,0,0,0,0,0,0,0,0,0,0,0,0,0,0,0,0,0,0,0,0,0,0,0,0,0,0,0
0,0,0,0,0,0,0,0,0,0,0,0,0,0,0,0,0,0,0,0,0,0,0,0,0,0,0,0,0,0,0,0,0,0,0,0,0,0,0,0,0,0,0,0,0,0,0,0,0,0,0,0,0,0,0,0
0,0,0,0,0,0,0,0,0,0,0,0,0,0,0,0,0,0,0,0,0,0,0,0,0,0,0,0,0,0,0,0,0,0,0,0,0,0,0,0,0,0,0,0,0,0,0,0,0,0,0,0,0,0,0,0
0,0,0,0,0,0,0,0,0,0,0,0,0,0,0,0,0,0,0,0,0,0,0,0,0,0,0,0,0,0,0,0,0,0,0,0,0,0,0,0,0,0,0,0,0,0,0,0,0,0,0,0,0,0,0,0
0,0,0,0,0,0,0,0,0,0,0,0,0,0,0,0,0,0,0,0,0,0,0,0,0,0,0,0,0,0,0,0,0,0,0,0,0,0,0,0,0,0,0,0,0,0,0,0,0,0,0,0,0,0,0,0
0,0,0,0,0,0,0,0,0,0,0,0,0,0,0,0,0,0,0,0,0,0,0,0,0,0,0,0,0,0,0,0,0,0,0,0,0,0,0,0,0,0,0,0,0,0,0,0,0,0,0,0,0,0,0,0
0,0,0,0,0,0,0,0,0,0,0,0,0,0,0,0,0,0,0,0,0,0,0,0,0,0,0,0,0,0,0,0,0,0,0,0,0,0,0,0,0,0,0,0,0,0,0,0,0,0,0,0,0,0,0,0
0,0,0,0,0,0,0,0,0,0,0,0,0,0,0,0,0,0,0,0,0,0,0,0,0,0,0,0,0,0,0,0,0,0,0,0,0,0,0,0,0,0,0,0,0,0,0,0,0,0,0,0,0,0,0,0
0,0,0,0,0,0,0,0,0,0,0,0,0,0,0,0,0,0,0,0,0,0,0,0,0,0,0,0,0,0,0,0,0,0,0,0,0,0,0,0,0,0,0,0,0,0,0,0,0,0,0,0,0,0,0,0
0,0,0,0,0,0,0,0,0,0,0,0,0,0,0,0,0,0,0,0,0,0,0,0,0,0,0,0,0,0,0,0,0,0,0,0,0,0,0,0,0,0,0,0,0,0,0,0,0,0,0,0,0,0,0,0
0,0,0,0,0,0,0,0,0,0,0,0,0,0,0,0,0,0,0,0,0,0,0,0,0,0,0,0,0,0,0,0,0,0,0,0,0,0,0,0,0,0,0,0,0,0,0,0,0,0,0,0,0,0,0,0
0,0,0,0,0,0,0,0,0,0,0,0,0,0,0,0,0,0,0,0,0,0,0,0,0,0,0,0,0,0,0,0,0,0,0,0,0,0,0,0,0,0,0,0,0,0,0,0,0,0,0,0,0,0,0,0
0,0,0,0,0,0,0,0,0,0,0,0,0,0,0,0,0,0,0,0,0,0,0,0,0,0,0,0,0,0,0,0,0,0,0,0,0,0,0,0,0,0,0,0,0,0,0,0,0,0,0,0,0,0,0,0
0,0,0,0,0,0,0,0,0,0,0,0,0,0,0,0,0,0,0,0,0,0,0,0,0,0,0,0,0,0,0,0,0,0,0,0,0,0,0,0,0,0,0,0,0,0,0,0,0,0,0,0,0,0,0,0
0,0,0,0,0,0,0,0,0,0,0,0,0,0,0,0,0,0,0,0,0,0,0,0,0,0,0,0,0,0,0,0,0,0,0,0,0,0,0,0,0,0,0,0,0,0,0,0,0,0,0,0,0,0,0,0
0,0,0,0,0,0,0,0,0,0,0,0,0,0,0,0,0,0,0,0,0,0,0,0,0,0,0,0,0,0,0,0,0,0,0,0,0,0,0,0,0,0,0,0,0,0,0,0,0,0,0,0,0,0,0,0
0,0,0,0,0,0,0,0,0,0,0,0,0,0,0,0,0,0,0,0,0,0,0,0,0,0,0,0,0,0,0,0,0,0,0,0,0,0,0,0,0,0,0,0,0,0,0,0,0,0,0,0,0,0,0,0
0,0,0,0,0,0,0,0,0,0,0,0,0,0,0,0,0,0,0,0,0,0,0,0,0,0,0,0,0,0,0,0,0,0,0,0,0,0,0,0,0,0,0,0,0,0,0,0,0,0,0,0,0,0,0,0
0,0,0,0,0,0,0,0,0,0,0,0,0,0,0,0,0,0,0,0,0,0,0,0,0,0,0,0,0,0,0,0,0,0,0,0,0,0,0,0,0,0,0,0,0,0,0,0,0,0,0,0,0,0,0,0
0,0,0,0,0,0,0,0,0,0,0,0,0,0,0,0,0,0,0,0,0,0,0,0,0,0,0,0,0,0,0,0,0,0,0,0,0,0,0,0,0,0,0,0,0,0,0,0,0,0,0,0,0,0,0,0
0,0,0,0,0,0,0,0,0,0,0,0,0,0,0,0,0,0,0,0,0,0,0,0,0,0,0,0,0,0,0,0,0,0,0,0,0,0,0,0,0,0,0,0,0,0,0,0,0,0,0,0,0,0,0,0
0,0,0,0,0,0,0,0,0,0,0,0,0,0,0,0,0,0,0,0,0,0,0,0,0,0,0,0,0,0,0,0,0,0,0,0,0,0,0,0,0,0,0,0,0,0,0,0,0,0,0,0,0,0,0,0
0,0,0,0,0,0,0,0,0,0,0,0,0,0,0,0,0,0,0,0,0,0,0,0,0,0,0,0,0,0,0,0,0,0,0,0,0,0,0,0,0,0,0,0,0,0,0,0,0,0,0,0,0,0,0,0
0,0,0,0,0,0,0,0,0,0,0,0,0,0,0,0,0,0,0,0,0,0,0,0,0,0,0,0,0,0,0,0,0,0,0,0,0,0,0,0,0,0,0,0,0,0,0,0,0,0,0,0,0,0,0,0
0,0,0,0,0,0,0,0,0,0,0,0,0,0,0,0,0,0,0,0,0,0,0,0,0,0,0,0,0,0,0,0,0,0,0,0,0,0,0,0,0,0,0,0,0,0,0,0,0,0,0,0,0,0,0,0
0,0,0,0,0,0,0,0,0,0,0,0,0,0,0,0,0,0,0,0,0,0,0,0,0,0,0,0,0,0,0,0,0,0,0,0,0,0,0,0,0,0,0,0,0,0,0,0,0,0,0,0,0,0,0,0
0,0,0,0,0,0,0,0,0,0,0,0,0,0,0,0,0,0,0,0,0,0,0,0,0,0,0,0,0,0,0,0,0,0,0,0,0,0,0,0,0,0,0,0,0,0,0,0,0,0,0,0,0,0,0,0
0,0,0,0,0,0,0,0,0,0,0,0,0,0,0,0,0,0,0,0,0,0,0,0,0,0,0,0,0,0,0,0,0,0,0,0,0,0,0,0,0,0,0,0,0,0,0,0,0,0,0,0,0,0,0,0
0,0,0,0,0,0,0,0,0,0,0,0,0,0,0,0,0,0,0,0,0,0,0,0,0,0,0,0,0,0,0,0,0,0,0,0,0,0,0,0,0,0,0,0,0,0,0,0,0,0,0,0,0,0,0,0
0,0,0,0,0,0,0,0,0,0,0,0,0,0,0,0,0,0,0,0,0,0,0,0,0,0,0,0,0,0,0,0,0,0,0,0,0,0,0,0,0,0,0,0,0,0,0,0,0,0,0,0,0,0,0,0
0,0,0,0,0,0,0,0,0,0,0,0,0,0,0,0,0,0,0,0,0,0,0,0,0,0,0,0,0,0,0,0,0,0,0,0,0,0,0,0,0,0,0,0,0,0,0,0,0,0,0,0,0,0,0,0
0,0,0,0,0,0,0,0,0,0,0,0,0,0,0,0,0,0,0,0,0,0,0,0,0,0,0,0,0,0,0,0,0,0,0,0,0,0,0,0,0,0,0,0,0,0,0,0,0,0,0,0,0,0,0,0
0,0,0,0,0,0,0,0,0,0,0,0,0,0,0,0,0,0,0,0,0,0,0,0,0,0,0,0,0,0,0,0,0,0,0,0,0,0,0,0,0,0,0,0,0,0,0,0,0,0,0,0,0,0,0,0
0,0,0,0,0,0,0,0,0,0,0,0,0,0,0,0,0,0,0,0,0,0,0,0,0,0,0,0,0,0,0,0,0,0,0,0,0,0,0,0,0,0,0,0,0,0,0,0,0,0,0,0,0,0,0,0
0,0,0,0,0,0,0,0,0,0,0,0,0,0,0,0,0,0,0,0,0,0,0,0,0,0,0,0,0,0,0,0,0,0,0,0,0,0,0,0,0,0,0,0,0,0,0,0,0,0,0,0,0,0,0,0
0,0,0,0,0,0,0,0,0,0,0,0,0,0,0,0,0,0,0,0,0,0,0,0,0,0,0,0,0,0,0,0,0,0,0,0,0,0,0,0,0,0,0,0,0,0,0,0,0,0,0,0,0,0,0,0
0,0,0,0,0,0,0,0,0,0,0,0,0,0,0,0,0,0,0,0,0,0,0,0,0,0,0,0,0,0,0,0,0,0,0,0,0,0,0,0,0,0,0,0,0,0,0,0,0,0,0,0,0,0,0,0
0,0,0,0,0,0,0,0,0,0,0,0,0,0,0,0,0,0,0,0,0,0,0,0,0,0,0,0,0,0,0,0,0,0,0,0,0,0,0,0,0,0,0,0,0,0,0,0,0,0,0,0,0,0,0,0
0,0,0,0,0,0,0,0,0,0,0,0,0,0,0,0,0,0,0,0,0,0,0,0,0,0,0,0,0,0,0,0,0,0,0,0,0,0,0,0,0,0,0,0,0,0,0,0,0,0,0,0,0,0,0,0
0,0,0,0,0,0,0,0,0,0,0,0,0,0,0,0,0,0,0,0,0,0,0,0,0,0,0,0,0,0,0,0,0,0,0,0,0,0,0,0,0,0,0,0,0,0,0,0,0,0,0,0,0,0,0,0
0,0,0,0,0,0,0,0,0,0,0,0,0,0,0,0,0,0,0,0,0,0,0,0,0,0,0,0,0,0,0,0,0,0,0,0,0,0,0,0,0,0,0,0,0,0,0,0,0,0,0,0,0,0,0,0
0,0,0,0,0,0,0,0,0,0,0,0,0,0,0,0,0,0,0,0,0,0,0,0,0,0,0,0,0,0,0,0,0,0,0,0,0,0,0,0,0,0,0,0,0,0,0,0,0,0,0,0,0,0,0,0
0,0,0,0,0,0,0,0,0,0,0,0,0,0,0,0,0,0,0,0,0,0,0,0,0,0,0,0,0,0,0,0,0,0,0,0,0,0,0,0,0,0,0,0,0,0,0,0,0,0,0,0,0,0,0,0
0,0,0,0,0,0,0,0,0,0,0,0,0,0,0,0,0,0,0,0,0,0,0,0,0,0,0,0,0,0,0,0,0,0,0,0,0,0,0,0,0,0,0,0,0,0,0,0,0,0,0,0,0,0,0,0
0,0,0,0,0,0,0,0,0,0,0,0,0,0,0,0,0,0,0,0,0,0,0,0,0,0,0,0,0,0,0,0,0,0,0,0,0,0,0,0,0,0,0,0,0,0,0,0,0,0,0,0,0,0,0,0
0,0,0,0,0,0,0,0,0,0,0,0,0,0,0,0,0,0,0,0,0,0,0,0,0,0,0,0,0,0,0,0,0,0,0,0,0,0,0,0,0,0,0,0,0,0,0,0,0,0,0,0,0,0,0,0
0,0,0,0,0,0,0,0,0,0,0,0,0,0,0,0,0,0,0,0,0,0,0,0,0,0,0,0,0,0,0,0,0,0,0,0,0,0,0,0,0,0,0,0,0,0,0,0,0,0,0,0,0,0,0,0
0,0,0,0,0,0,0,0,0,0,0,0,0,0,0,0,0,0,0,0,0,0,0,0,0,0,0,0,0,0,0,0,0,0,0,0,0,0,0,0,0,0,0,0,0,0,0,0,0,0,0,0,0,0,0,0
0,0,0,0,0,0,0,0,0,0,0,0,0,0,0,0,0,0,0,0,0,0,0,0,0,0,0,0,0,0,0,0,0,0,0,0,0,0,0,0,0,0,0,0,0,0,0,0,0,0,0,0,0,0,0,0
0,0,0,0,0,0,0,0,0,0,0,0,0,0,0,0,0,0,0,0,0,0,0,0,0,0,0,0,0,0,0,0,0,0,0,0,0,0,0,0,0,0,0,0,0,0,0,0,0,0,0,0,0,0,0,0
0,0,0,0,0,0,0,0,0,0,0,0,0,0,0,0,0,0,0,0,0,0,0,0,0,0,0,0,0,0,0,0,0,0,0,0,0,0,0,0,0,0,0,0,0,0,0,0,0,0,0,0,0,0,0,0
0,0,0,0,0,0,0,0,0,0,0,0,0,0,0,0,0,0,0,0,0,0,0,0,0,0,0,0,0,0,0,0,0,0,0,0,0,0,0,0,0,0,0,0,0,0,0,0,0,0,0,0,0,0,0,0
0,0,0,0,0,0,0,0,0,0,0,0,0,0,0,0,0,0,0,0,0,0,0,0,0,0,0,0,0,0,0,0,0,0,0,0,0,0,0,0,0,0,0,0,0,0,0,0,0,0,0,0,0,0,0,0
0,0,0,0,0,0,0,0,0,0,0,0,0,0,0,0,0,0,0,0,0,0,0,0,0,0,0,0,0,0,0,0,0,0,0,0,0,0,0,0,0,0,0,0,0,0,0,0,0,0,0,0,0,0,0,0
0,0,0,0,0,0,0,0,0,0,0,0,0,0,0,0,0,0,0,0,0,0,0,0,0,0,0,0,0,0,0,0,0,0,0,0,0,0,0,0,0,0,0,0,0,0,0,0,0,0,0,0,0,0,0,0
0,0,0,0,0,0,0,0,0,0,0,0,0,0,0,0,0,0,0,0,0,0,0,0,0,0,0,0,0,0,0,0,0,0,0,0,0,0,0,0,0,0,0,0,0,0,0,0,0,0,0,0,0,0,0,0
0,0,0,0,0,0,0,0,0,0,0,0,0,0,0,0,0,0,0,0,0,0,0,0,0,0,0,0,0,0,0,0,0,0,0,0,0,0,0,0,0,0,0,0,0,0,0,0,0,0,0,0,0,0,0,0
0,0,0,0,0,0,0,0,0,0,0,0,0,0,0,0,0,0,0,0,0,0,0,0,0,0,0,0,0,0,0,0,0,0,0,0,0,0,0,0,0,0,0,0,0,0,0,0,0,0,0,0,0,0,0,0
0,0,0,0,0,0,0,0,0,0,0,0,0,0,0,0,0,0,0,0,0,0,0,0,0,0,0,0,0,0,0,0,0,0,0,0,0,0,0,0,0,0,0,0,0,0,0,0,0,0,0,0,0,0,0,0
0,0,0,0,0,0,0,0,0,0,0,0,0,0,0,0,0,0,0,0,0,0,0,0,0,0,0,0,0,0,0,0,0,0,0,0,0,0,0,0,0,0,0,0,0,0,0,0,0,0,0,0,0,0,0,0
0,0,0,0,0,0,0,0,0,0,0,0,0,0,0,0,0,0,0,0,0,0,0,0,0,0,0,0,0,0,0,0,0,0,0,0,0,0,0,0,0,0,0,0,0,0,0,0,0,0,0,0,0,0,0,0
0,0,0,0,0,0,0,0,0,0,0,0,0,0,0,0,0,0,0,0,0,0,0,0,0,0,0,0,0,0,0,0,0,0,0,0,0,0,0,0,0,0,0,0,0,0,0,0,0,0,0,0,0,0,0,0
0,0,0,0,0,0,0,0,0,0,0,0,0,0,0,0,0,0,0,0,0,0,0,0,0,0,0,0,0,0,0,0,0,0,0,0,0,0,0,0,0,0,0,0,0,0,0,0,0,0,0,0,0,0,0,0
0,0,0,0,0,0,0,0,0,0,0,0,0,0,0,0,0,0,0,0,0,0,0,0,0,0,0,0,0,0,0,0,0,0,0,0,0,0,0,0,0,0,0,0,0,0,0,0,0,0,0,0,0,0,0,0
0,0,0,0,0,0,0,0,0,0,0,0,0,0,0,0,0,0,0,0,0,0,0,0,0,0,0,0,0,0,0,0,0,0,0,0,0,0,0,0,0,0,0,0,0,0,0,0,0,0,0,0,0,0,0,0
0,0,0,0,0,0,0,0,0,0,0,0,0,0,0,0,0,0,0,0,0,0,0,0,0,0,0,0,0,0,0,0,0,0,0,0,0,0,0,0,0,0,0,0,0,0,0,0,0,0,0,0,0,0,0,0
0,0,0,0,0,0,0,0,0,0,0,0,0,0,0,0,0,0,0,0,0,0,0,0,0,0,0,0,0,0,0,0,0,0,0,0,0,0,0,0,0,0,0,0,0,0,0,0,0,0,0,0,0,0,0,0
0,0,0,0,0,0,0,0,0,0,0,0,0,0,0,0,0,0,0,0,0,0,0,0,0,0,0,0,0,0,0,0,0,0,0,0,0,0,0,0,0,0,0,0,0,0,0,0,0,0,0,0,0,0,0,0
0,0,0,0,0,0,0,0,0,0,0,0,0,0,0,0,0,0,0,0,0,0,0,0,0,0,0,0,0,0,0,0,0,0,0,0,0,0,0,0,0,0,0,0,0,0,0,0,0,0,0,0,0,0,0,0
0,0,0,0,0,0,0,0,0,0,0,0,0,0,0,0,0,0,0,0,0,0,0,0,0,0,0,0,0,0,0,0,0,0,0,0,0,0,0,0,0,0,0,0,0,0,0,0,0,0,0,0,0,0,0,0
0,0,0,0,0,0,0,0,0,0,0,0,0,0,0,0,0,0,0,0,0,0,0,0,0,0,0,0,0,0,0,0,0,0,0,0,0,0,0,0,0,0,0,0,0,0,0,0,0,0,0,0,0,0,0,0
0,0,0,0,0,0,0,0,0,0,0,0,0,0,0,0,0,0,0,0,0,0,0,0,0,0,0,0,0,0,0,0,0,0,0,0,0,0,0,0,0,0,0,0,0,0,0,0,0,0,0,0,0,0,0,0
0,0,0,0,0,0,0,0,0,0,0,0,0,0,0,0,0,0,0,0,0,0,0,0,0,0,0,0,0,0,0,0,0,0,0,0,0,0,0,0,0,0,0,0,0,0,0,0,0,0,0,0,0,0,0,0
0,0,0,0,0,0,0,0,0,0,0,0,0,0,0,0,0,0,0,0,0,0,0,0,0,0,0,0,0,0,0,0,0,0,0,0,0,0,0,0,0,0,0,0,0,0,0,0,0,0,0,0,0,0,0,0
0,0,0,0,0,0,0,0,0,0,0,0,0,0,0,0,0,0,0,0,0,0,0,0,0,0,0,0,0,0,0,0,0,0,0,0,0,0,0,0,0,0,0,0,0,0,0,0,0,0,0,0,0,0,0,0
0,0,0,0,0,0,0,0,0,0,0,0,0,0,0,0,0,0,0,0,0,0,0,0,0,0,0,0,0,0,0,0,0,0,0,0,0,0,0,0,0,0,0,0,0,0,0,0,0,0,0,0,0,0,0,0
0,0,0,0,0,0,0,0,0,0,0,0,0,0,0,0,0,0,0,0,0,0,0,0,0,0,0,0,0,0,0,0,0,0,0,0,0,0,0,0,0,0,0,0,0,0,0,0,0,0,0,0,0,0,0,0
0,0,0,0,0,0,0,0,0,0,0,0,0,0,0,0,0,0,0,0,0,0,0,0,0,0,0,0,0,0,0,0,0,0,0,0,0,0,0,0,0,0,0,0,0,0,0,0,0,0,0,0,0,0,0,0
0,0,0,0,0,0,0,0,0,0,0,0,0,0,0,0,0,0,0,0,0,0,0,0,0,0,0,0,0,0,0,0,0,0,0,0,0,0,0,0,0,0,0,0,0,0,0,0,0,0,0,0,0,0,0,0
0,0,0,0,0,0,0,0,0,0,0,0,0,0,0,0,0,0,0,0,0,0,0,0,0,0,0,0,0,0,0,0,0,0,0,0,0,0,0,0,0,0,0,0,0,0,0,0,0,0,0,0,0,0,0,0
0,0,0,0,0,0,0,0,0,0,0,0,0,0,0,0,0,0,0,0,0,0,0,0,0,0,0,0,0,0,0,0,0,0,0,0,0,0,0,0,0,0,0,0,0,0,0,0,0,0,0,0,0,0,0,0
0,0,0,0,0,0,0,0,0,0,0,0,0,0,0,0,0,0,0,0,0,0,0,0,0,0,0,0,0,0,0,0,0,0,0,0,0,0,0,0,0,0,0,0,0,0,0,0,0,0,0,0,0,0,0,0
0,0,0,0,0,0,0,0,0,0,0,0,0,0,0,0,0,0,0,0,0,0,0,0,0,0,0,0,0,0,0,0,0,0,0,0,0,0,0,0,0,0,0,0,0,0,0,0,0,0,0,0,0,0,0,0
0,0,0,0,0,0,0,0,0,0,0,0,0,0,0,0,0,0,0,0,0,0,0,0,0,0,0,0,0,0,0,0,0,0,0,0,0,0,0,0,0,0,0,0,0,0,0,0,0,0,0,0,0,0,0,0
0,0,0,0,0,0,0,0,0,0,0,0,0,0,0,0,0,0,0,0,0,0,0,0,0,0,0,0,0,0,0,0,0,0,0,0,0,0,0,0,0,0,0,0,0,0,0,0,0,0,0,0,0,0,0,0
0,0,0,0,0,0,0,0,0,0,0,0,0,0,0,0,0,0,0,0,0,0,0,0,0,0,0,0,0,0,0,0,0,0,0,0,0,0,0,0,0,0,0,0,0,0,0,0,0,0,0,0,0,0,0,0
0,0,0,0,0,0,0,0,0,0,0,0,0,0,0,0,0,0,0,0,0,0,0,0,0,0,0,0,0,0,0,0,0,0,0,0,0,0,0,0,0,0,0,0,0,0,0,0,0,0,0,0,0,0,0,0
0,0,0,0,0,0,0,0,0,0,0,0,0,0,0,0,0,0,0,0,0,0,0,0,0,0,0,0,0,0,0,0,0,0,0,0,0,0,0,0,0,0,0,0,0,0,0,0,0,0,0,0,0,0,0,0
0,0,0,0,0,0,0,0,0,0,0,0,0,0,0,0,0,0,0,0,0,0,0,0,0,0,0,0,0,0,0,0,0,0,0,0,0,0,0,0,0,0,0,0,0,0,0,0,0,0,0,0,0,0,0,0
0,0,0,0,0,0,0,0,0,0,0,0,0,0,0,0,0,0,0,0,0,0,0,0,0,0,0,0,0,0,0,0,0,0,0,0,0,0,0,0,0,0,0,0,0,0,0,0,0,0,0,0,0,0,0,0
0,0,0,0,0,0,0,0,0,0,0,0,0,0,0,0,0,0,0,0,0,0,0,0,0,0,0,0,0,0,0,0,0,0,0,0,0,0,0,0,0,0,0,0,0,0,0,0,0,0,0,0,0,0,0,0
0,0,0,0,0,0,0,0,0,0,0,0,0,0,0,0,0,0,0,0,0,0,0,0,0,0,0,0,0,0,0,0,0,0,0,0,0,0,0,0,0,0,0,0,0,0,0,0,0,0,0,0,0,0,0,0
0,0,0,0,0,0,0,0,0,0,0,0,0,0,0,0,0,0,0,0,0,0,0,0,0,0,0,0,0,0,0,0,0,0,0,0,0,0,0,0,0,0,0,0,0,0,0,0,0,0,0,0,0,0,0,0
0,0,0,0,0,0,0,0,0,0,0,0,0,0,0,0,0,0,0,0,0,0,0,0,0,0,0,0,0,0,0,0,0,0,0,0,0,0,0,0,0,0,0,0,0,0,0,0,0,0,0,0,0,0,0,0
0,0,0,0,0,0,0,0,0,0,0,0,0,0,0,0,0,0,0,0,0,0,0,0,0,0,0,0,0,0,0,0,0,0,0,0,0,0,0,0,0,0,0,0,0,0,0,0,0,0,0,0,0,0,0,0
0,0,0,0,0,0,0,0,0,0,0,0,0,0,0,0,0,0,0,0,0,0,0,0,0,0,0,0,0,0,0,0,0,0,0,0,0,0,0,0,0,0,0,0,0,0,0,0,0,0,0,0,0,0,0,0
0,0,0,0,0,0,0,0,0,0,0,0,0,0,0,0,0,0,0,0,0,0,0,0,0,0,0,0,0,0,0,0,0,0,0,0,0,0,0,0,0,0,0,0,0,0,0,0,0,0,0,0,0,0,0,0
0,0,0,0,0,0,0,0,0,0,0,0,0,0,0,0,0,0,0,0,0,0,0,0,0,0,0,0,0,0,0,0,0,0,0,0,0,0,0,0,0,0,0,0,0,0,0,0,0,0,0,0,0,0,0,0
0,0,0,0,0,0,0,0,0,0,0,0,0,0,0,0,0,0,0,0,0,0,0,0,0,0,0,0,0,0,0,0,0,0,0,0,0,0,0,0,0,0,0,0,0,0,0,0,0,0,0,0,0,0,0,0
0,0,0,0,0,0,0,0,0,0,0,0,0,0,0,0,0,0,0,0,0,0,0,0,0,0,0,0,0,0,0,0,0,0,0,0,0,0,0,0,0,0,0,0,0,0,0,0,0,0,0,0,0,0,0,0
0,0,0,0,0,0,0,0,0,0,0,0,0,0,0,0,0,0,0,0,0,0,0,0,0,0,0,0,0,0,0,0,0,0,0,0,0,0,0,0,0,0,0,0,0,0,0,0,0,0,0,0,0,0,0,0
0,0,0,0,0,0,0,0,0,0,0,0,0,0,0,0,0,0,0,0,0,0,0,0,0,0,0,0,0,0,0,0,0,0,0,0,0,0,0,0,0,0,0,0,0,0,0,0,0,0,0,0,0,0,0,0
0,0,0,0,0,0,0,0,0,0,0,0,0,0,0,0,0,0,0,0,0,0,0,0,0,0,0,0,0,0,0,0,0,0,0,0,0,0,0,0,0,0,0,0,0,0,0,0,0,0,0,0,0,0,0,0
0,0,0,0,0,0,0,0,0,0,0,0,0,0,0,0,0,0,0,0,0,0,0,0,0,0,0,0,0,0,0,0,0,0,0,0,0,0,0,0,0,0,0,0,0,0,0,0,0,0,0,0,0,0,0,0
0,0,0,0,0,0,0,0,0,0,0,0,0,0,0,0,0,0,0,0,0,0,0,0,0,0,0,0,0,0,0,0,0,0,0,0,0,0,0,0,0,0,0,0,0,0,0,0,0,0,0,0,0,0,0,0
0,0,0,0,0,0,0,0,0,0,0,0,0,0,0,0,0,0,0,0,0,0,0,0,0,0,0,0,0,0,0,0,0,0,0,0,0,0,0,0,0,0,0,0,0,0,0,0,0,0,0,0,0,0,0,0
0,0,0,0,0,0,0,0,0,0,0,0,0,0,0,0,0,0,0,0,0,0,0,0,0,0,0,0,0,0,0,0,0,0,0,0,0,0,0,0,0,0,0,0,0,0,0,0,0,0,0,0,0,0,0,0
0,0,0,0,0,0,0,0,0,0,0,0,0,0,0,0,0,0,0,0,0,0,0,0,0,0,0,0,0,0,0,0,0,0,0,0,0,0,0,0,0,0,0,0,0,0,0,0,0,0,0,0,0,0,0,0
0,0,0,0,0,0,0,0,0,0,0,0,0,0,0,0,0,0,0,0,0,0,0,0,0,0,0,0,0,0,0,0,0,0,0,0,0,0,0,0,0,0,0,0,0,0,0,0,0,0,0,0,0,0,0,0
0,0,0,0,0,0,0,0,0,0,0,0,0,0,0,0,0,0,0,0,0,0,0,0,0,0,0,0,0,0,0,0,0,0,0,0,0,0,0,0,0,0,0,0,0,0,0,0,0,0,0,0,0,0,0,0
0,0,0,0,0,0,0,0,0,0,0,0,0,0,0,0,0,0,0,0,0,0,0,0,0,0,0,0,0,0,0,0,0,0,0,0,0,0,0,0,0,0,0,0,0,0,0,0,0,0,0,0,0,0,0,0
0,0,0,0,0,0,0,0,0,0,0,0,0,0,0,0,0,0,0,0,0,0,0,0,0,0,0,0,0,0,0,0,0,0,0,0,0,0,0,0,0,0,0,0,0,0,0,0,0,0,0,0,0,0,0,0
0,0,0,0,0,0,0,0,0,0,0,0,0,0,0,0,0,0,0,0,0,0,0,0,0,0,0,0,0,0,0,0,0,0,0,0,0,0,0,0,0,0,0,0,0,0,0,0,0,0,0,0,0,0,0,0
0,0,0,0,0,0,0,0,0,0,0,0,0,0,0,0,0,0,0,0,0,0,0,0,0,0,0,0,0,0,0,0,0,0,0,0,0,0,0,0,0,0,0,0,0,0,0,0,0,0,0,0,0,0,0,0
0,0,0,0,0,0,0,0,0,0,0,0,0,0,0,0,0,0,0,0,0,0,0,0,0,0,0,0,0,0,0,0,0,0,0,0,0,0,0,0,0,0,0,0,0,0,0,0,0,0,0,0,0,0,0,0
0,0,0,0,0,0,0,0,0,0,0,0,0,0,0,0,0,0,0,0,0,0,0,0,0,0,0,0,0,0,0,0,0,0,0,0,0,0,0,0,0,0,0,0,0,0,0,0,0,0,0,0,0,0,0,0
0,0,0,0,0,0,0,0,0,0,0,0,0,0,0,0,0,0,0,0,0,0,0,0,0,0,0,0,0,0,0,0,0,0,0,0,0,0,0,0,0,0,0,0,0,0,0,0,0,0,0,0,0,0,0,0
0,0,0,0,0,0,0,0,0,0,0,0,0,0,0,0,0,0,0,0,0,0,0,0,0,0,0,0,0,0,0,0,0,0,0,0,0,0,0,0,0,0,0,0,0,0,0,0,0,0,0,0,0,0,0,0
0,0,0,0,0,0,0,0,0,0,0,0,0,0,0,0,0,0,0,0,0,0,0,0,0,0,0,0,0,0,0,0,0,0,0,0,0,0,0,0,0,0,0,0,0,0,0,0,0,0,0,0,0,0,0,0
0,0,0,0,0,0,0,0,0,0,0,0,0,0,0,0,0,0,0,0,0,0,0,0,0,0,0,0,0,0,0,0,0,0,0,0,0,0,0,0,0,0,0,0,0,0,0,0,0,0,0,0,0,0,0,0
0,0,0,0,0,0,0,0,0,0,0,0,0,0,0,0,0,0,0,0,0,0,0,0,0,0,0,0,0,0,0,0,0,0,0,0,0,0,0,0,0,0,0,0,0,0,0,0,0,0,0,0,0,0,0,0
0,0,0,0,0,0,0,0,0,0,0,0,0,0,0,0,0,0,0,0,0,0,0,0,0,0,0,0,0,0,0,0,0,0,0,0,0,0,0,0,0,0,0,0,0,0,0,0,0,0,0,0,0,0,0,0
0,0,0,0,0,0,0,0,0,0,0,0,0,0,0,0,0,0,0,0,0,0,0,0,0,0,0,0,0,0,0,0,0,0,0,0,0,0,0,0,0,0,0,0,0,0,0,0,0,0,0,0,0,0,0,0
0,0,0,0,0,0,0,0,0,0,0,0,0,0,0,0,0,0,0,0,0,0,0,0,0,0,0,0,0,0,0,0,0,0,0,0,0,0,0,0,0,0,0,0,0,0,0,0,0,0,0,0,0,0,0,0
0,0,0,0,0,0,0,0,0,0,0,0,0,0,0,0,0,0,0,0,0,0,0,0,0,0,0,0,0,0,0,0,0,0,0,0,0,0,0,0,0,0,0,0,0,0,0,0,0,0,0,0,0,0,0,0
0,0,0,0,0,0,0,0,0,0,0,0,0,0,0,0,0,0,0,0,0,0,0,0,0,0,0,0,0,0,0,0,0,0,0,0,0,0,0,0,0,0,0,0,0,0,0,0,0,0,0,0,0,0,0,0
0,0,0,0,0,0,0,0,0,0,0,0,0,0,0,0,0,0,0,0,0,0,0,0,0,0,0,0,0,0,0,0,0,0,0,0,0,0,0,0,0,0,0,0,0,0,0,0,0,0,0,0,0,0,0,0
0,0,0,0,0,0,0,0,0,0,0,0,0,0,0,0,0,0,0,0,0,0,0,0,0,0,0,0,0,0,0,0,0,0,0,0,0,0,0,0,0,0,0,0,0,0,0,0,0,0,0,0,0,0,0,0
0,0,0,0,0,0,0,0,0,0,0,0,0,0,0,0,0,0,0,0,0,0,0,0,0,0,0,0,0,0,0,0,0,0,0,0,0,0,0,0,0,0,0,0,0,0,0,0,0,0,0,0,0,0,0,0
0,0,0,0,0,0,0,0,0,0,0,0,0,0,0,0,0,0,0,0,0,0,0,0,0,0,0,0,0,0,0,0,0,0,0,0,0,0,0,0,0,0,0,0,0,0,0,0,0,0,0,0,0,0,0,0
0,0,0,0,0,0,0,0,0,0,0,0,0,0,0,0,0,0,0,0,0,0,0,0,0,0,0,0,0,0,0,0,0,0,0,0,0,0,0,0,0,0,0,0,0,0,0,0,0,0,0,0,0,0,0,0
0,0,0,0,0,0,0,0,0,0,0,0,0,0,0,0,0,0,0,0,0,0,0,0,0,0,0,0,0,0,0,0,0,0,0,0,0,0,0,0,0,0,0,0,0,0,0,0,0,0,0,0,0,0,0,0
0,0,0,0,0,0,0,0,0,0,0,0,0,0,0,0,0,0,0,0,0,0,0,0,0,0,0,0,0,0,0,0,0,0,0,0,0,0,0,0,0,0,0,0,0,0,0,0,0,0,0,0,0,0,0,0
0,0,0,0,0,0,0,0,0,0,0,0,0,0,0,0,0,0,0,0,0,0,0,0,0,0,0,0,0,0,0,0,0,0,0,0,0,0,0,0,0,0,0,0,0,0,0,0,0,0,0,0,0,0,0,0
0,0,0,0,0,0,0,0,0,0,0,0,0,0,0,0,0,0,0,0,0,0,0,0,0,0,0,0,0,0,0,0,0,0,0,0,0,0,0,0,0,0,0,0,0,0,0,0,0,0,0,0,0,0,0,0
0,0,0,0,0,0,0,0,0,0,0,0,0,0,0,0,0,0,0,0,0,0,0,0,0,0,0,0,0,0,0,0,0,0,0,0,0,0,0,0,0,0,0,0,0,0,0,0,0,0,0,0,0,0,0,0
0,0,0,0,0,0,0,0,0,0,0,0,0,0,0,0,0,0,0,0,0,0,0,0,0,0,0,0,0,0,0,0,0,0,0,0,0,0,0,0,0,0,0,0,0,0,0,0,0,0,0,0,0,0,0,0
0,0,0,0,0,0,0,0,0,0,0,0,0,0,0,0,0,0,0,0,0,0,0,0,0,0,0,0,0,0,0,0,0,0,0,0,0,0,0,0,0,0,0,0,0,0,0,0,0,0,0,0,0,0,0,0
0,0,0,0,0,0,0,0,0,0,0,0,0,0,0,0,0,0,0,0,0,0,0,0,0,0,0,0,0,0,0,0,0,0,0,0,0,0,0,0,0,0,0,0,0,0,0,0,0,0,0,0,0,0,0,0
0,0,0,0,0,0,0,0,0,0,0,0,0,0,0,0,0,0,0,0,0,0,0,0,0,0,0,0,0,0,0,0,0,0,0,0,0,0,0,0,0,0,0,0,0,0,0,0,0,0,0,0,0,0,0,0
0,0,0,0,0,0,0,0,0,0,0,0,0,0,0,0,0,0,0,0,0,0,0,0,0,0,0,0,0,0,0,0,0,0,0,0,0,0,0,0,0,0,0,0,0,0,0,0,0,0,0,0,0,0,0,0
0,0,0,0,0,0,0,0,0,0,0,0,0,0,0,0,0,0,0,0,0,0,0,0,0,0,0,0,0,0,0,0,0,0,0,0,0,0,0,0,0,0,0,0,0,0,0,0,0,0,0,0,0,0,0,0
0,0,0,0,0,0,0,0,0,0,0,0,0,0,0,0,0,0,0,0,0,0,0,0,0,0,0,0,0,0,0,0,0,0,0,0,0,0,0,0,0,0,0,0,0,0,0,0,0,0,0,0,0,0,0,0
0,0,0,0,0,0,0,0,0,0,0,0,0,0,0,0,0,0,0,0,0,0,0,0,0,0,0,0,0,0,0,0,0,0,0,0,0,0,0,0,0,0,0,0,0,0,0,0,0,0,0,0,0,0,0,0
0,0,0,0,0,0,0,0,0,0,0,0,0,0,0,0,0,0,0,0,0,0,0,0,0,0,0,0,0,0,0,0,0,0,0,0,0,0,0,0,0,0,0,0,0,0,0,0,0,0,0,0,0,0,0,0
0,0,0,0,0,0,0,0,0,0,0,0,0,0,0,0,0,0,0,0,0,0,0,0,0,0,0,0,0,0,0,0,0,0,0,0,0,0,0,0,0,0,0,0,0,0,0,0,0,0,0,0,0,0,0,0
0,0,0,0,0,0,0,0,0,0,0,0,0,0,0,0,0,0,0,0,0,0,0,0,0,0,0,0,0,0,0,0,0,0,0,0,0,0,0,0,0,0,0,0,0,0,0,0,0,0,0,0,0,0,0,0
0,0,0,0,0,0,0,0,0,0,0,0,0,0,0,0,0,0,0,0,0,0,0,0,0,0,0,0,0,0,0,0,0,0,0,0,0,0,0,0,0,0,0,0,0,0,0,0,0,0,0,0,0,0,0,0
0,0,0,0,0,0,0,0,0,0,0,0,0,0,0,0,0,0,0,0,0,0,0,0,0,0,0,0,0,0,0,0,0,0,0,0,0,0,0,0,0,0,0,0,0,0,0,0,0,0,0,0,0,0,0,0
0,0,0,0,0,0,0,0,0,0,0,0,0,0,0,0,0,0,0,0,0,0,0,0,0,0,0,0,0,0,0,0,0,0,0,0,0,0,0,0,0,0,0,0,0,0,0,0,0,0,0,0,0,0,0,0
0,0,0,0,0,0,0,0,0,0,0,0,0,0,0,0,0,0,0,0,0,0,0,0,0,0,0,0,0,0,0,0,0,0,0,0,0,0,0,0,0,0,0,0,0,0,0,0,0,0,0,0,0,0,0,0
0,0,0,0,0,0,0,0,0,0,0,0,0,0,0,0,0,0,0,0,0,0,0,0,0,0,0,0,0,0,0,0,0,0,0,0,0,0,0,0,0,0,0,0,0,0,0,0,0,0,0,0,0,0,0,0
0,0,0,0,0,0,0,0,0,0,0,0,0,0,0,0,0,0,0,0,0,0,0,0,0,0,0,0,0,0,0,0,0,0,0,0,0,0,0,0,0,0,0,0,0,0,0,0,0,0,0,0,0,0,0,0
0,0,0,0,0,0,0,0,0,0,0,0,0,0,0,0,0,0,0,0,0,0,0,0,0,0,0,0,0,0,0,0,0,0,0,0,0,0,0,0,0,0,0,0,0,0,0,0,0,0,0,0,0,0,0,0
0,0,0,0,0,0,0,0,0,0,0,0,0,0,0,0,0,0,0,0,0,0,0,0,0,0,0,0,0,0,0,0,0,0,0,0,0,0,0,0,0,0,0,0,0,0,0,0,0,0,0,0,0,0,0,0
0,0,0,0,0,0,0,0,0,0,0,0,0,0,0,0,0,0,0,0,0,0,0,0,0,0,0,0,0,0,0,0,0,0,0,0,0,0,0,0,0,0,0,0,0,0,0,0,0,0,0,0,0,0,0,0
0,0,0,0,0,0,0,0,0,0,0,0,0,0,0,0,0,0,0,0,0,0,0,0,0,0,0,0,0,0,0,0,0,0,0,0,0,0,0,0,0,0,0,0,0,0,0,0,0,0,0,0,0,0,0,0
0,0,0,0,0,0,0,0,0,0,0,0,0,0,0,0,0,0,0,0,0,0,0,0,0,0,0,0,0,0,0,0,0,0,0,0,0,0,0,0,0,0,0,0,0,0,0,0,0,0,0,0,0,0,0,0
0,0,0,0,0,0,0,0,0,0,0,0,0,0,0,0,0,0,0,0,0,0,0,0,0,0,0,0,0,0,0,0,0,0,0,0,0,0,0,0,0,0,0,0,0,0,0,0,0,0,0,0,0,0,0,0
0,0,0,0,0,0,0,0,0,0,0,0,0,0,0,0,0,0,0,0,0,0,0,0,0,0,0,0,0,0,0,0,0,0,0,0,0,0,0,0,0,0,0,0,0,0,0,0,0,0,0,0,0,0,0,0
0,0,0,0,0,0,0,0,0,0,0,0,0,0,0,0,0,0,0,0,0,0,0,0,0,0,0,0,0,0,0,0,0,0,0,0,0,0,0,0,0,0,0,0,0,0,0,0,0,0,0,0,0,0,0,0
0,0,0,0,0,0,0,0,0,0,0,0,0,0,0,0,0,0,0,0,0,0,0,0,0,0,0,0,0,0,0,0,0,0,0,0,0,0,0,0,0,0,0,0,0,0,0,0,0,0,0,0,0,0,0,0
0,0,0,0,0,0,0,0,0,0,0,0,0,0,0,0,0,0,0,0,0,0,0,0,0,0,0,0,0,0,0,0,0,0,0,0,0,0,0,0,0,0,0,0,0,0,0,0,0,0,0,0,0,0,0,0
0,0,0,0,0,0,0,0,0,0,0,0,0,0,0,0,0,0,0,0,0,0,0,0,0,0,0,0,0,0,0,0,0,0,0,0,0,0,0,0,0,0,0,0,0,0,0,0,0,0,0,0,0,0,0,0
0,0,0,0,0,0,0,0,0,0,0,0,0,0,0,0,0,0,0,0,0,0,0,0,0,0,0,0,0,0,0,0,0,0,0,0,0,0,0,0,0,0,0,0,0,0,0,0,0,0,0,0,0,0,0,0
0,0,0,0,0,0,0,0,0,0,0,0,0,0,0,0,0,0,0,0,0,0,0,0,0,0,0,0,0,0,0,0,0,0,0,0,0,0,0,0,0,0,0,0,0,0,0,0,0,0,0,0,0,0,0,0
0,0,0,0,0,0,0,0,0,0,0,0,0,0,0,0,0,0,0,0,0,0,0,0,0,0,0,0,0,0,0,0,0,0,0,0,0,0,0,0,0,0,0,0,0,0,0,0,0,0,0,0,0,0,0,0
0,0,0,0,0,0,0,0,0,0,0,0,0,0,0,0,0,0,0,0,0,0,0,0,0,0,0,0,0,0,0,0,0,0,0,0,0,0,0,0,0,0,0,0,0,0,0,0,0,0,0,0,0,0,0,0
0,0,0,0,0,0,0,0,0,0,0,0,0,0,0,0,0,0,0,0,0,0,0,0,0,0,0,0,0,0,0,0,0,0,0,0,0,0,0,0,0,0,0,0,0,0,0,0,0,0,0,0,0,0,0,0
0,0,0,0,0,0,0,0,0,0,0,0,0,0,0,0,0,0,0,0,0,0,0,0,0,0,0,0,0,0,0,0,0,0,0,0,0,0,0,0,0,0,0,0,0,0,0,0,0,0,0,0,0,0,0,0
0,0,0,0,0,0,0,0,0,0,0,0,0,0,0,0,0,0,0,0,0,0,0,0,0,0,0,0,0,0,0,0,0,0,0,0,0,0,0,0,0,0,0,0,0,0,0,0,0,0,0,0,0,0,0,0
0,0,0,0,0,0,0,0,0,0,0,0,0,0,0,0,0,0,0,0,0,0,0,0,0,0,0,0,0,0,0,0,0,0,0,0,0,0,0,0,0,0,0,0,0,0,0,0,0,0,0,0,0,0,0,0
0,0,0,0,0,0,0,0,0,0,0,0,0,0,0,0,0,0,0,0,0,0,0,0,0,0,0,0,0,0,0,0,0,0,0,0,0,0,0,0,0,0,0,0,0,0,0,0,0,0,0,0,0,0,0,0
0,0,0,0,0,0,0,0,0,0,0,0,0,0,0,0,0,0,0,0,0,0,0,0,0,0,0,0,0,0,0,0,0,0,0,0,0,0,0,0,0,0,0,0,0,0,0,0,0,0,0,0,0,0,0,0
0,0,0,0,0,0,0,0,0,0,0,0,0,0,0,0,0,0,0,0,0,0,0,0,0,0,0,0,0,0,0,0,0,0,0,0,0,0,0,0,0,0,0,0,0,0,0,0,0,0,0,0,0,0,0,0
0,0,0,0,0,0,0,0,0,0,0,0,0,0,0,0,0,0,0,0,0,0,0,0,0,0,0,0,0,0,0,0,0,0,0,0,0,0,0,0,0,0,0,0,0,0,0,0,0,0,0,0,0,0,0,0
0,0,0,0,0,0,0,0,0,0,0,0,0,0,0,0,0,0,0,0,0,0,0,0,0,0,0,0,0,0,0,0,0,0,0,0,0,0,0,0,0,0,0,0,0,0,0,0,0,0,0,0,0,0,0,0
0,0,0,0,0,0,0,0,0,0,0,0,0,0,0,0,0,0,0,0,0,0,0,0,0,0,0,0,0,0,0,0,0,0,0,0,0,0,0,0,0,0,0,0,0,0,0,0,0,0,0,0,0,0,0,0
0,0,0,0,0,0,0,0,0,0,0,0,0,0,0,0,0,0,0,0,0,0,0,0,0,0,0,0,0,0,0,0,0,0,0,0,0,0,0,0,0,0,0,0,0,0,0,0,0,0,0,0,0,0,0,0
0,0,0,0,0,0,0,0,0,0,0,0,0,0,0,0,0,0,0,0,0,0,0,0,0,0,0,0,0,0,0,0,0,0,0,0,0,0,0,0,0,0,0,0,0,0,0,0,0,0,0,0,0,0,0,0
0,0,0,0,0,0,0,0,0,0,0,0,0,0,0,0,0,0,0,0,0,0,0,0,0,0,0,0,0,0,0,0,0,0,0,0,0,0,0,0,0,0,0,0,0,0,0,0,0,0,0,0,0,0,0,0
0,0,0,0,0,0,0,0,0,0,0,0,0,0,0,0,0,0,0,0,0,0,0,0,0,0,0,0,0,0,0,0,0,0,0,0,0,0,0,0,0,0,0,0,0,0,0,0,0,0,0,0,0,0,0,0
0,0,0,0,0,0,0,0,0,0,0,0,0,0,0,0,0,0,0,0,0,0,0,0,0,0,0,0,0,0,0,0,0,0,0,0,0,0,0,0,0,0,0,0,0,0,0,0,0,0,0,0,0,0,0,0
0,0,0,0,0,0,0,0,0,0,0,0,0,0,0,0,0,0,0,0,0,0,0,0,0,0,0,0,0,0,0,0,0,0,0,0,0,0,0,0,0,0,0,0,0,0,0,0,0,0,0,0,0,0,0,0
0,0,0,0,0,0,0,0,0,0,0,0,0,0,0,0,0,0,0,0,0,0,0,0,0,0,0,0,0,0,0,0,0,0,0,0,0,0,0,0,0,0,0,0,0,0,0,0,0,0,0,0,0,0,0,0
0,0,0,0,0,0,0,0,0,0,0,0,0,0,0,0,0,0,0,0,0,0,0,0,0,0,0,0,0,0,0,0,0,0,0,0,0,0,0,0,0,0,0,0,0,0,0,0,0,0,0,0,0,0,0,0
0,0,0,0,0,0,0,0,0,0,0,0,0,0,0,0,0,0,0,0,0,0,0,0,0,0,0,0,0,0,0,0,0,0,0,0,0,0,0,0,0,0,0,0,0,0,0,0,0,0,0,0,0,0,0,0
0,0,0,0,0,0,0,0,0,0,0,0,0,0,0,0,0,0,0,0,0,0,0,0,0,0,0,0,0,0,0,0,0,0,0,0,0,0,0,0,0,0,0,0,0,0,0,0,0,0,0,0,0,0,0,0
0,0,0,0,0,0,0,0,0,0,0,0,0,0,0,0,0,0,0,0,0,0,0,0,0,0,0,0,0,0,0,0,0,0,0,0,0,0,0,0,0,0,0,0,0,0,0,0,0,0,0,0,0,0,0,0
0,0,0,0,0,0,0,0,0,0,0,0,0,0,0,0,0,0,0,0,0,0,0,0,0,0,0,0,0,0,0,0,0,0,0,0,0,0,0,0,0,0,0,0,0,0,0,0,0,0,0,0,0,0,0,0
0,0,0,0,0,0,0,0,0,0,0,0,0,0,0,0,0,0,0,0,0,0,0,0,0,0,0,0,0,0,0,0,0,0,0,0,0,0,0,0,0,0,0,0,0,0,0,0,0,0,0,0,0,0,0,0
0,0,0,0,0,0,0,0,0,0,0,0,0,0,0,0,0,0,0,0,0,0,0,0,0,0,0,0,0,0,0,0,0,0,0,0,0,0,0,0,0,0,0,0,0,0,0,0,0,0,0,0,0,0,0,0
0,0,0,0,0,0,0,0,0,0,0,0,0,0,0,0,0,0,0,0,0,0,0,0,0,0,0,0,0,0,0,0,0,0,0,0,0,0,0,0,0,0,0,0,0,0,0,0,0,0,0,0,0,0,0,0
0,0,0,0,0,0,0,0,0,0,0,0,0,0,0,0,0,0,0,0,0,0,0,0,0,0,0,0,0,0,0,0,0,0,0,0,0,0,0,0,0,0,0,0,0,0,0,0,0,0,0,0,0,0,0,0
0,0,0,0,0,0,0,0,0,0,0,0,0,0,0,0,0,0,0,0,0,0,0,0,0,0,0,0,0,0,0,0,0,0,0,0,0,0,0,0,0,0,0,0,0,0,0,0,0,0,0,0,0,0,0,0
0,0,0,0,0,0,0,0,0,0,0,0,0,0,0,0,0,0,0,0,0,0,0,0,0,0,0,0,0,0,0,0,0,0,0,0,0,0,0,0,0,0,0,0,0,0,0,0,0,0,0,0,0,0,0,0
0,0,0,0,0,0,0,0,0,0,0,0,0,0,0,0,0,0,0,0,0,0,0,0,0,0,0,0,0,0,0,0,0,0,0,0,0,0,0,0,0,0,0,0,0,0,0,0,0,0,0,0,0,0,0,0
0,0,0,0,0,0,0,0,0,0,0,0,0,0,0,0,0,0,0,0,0,0,0,0,0,0,0,0,0,0,0,0,0,0,0,0,0,0,0,0,0,0,0,0,0,0,0,0,0,0,0,0,0,0,0,0
0,0,0,0,0,0,0,0,0,0,0,0,0,0,0,0,0,0,0,0,0,0,0,0,0,0,0,0,0,0,0,0,0,0,0,0,0,0,0,0,0,0,0,0,0,0,0,0,0,0,0,0,0,0,0,0
0,0,0,0,0,0,0,0,0,0,0,0,0,0,0,0,0,0,0,0,0,0,0,0,0,0,0,0,0,0,0,0,0,0,0,0,0,0,0,0,0,0,0,0,0,0,0,0,0,0,0,0,0,0,0,0
0,0,0,0,0,0,0,0,0,0,0,0,0,0,0,0,0,0,0,0,0,0,0,0,0,0,0,0,0,0,0,0,0,0,0,0,0,0,0,0,0,0,0,0,0,0,0,0,0,0,0,0,0,0,0,0
0,0,0,0,0,0,0,0,0,0,0,0,0,0,0,0,0,0,0,0,0,0,0,0,0,0,0,0,0,0,0,0,0,0,0,0,0,0,0,0,0,0,0,0,0,0,0,0,0,0,0,0,0,0,0,0
0,0,0,0,0,0,0,0,0,0,0,0,0,0,0,0,0,0,0,0,0,0,0,0,0,0,0,0,0,0,0,0,0,0,0,0,0,0,0,0,0,0,0,0,0,0,0,0,0,0,0,0,0,0,0,0
0,0,0,0,0,0,0,0,0,0,0,0,0,0,0,0,0,0,0,0,0,0,0,0,0,0,0,0,0,0,0,0,0,0,0,0,0,0,0,0,0,0,0,0,0,0,0,0,0,0,0,0,0,0,0,0
0,0,0,0,0,0,0,0,0,0,0,0,0,0,0,0,0,0,0,0,0,0,0,0,0,0,0,0,0,0,0,0,0,0,0,0,0,0,0,0,0,0,0,0,0,0,0,0,0,0,0,0,0,0,0,0
0,0,0,0,0,0,0,0,0,0,0,0,0,0,0,0,0,0,0,0,0,0,0,0,0,0,0,0,0,0,0,0,0,0,0,0,0,0,0,0,0,0,0,0,0,0,0,0,0,0,0,0,0,0,0,0
0,0,0,0,0,0,0,0,0,0,0,0,0,0,0,0,0,0,0,0,0,0,0,0,0,0,0,0,0,0,0,0,0,0,0,0,0,0,0,0,0,0,0,0,0,0,0,0,0,0,0,0,0,0,0,0
0,0,0,0,0,0,0,0,0,0,0,0,0,0,0,0,0,0,0,0,0,0,0,0,0,0,0,0,0,0,0,0,0,0,0,0,0,0,0,0,0,0,0,0,0,0,0,0,0,0,0,0,0,0,0,0
0,0,0,0,0,0,0,0,0,0,0,0,0,0,0,0,0,0,0,0,0,0,0,0,0,0,0,0,0,0,0,0,0,0,0,0,0,0,0,0,0,0,0,0,0,0,0,0,0,0,0,0,0,0,0,0
0,0,0,0,0,0,0,0,0,0,0,0,0,0,0,0,0,0,0,0,0,0,0,0,0,0,0,0,0,0,0,0,0,0,0,0,0,0,0,0,0,0,0,0,0,0,0,0,0,0,0,0,0,0,0,0
0,0,0,0,0,0,0,0,0,0,0,0,0,0,0,0,0,0,0,0,0,0,0,0,0,0,0,0,0,0,0,0,0,0,0,0,0,0,0,0,0,0,0,0,0,0,0,0,0,0,0,0,0,0,0,0
0,0,0,0,0,0,0,0,0,0,0,0,0,0,0,0,0,0,0,0,0,0,0,0,0,0,0,0,0,0,0,0,0,0,0,0,0,0,0,0,0,0,0,0,0,0,0,0,0,0,0,0,0,0,0,0
0,0,0,0,0,0,0,0,0,0,0,0,0,0,0,0,0,0,0,0,0,0,0,0,0,0,0,0,0,0,0,0,0,0,0,0,0,0,0,0,0,0,0,0,0,0,0,0,0,0,0,0,0,0,0,0
0,0,0,0,0,0,0,0,0,0,0,0,0,0,0,0,0,0,0,0,0,0,0,0,0,0,0,0,0,0,0,0,0,0,0,0,0,0,0,0,0,0,0,0,0,0,0,0,0,0,0,0,0,0,0,0
0,0,0,0,0,0,0,0,0,0,0,0,0,0,0,0,0,0,0,0,0,0,0,0,0,0,0,0,0,0,0,0,0,0,0,0,0,0,0,0,0,0,0,0,0,0,0,0,0,0,0,0,0,0,0,0
0,0,0,0,0,0,0,0,0,0,0,0,0,0,0,0,0,0,0,0,0,0,0,0,0,0,0,0,0,0,0,0,0,0,0,0,0,0,0,0,0,0,0,0,0,0,0,0,0,0,0,0,0,0,0,0
0,0,0,0,0,0,0,0,0,0,0,0,0,0,0,0,0,0,0,0,0,0,0,0,0,0,0,0,0,0,0,0,0,0,0,0,0,0,0,0,0,0,0,0,0,0,0,0,0,0,0,0,0,0,0,0
0,0,0,0,0,0,0,0,0,0,0,0,0,0,0,0,0,0,0,0,0,0,0,0,0,0,0,0,0,0,0,0,0,0,0,0,0,0,0,0,0,0,0,0,0,0,0,0,0,0,0,0,0,0,0,0
0,0,0,0,0,0,0,0,0,0,0,0,0,0,0,0,0,0,0,0,0,0,0,0,0,0,0,0,0,0,0,0,0,0,0,0,0,0,0,0,0,0,0,0,0,0,0,0,0,0,0,0,0,0,0,0
0,0,0,0,0,0,0,0,0,0,0,0,0,0,0,0,0,0,0,0,0,0,0,0,0,0,0,0,0,0,0,0,0,0,0,0,0,0,0,0,0,0,0,0,0,0,0,0,0,0,0,0,0,0,0,0
0,0,0,0,0,0,0,0,0,0,0,0,0,0,0,0,0,0,0,0,0,0,0,0,0,0,0,0,0,0,0,0,0,0,0,0,0,0,0,0,0,0,0,0,0,0,0,0,0,0,0,0,0,0,0,0
0,0,0,0,0,0,0,0,0,0,0,0,0,0,0,0,0,0,0,0,0,0,0,0,0,0,0,0,0,0,0,0,0,0,0,0,0,0,0,0,0,0,0,0,0,0,0,0,0,0,0,0,0,0,0,0
0,0,0,0,0,0,0,0,0,0,0,0,0,0,0,0,0,0,0,0,0,0,0,0,0,0,0,0,0,0,0,0,0,0,0,0,0,0,0,0,0,0,0,0,0,0,0,0,0,0,0,0,0,0,0,0
0,0,0,0,0,0,0,0,0,0,0,0,0,0,0,0,0,0,0,0,0,0,0,0,0,0,0,0,0,0,0,0,0,0,0,0,0,0,0,0,0,0,0,0,0,0,0,0,0,0,0,0,0,0,0,0
0,0,0,0,0,0,0,0,0,0,0,0,0,0,0,0,0,0,0,0,0,0,0,0,0,0,0,0,0,0,0,0,0,0,0,0,0,0,0,0,0,0,0,0,0,0,0,0,0,0,0,0,0,0,0,0
0,0,0,0,0,0,0,0,0,0,0,0,0,0,0,0,0,0,0,0,0,0,0,0,0,0,0,0,0,0,0,0,0,0,0,0,0,0,0,0,0,0,0,0,0,0,0,0,0,0,0,0,0,0,0,0
0,0,0,0,0,0,0,0,0,0,0,0,0,0,0,0,0,0,0,0,0,0,0,0,0,0,0,0,0,0,0,0,0,0,0,0,0,0,0,0,0,0,0,0,0,0,0,0,0,0,0,0,0,0,0,0
0,0,0,0,0,0,0,0,0,0,0,0,0,0,0,0,0,0,0,0,0,0,0,0,0,0,0,0,0,0,0,0,0,0,0,0,0,0,0,0,0,0,0,0,0,0,0,0,0,0,0,0,0,0,0,0
0,0,0,0,0,0,0,0,0,0,0,0,0,0,0,0,0,0,0,0,0,0,0,0,0,0,0,0,0,0,0,0,0,0,0,0,0,0,0,0,0,0,0,0,0,0,0,0,0,0,0,0,0,0,0,0
0,0,0,0,0,0,0,0,0,0,0,0,0,0,0,0,0,0,0,0,0,0,0,0,0,0,0,0,0,0,0,0,0,0,0,0,0,0,0,0,0,0,0,0,0,0,0,0,0,0,0,0,0,0,0,0
0,0,0,0,0,0,0,0,0,0,0,0,0,0,0,0,0,0,0,0,0,0,0,0,0,0,0,0,0,0,0,0,0,0,0,0,0,0,0,0,0,0,0,0,0,0,0,0,0,0,0,0,0,0,0,0
0,0,0,0,0,0,0,0,0,0,0,0,0,0,0,0,0,0,0,0,0,0,0,0,0,0,0,0,0,0,0,0,0,0,0,0,0,0,0,0,0,0,0,0,0,0,0,0,0,0,0,0,0,0,0,0
0,0,0,0,0,0,0,0,0,0,0,0,0,0,0,0,0,0,0,0,0,0,0,0,0,0,0,0,0,0,0,0,0,0,0,0,0,0,0,0,0,0,0,0,0,0,0,0,0,0,0,0,0,0,0,0
0,0,0,0,0,0,0,0,0,0,0,0,0,0,0,0,0,0,0,0,0,0,0,0,0,0,0,0,0,0,0,0,0,0,0,0,0,0,0,0,0,0,0,0,0,0,0,0,0,0,0,0,0,0,0,0
0,0,0,0,0,0,0,0,0,0,0,0,0,0,0,0,0,0,0,0,0,0,0,0,0,0,0,0,0,0,0,0,0,0,0,0,0,0,0,0,0,0,0,0,0,0,0,0,0,0,0,0,0,0,0,0
0,0,0,0,0,0,0,0,0,0,0,0,0,0,0,0,0,0,0,0,0,0,0,0,0,0,0,0,0,0,0,0,0,0,0,0,0,0,0,0,0,0,0,0,0,0,0,0,0,0,0,0,0,0,0,0
0,0,0,0,0,0,0,0,0,0,0,0,0,0,0,0,0,0,0,0,0,0,0,0,0,0,0,0,0,0,0,0,0,0,0,0,0,0,0,0,0,0,0,0,0,0,0,0,0,0,0,0,0,0,0,0
0,0,0,0,0,0,0,0,0,0,0,0,0,0,0,0,0,0,0,0,0,0,0,0,0,0,0,0,0,0,0,0,0,0,0,0,0,0,0,0,0,0,0,0,0,0,0,0,0,0,0,0,0,0,0,0
0,0,0,0,0,0,0,0,0,0,0,0,0,0,0,0,0,0,0,0,0,0,0,0,0,0,0,0,0,0,0,0,0,0,0,0,0,0,0,0,0,0,0,0,0,0,0,0,0,0,0,0,0,0,0,0
0,0,0,0,0,0,0,0,0,0,0,0,0,0,0,0,0,0,0,0,0,0,0,0,0,0,0,0,0,0,0,0,0,0,0,0,0,0,0,0,0,0,0,0,0,0,0,0,0,0,0,0,0,0,0,0
0,0,0,0,0,0,0,0,0,0,0,0,0,0,0,0,0,0,0,0,0,0,0,0,0,0,0,0,0,0,0,0,0,0,0,0,0,0,0,0,0,0,0,0,0,0,0,0,0,0,0,0,0,0,0,0
0,0,0,0,0,0,0,0,0,0,0,0,0,0,0,0,0,0,0,0,0,0,0,0,0,0,0,0,0,0,0,0,0,0,0,0,0,0,0,0,0,0,0,0,0,0,0,0,0,0,0,0,0,0,0,0
0,0,0,0,0,0,0,0,0,0,0,0,0,0,0,0,0,0,0,0,0,0,0,0,0,0,0,0,0,0,0,0,0,0,0,0,0,0,0,0,0,0,0,0,0,0,0,0,0,0,0,0,0,0,0,0
0,0,0,0,0,0,0,0,0,0,0,0,0,0,0,0,0,0,0,0,0,0,0,0,0,0,0,0,0,0,0,0,0,0,0,0,0,0,0,0,0,0,0,0,0,0,0,0,0,0,0,0,0,0,0,0
0,0,0,0,0,0,0,0,0,0,0,0,0,0,0,0,0,0,0,0,0,0,0,0,0,0,0,0,0,0,0,0,0,0,0,0,0,0,0,0,0,0,0,0,0,0,0,0,0,0,0,0,0,0,0,0
0,0,0,0,0,0,0,0,0,0,0,0,0,0,0,0,0,0,0,0,0,0,0,0,0,0,0,0,0,0,0,0,0,0,0,0,0,0,0,0,0,0,0,0,0,0,0,0,0,0,0,0,0,0,0,0
0,0,0,0,0,0,0,0,0,0,0,0,0,0,0,0,0,0,0,0,0,0,0,0,0,0,0,0,0,0,0,0,0,0,0,0,0,0,0,0,0,0,0,0,0,0,0,0,0,0,0,0,0,0,0,0
0,0,0,0,0,0,0,0,0,0,0,0,0,0,0,0,0,0,0,0,0,0,0,0,0,0,0,0,0,0,0,0,0,0,0,0,0,0,0,0,0,0,0,0,0,0,0,0,0,0,0,0,0,0,0,0
0,0,0,0,0,0,0,0,0,0,0,0,0,0,0,0,0,0,0,0,0,0,0,0,0,0,0,0,0,0,0,0,0,0,0,0,0,0,0,0,0,0,0,0,0,0,0,0,0,0,0,0,0,0,0,0
0,0,0,0,0,0,0,0,0,0,0,0,0,0,0,0,0,0,0,0,0,0,0,0,0,0,0,0,0,0,0,0,0,0,0,0,0,0,0,0,0,0,0,0,0,0,0,0,0,0,0,0,0,0,0,0
0,0,0,0,0,0,0,0,0,0,0,0,0,0,0,0,0,0,0,0,0,0,0,0,0,0,0,0,0,0,0,0,0,0,0,0,0,0,0,0,0,0,0,0,0,0,0,0,0,0,0,0,0,0,0,0
0,0,0,0,0,0,0,0,0,0,0,0,0,0,0,0,0,0,0,0,0,0,0,0,0,0,0,0,0,0,0,0,0,0,0,0,0,0,0,0,0,0,0,0,0,0,0,0,0,0,0,0,0,0,0,0
0,0,0,0,0,0,0,0,0,0,0,0,0,0,0,0,0,0,0,0,0,0,0,0,0,0,0,0,0,0,0,0,0,0,0,0,0,0,0,0,0,0,0,0,0,0,0,0,0,0,0,0,0,0,0,0
0,0,0,0,0,0,0,0,0,0,0,0,0,0,0,0,0,0,0,0,0,0,0,0,0,0,0,0,0,0,0,0,0,0,0,0,0,0,0,0,0,0,0,0,0,0,0,0,0,0,0,0,0,0,0,0
0,0,0,0,0,0,0,0,0,0,0,0,0,0,0,0,0,0,0,0,0,0,0,0,0,0,0,0,0,0,0,0,0,0,0,0,0,0,0,0,0,0,0,0,0,0,0,0,0,0,0,0,0,0,0,0
0,0,0,0,0,0,0,0,0,0,0,0,0,0,0,0,0,0,0,0,0,0,0,0,0,0,0,0,0,0,0,0,0,0,0,0,0,0,0,0,0,0,0,0,0,0,0,0,0,0,0,0,0,0,0,0
