215,202,170,139,119,93,84,82,94,123,155,191,220,245,267,273,281,273,287,293,306,320,332,328,312,311,289,250,150,109,65,11,1,-14,-6,-1,-9,8,26,50,80,109,149,192,263,322,386,423,453,457,453,428,400,372,371,344
101,106,105,101,92,78,56,28,-1,-29,-57,-77,-103,-120,-128,-131,-127,-118,-95,-68,-37,-3,32,67,94,120,148,162,170,170,154,124,103,77,48,25,6,-10,-15,-12,-6,9,36,58,87,118,143,167,183,197,201,198,192,179,173,156
99,100,94,90,84,72,53,28,5,-18,-41,-61,-82,-97,-111,-120,-127,-128,-121,-110,-99,-80,-64,-41,-27,-6,20,37,66,74,77,69,65,58,46,33,18,0,-17,-37,-56,-68,-82,-89,-102,-108,-107,-105,-102,-84,-68,-49,-26,-1,25,41
-91,-86,-67,-62,-69,-73,-75,-81,-93,-111,-138,-169,-191,-204,-214,-222,-211,-212,-181,-161,-140,-119,-99,-83,-83,-71,-50,-40,-29,-26,-17,-28,-12,2,16,24,16,16,6,-17,-29,-54,-84,-109,-134,-151,-159,-169,-156,-164,-159,-160,-163,-177,-198,-201
-202,-203,-188,-182,-178,-155,-123,-94,-68,-48,-32,-23,-16,-1,5,12,33,39,74,96,128,159,176,195,201,225,230,231,201,202,173,136,118,96,75,57,28,2,-21,-51,-79,-113,-165,-190,-232,-261,-282,-293,-284,-291,-281,-273,-261,-259,-279,-266
70,69,71,70,46,31,6,-17,-46,-80,-113,-154,-180,-197,-218,-224,-226,-220,-210,-191,-179,-159,-143,-123,-112,-96,-73,-55,-24,-16,-5,-4,11,17,26,25,24,11,-6,-34,-59,-89,-128,-159,-206,-237,-259,-283,-284,-300,-296,-293,-294,-290,-295,-295
172,179,182,173,153,130,92,61,24,-10,-49,-80,-103,-131,-155,-177,-198,-216,-240,-259,-283,-306,-328,-338,-347,-358,-365,-347,-325,-311,-266,-225,-185,-142,-97,-62,-21,11,39,57,82,100,134,148,177,199,219,237,256,246,252,229,209,176,160,143
8,-26,-60,-85,-76,-81,-58,-43,-16,16,40,64,53,59,60,46,39,21,31,32,28,23,11,-8,-29,-54,-78,-105,-182,-187,-192,-185,-158,-121,-89,-56,-32,3,36,78,121,162,200,248,289,329,343,346,324,300,261,229,199,175,152,125
107,113,121,118,95,73,41,11,-32,-80,-123,-178,-206,-241,-269,-287,-303,-309,-316,-317,-320,-326,-322,-318,-319,-307,-291,-281,-251,-229,-204,-172,-131,-93,-51,-25,2,16,25,20,25,13,17,9,-8,-6,-2,-4,10,0,-4,-14,-35,-57,-86,-102
-103,-103,-108,-102,-86,-59,-38,-9,22,56,95,133,164,187,209,222,224,228,225,219,205,205,193,187,179,159,141,123,96,84,64,55,30,19,-1,-7,-11,-13,-7,20,40,65,91,117,154,175,192,209,210,224,230,229,239,241,251,251
-200,-204,-207,-198,-164,-137,-91,-60,-13,39,85,140,166,204,241,269,290,305,319,331,337,351,354,348,349,335,318,303,261,231,203,156,123,81,46,17,-6,-19,-21,-4,4,25,40,63,104,115,140,154,155,174,179,187,212,227,255,263
-190,-191,-181,-170,-170,-145,-127,-96,-75,-56,-35,-28,-16,-1,10,29,44,72,101,141,170,207,235,256,273,289,304,296,275,279,233,204,170,133,103,72,32,2,-37,-65,-101,-137,-193,-221,-276,-308,-339,-357,-374,-377,-383,-359,-339,-313,-320,-301
76,77,89,85,64,40,15,-15,-47,-88,-133,-176,-214,-233,-260,-270,-278,-280,-268,-258,-248,-241,-227,-218,-211,-189,-167,-150,-124,-111,-87,-76,-48,-31,-6,7,12,16,10,-13,-29,-55,-83,-112,-144,-168,-182,-197,-197,-206,-211,-217,-233,-245,-254,-263
-104,-98,-91,-81,-65,-44,-19,15,40,64,86,94,112,112,103,88,67,41,1,-39,-77,-114,-148,-178,-200,-212,-225,-220,-197,-176,-146,-111,-81,-55,-27,-7,8,8,2,-17,-36,-59,-94,-127,-161,-190,-213,-229,-236,-232,-224,-204,-178,-147,-122,-91
-11,-11,-17,-19,-2,6,25,41,62,95,124,158,169,187,200,212,207,200,179,157,136,118,106,79,72,54,29,15,-1,-7,-16,-13,-24,-24,-29,-31,-21,-8,8,36,60,88,126,155,201,220,246,266,272,278,280,275,278,274,290,280
199,197,193,178,148,125,105,110,108,122,147,157,192,222,239,257,277,277,293,288,315,332,353,365,362,376,388,373,333,294,254,188,153,115,81,58,29,5,-16,-33,-49,-61,-75,-73,-59,-37,0,42,102,135,172,198,202,212,210,230
-201,-203,-206,-199,-181,-158,-133,-110,-84,-65,-37,-18,3,25,44,70,97,123,163,201,241,278,314,336,349,374,387,379,358,343,303,249,212,165,112,76,28,-6,-46,-71,-108,-135,-176,-199,-233,-264,-287,-307,-321,-314,-307,-285,-250,-218,-194,-174
29,36,42,50,59,61,63,62,58,48,37,16,3,-21,-46,-72,-102,-113,-142,-158,-173,-180,-181,-175,-165,-148,-127,-102,-51,-33,-9,7,18,26,31,27,21,6,-16,-43,-66,-88,-109,-130,-145,-158,-165,-164,-159,-136,-113,-88,-55,-24,15,38
-217,-220,-207,-198,-194,-167,-140,-104,-87,-64,-50,-39,-15,-6,4,16,28,47,84,128,162,190,224,243,263,291,301,301,273,265,231,189,162,131,103,76,31,2,-36,-71,-114,-156,-209,-255,-296,-341,-374,-394,-404,-398,-399,-388,-373,-362,-367,-357
44,40,30,25,39,42,53,62,84,110,137,171,187,205,220,228,226,219,192,167,148,134,114,95,86,59,43,35,25,16,10,10,-2,-10,-23,-26,-18,-12,3,27,47,77,106,135,177,188,213,225,221,225,229,229,235,235,260,255
-130,-135,-144,-140,-115,-92,-56,-24,19,64,108,154,188,216,242,259,276,295,300,312,321,326,339,333,338,324,317,301,276,258,220,187,152,109,67,37,5,-14,-34,-30,-41,-38,-44,-44,-35,-45,-50,-50,-67,-59,-49,-35,-14,12,39,51
227,236,223,211,188,164,131,122,115,123,149,167,214,241,264,281,308,314,323,328,353,375,399,406,407,411,405,382,310,257,203,134,99,66,45,34,15,6,9,11,28,39,66,101,149,219,277,332,391,412,425,421,404,396,392,376
-176,-182,-180,-175,-159,-151,-130,-121,-109,-97,-90,-88,-86,-70,-61,-37,-11,8,59,104,146,189,224,255,278,317,329,341,324,309,276,233,200,162,119,83,36,-3,-46,-85,-129,-168,-226,-260,-313,-350,-389,-411,-421,-418,-413,-396,-362,-333,-320,-295
-81,-76,-57,-48,-53,-49,-58,-69,-81,-108,-134,-166,-188,-206,-223,-230,-236,-239,-225,-213,-205,-197,-192,-181,-188,-181,-168,-160,-156,-151,-131,-117,-92,-70,-38,-15,-7,9,22,17,28,24,32,29,34,48,65,73,105,95,103,94,88,64,43,38
-40,-12,28,56,53,59,42,24,-3,-36,-64,-95,-109,-111,-114,-104,-90,-82,-84,-100,-103,-97,-84,-65,-41,-22,7,45,124,143,154,162,134,113,80,48,27,-4,-38,-87,-128,-178,-216,-274,-324,-375,-407,-421,-417,-387,-362,-332,-301,-278,-256,-229
57,68,72,76,86,81,79,59,46,25,4,-20,-51,-77,-102,-124,-145,-159,-165,-170,-161,-152,-130,-107,-83,-50,-13,15,68,84,93,90,88,76,60,41,21,1,-21,-47,-61,-69,-69,-67,-61,-46,-30,-7,13,42,70,96,119,142,168,176
-125,-150,-172,-175,-162,-144,-117,-102,-80,-61,-60,-55,-81,-101,-113,-134,-145,-161,-161,-164,-178,-193,-212,-240,-262,-288,-310,-317,-330,-321,-284,-245,-197,-151,-108,-70,-40,-4,30,66,95,128,153,177,190,186,167,135,80,36,-3,-42,-63,-78,-96,-118
-93,-101,-102,-104,-107,-100,-84,-58,-38,-13,12,40,75,102,126,147,166,169,177,168,158,145,125,95,67,26,-9,-36,-79,-98,-106,-99,-96,-80,-63,-44,-20,0,23,48,65,76,77,77,73,59,47,29,11,-19,-47,-78,-106,-130,-160,-177
94,119,139,151,144,128,97,69,37,4,-21,-44,-47,-52,-52,-50,-49,-44,-55,-77,-80,-90,-85,-78,-62,-48,-30,-4,58,76,86,107,88,76,49,32,12,-12,-33,-66,-96,-121,-161,-199,-258,-310,-364,-401,-432,-440,-444,-428,-415,-395,-389,-377
-196,-202,-190,-186,-174,-156,-126,-82,-50,-21,7,24,51,66,82,95,112,131,159,184,219,245,272,290,299,327,330,326,297,280,247,195,169,134,102,74,30,-2,-42,-73,-112,-152,-202,-245,-281,-332,-357,-377,-382,-377,-372,-365,-351,-339,-345,-339
177,181,188,181,150,127,97,64,30,-12,-47,-88,-112,-143,-172,-193,-216,-227,-253,-269,-292,-315,-327,-335,-343,-342,-340,-331,-303,-282,-245,-207,-166,-121,-84,-47,-11,13,37,44,60,71,83,89,90,105,117,121,132,121,116,96,71,42,19,1
173,178,167,159,152,138,117,94,78,67,56,52,38,32,26,15,2,-20,-49,-88,-117,-146,-174,-192,-201,-220,-234,-235,-224,-213,-192,-153,-134,-106,-82,-56,-28,-3,29,64,96,136,175,215,254,295,318,337,343,345,343,335,319,310,304,304
0,-6,-16,-21,-30,-34,-46,-54,-59,-59,-58,-43,-38,-27,-5,14,34,59,86,119,141,165,181,191,197,189,187,172,145,124,98,70,51,30,11,0,-11,-8,1,22,38,61,84,113,144,169,189,204,211,210,207,193,183,163,140,121
-99,-96,-81,-76,-78,-75,-72,-68,-77,-89,-101,-123,-133,-144,-153,-152,-147,-141,-121,-102,-82,-73,-59,-48,-44,-28,-18,-11,-12,-10,-10,-13,-1,4,10,15,11,9,1,-12,-26,-46,-63,-81,-98,-108,-112,-114,-107,-104,-102,-103,-109,-113,-131,-135
193,199,203,196,166,133,93,59,19,-34,-77,-137,-171,-201,-238,-266,-285,-304,-312,-324,-339,-346,-359,-355,-349,-339,-319,-303,-274,-243,-210,-165,-128,-89,-52,-22,5,18,24,4,-1,-20,-29,-60,-87,-97,-110,-128,-124,-143,-156,-171,-198,-213,-234,-243
-89,-88,-85,-86,-63,-45,-14,7,45,79,115,151,167,197,219,232,238,224,215,196,182,166,147,132,116,91,67,54,27,11,2,0,-13,-21,-29,-25,-20,-7,11,38,69,100,136,174,217,249,274,298,307,315,315,308,309,303,306,303
-108,-115,-122,-120,-108,-92,-61,-30,4,37,74,103,135,156,175,196,213,218,238,250,273,292,306,320,321,333,334,327,306,288,251,210,172,131,92,60,22,-12,-44,-64,-96,-123,-165,-193,-224,-266,-292,-316,-333,-332,-321,-309,-295,-283,-267,-256
64,77,79,83,87,83,75,55,38,12,-8,-32,-56,-86,-110,-132,-149,-154,-157,-154,-142,-127,-101,-74,-51,-15,22,51,93,108,109,103,94,80,60,38,20,-3,-22,-40,-51,-52,-45,-37,-23,-3,17,43,62,90,115,134,151,166,183,186
107,113,119,116,108,93,57,28,-7,-48,-80,-111,-135,-162,-186,-200,-222,-229,-246,-257,-279,-299,-312,-321,-330,-341,-340,-330,-307,-291,-260,-214,-180,-139,-96,-61,-27,8,44,62,95,119,163,193,225,264,294,319,333,331,333,316,301,279,272,261
89,86,74,64,54,38,16,-14,-35,-59,-77,-88,-98,-104,-100,-91,-75,-60,-27,8,37,74,103,130,152,171,184,188,176,177,148,122,96,71,43,21,4,-5,-10,-7,-2,10,36,57,85,107,133,155,167,178,193,189,189,179,184,169
15,41,68,83,79,77,54,39,12,-17,-38,-55,-63,-64,-64,-55,-46,-44,-50,-68,-62,-67,-60,-53,-26,-9,6,31,93,102,111,120,102,85,55,36,21,-4,-30,-66,-96,-130,-162,-205,-254,-293,-330,-351,-359,-347,-338,-317,-291,-271,-275,-247
53,53,48,44,40,32,19,3,-9,-23,-35,-44,-55,-61,-63,-63,-59,-54,-43,-28,-14,1,16,30,43,58,70,75,80,81,73,63,53,42,28,17,6,-2,-10,-14,-16,-15,-10,-3,3,13,23,33,38,47,58,64,71,76,86,85
-166,-185,-194,-193,-180,-156,-129,-109,-97,-94,-99,-107,-134,-161,-182,-204,-221,-237,-236,-246,-264,-288,-314,-332,-351,-360,-378,-372,-353,-320,-270,-217,-165,-121,-90,-60,-31,-8,16,37,51,57,61,53,34,-10,-59,-108,-177,-218,-249,-268,-274,-282,-281,-296
-116,-118,-111,-106,-100,-83,-62,-32,-5,23,51,76,102,122,138,148,151,144,131,111,87,61,36,2,-24,-54,-85,-104,-131,-141,-132,-119,-102,-82,-60,-37,-16,2,21,39,50,53,46,39,32,12,1,-22,-34,-61,-84,-107,-125,-139,-167,-172
104,105,103,97,84,72,47,17,-9,-37,-62,-76,-96,-114,-120,-120,-117,-102,-80,-50,-22,10,42,74,96,124,149,163,166,163,147,119,99,74,48,25,7,-5,-13,-12,-8,4,24,47,71,98,123,145,157,173,181,184,185,180,171,161
-67,-70,-68,-64,-66,-77,-78,-89,-102,-119,-139,-158,-181,-183,-182,-184,-164,-151,-113,-72,-27,7,48,77,99,142,166,179,179,185,170,145,132,111,91,71,31,3,-37,-79,-126,-170,-224,-271,-321,-372,-407,-434,-442,-447,-436,-426,-406,-384,-375,-363
157,157,159,150,140,130,115,110,103,95,92,94,91,85,73,62,39,11,-30,-77,-114,-157,-189,-223,-236,-266,-282,-288,-278,-272,-242,-207,-174,-141,-106,-75,-28,0,42,77,120,160,219,253,306,342,380,401,417,410,415,390,366,337,331,309
-69,-77,-87,-89,-76,-64,-32,2,39,83,124,165,188,225,247,268,282,292,301,305,318,335,351,356,365,365,364,354,329,315,273,235,189,144,102,60,24,-12,-45,-65,-95,-121,-153,-181,-205,-250,-281,-301,-325,-317,-319,-304,-286,-262,-246,-232
-166,-168,-167,-162,-151,-133,-112,-96,-76,-54,-38,-17,4,18,37,54,76,104,137,178,208,242,270,288,301,319,328,320,302,291,258,213,178,137,97,64,21,-8,-39,-60,-89,-112,-137,-162,-181,-210,-224,-234,-247,-235,-232,-211,-181,-148,-125,-112
169,176,180,173,157,130,95,55,15,-27,-70,-114,-147,-173,-204,-224,-238,-258,-279,-305,-321,-346,-364,-372,-382,-389,-392,-379,-349,-329,-286,-245,-201,-154,-102,-65,-19,7,40,60,85,107,142,163,187,215,238,256,277,270,272,257,229,198,174,160
-170,-173,-177,-169,-140,-117,-79,-49,-8,33,79,119,148,182,217,235,255,267,284,290,304,309,314,316,318,317,302,282,246,229,194,160,123,88,52,22,1,-17,-26,-16,-16,-4,2,19,40,48,60,69,65,80,84,99,119,144,161,179
-207,-209,-190,-178,-174,-159,-138,-111,-91,-77,-75,-83,-91,-85,-86,-76,-58,-45,-13,15,52,77,99,119,127,132,146,154,139,129,108,83,79,63,57,46,21,9,-13,-41,-67,-101,-143,-170,-209,-233,-249,-253,-241,-241,-234,-230,-221,-226,-244,-242
88,88,97,94,70,50,17,-3,-43,-79,-119,-163,-181,-209,-233,-245,-254,-258,-246,-238,-231,-222,-211,-198,-199,-184,-158,-138,-113,-100,-79,-69,-44,-26,-3,5,13,10,6,-18,-28,-54,-83,-110,-144,-163,-180,-203,-200,-209,-212,-219,-222,-234,-258,-255
136,140,139,137,131,109,80,39,3,-33,-67,-100,-132,-156,-175,-189,-206,-218,-237,-256,-279,-305,-324,-337,-341,-361,-359,-350,-318,-314,-269,-226,-189,-143,-103,-70,-27,8,40,68,105,137,184,215,253,298,327,351,368,360,362,353,333,311,307,295
-164,-162,-168,-163,-137,-114,-82,-59,-23,15,54,94,120,148,177,196,213,228,247,257,267,281,293,294,301,296,284,267,236,220,184,156,121,88,54,26,2,-15,-23,-15,-19,-11,-2,7,28,30,34,41,38,56,65,82,102,119,138,153
37,6,-26,-54,-61,-63,-54,-38,-9,13,35,48,51,36,28,7,-12,-25,-27,-24,-45,-58,-84,-114,-144,-190,-219,-234,-277,-289,-261,-241,-194,-150,-105,-67,-35,-4,33,73,102,129,155,174,189,168,139,98,31,-16,-68,-104,-131,-150,-161,-188
-38,-36,-33,-34,-21,-6,13,37,55,83,110,143,166,181,191,196,187,177,152,124,102,78,55,28,11,-14,-39,-53,-71,-79,-77,-72,-66,-58,-53,-41,-23,-5,21,56,90,125,164,197,247,272,305,320,333,334,337,325,313,293,287,275
-199,-196,-183,-170,-171,-152,-137,-114,-108,-107,-106,-118,-119,-117,-117,-114,-104,-85,-52,-8,23,53,86,107,116,134,154,157,144,136,126,93,86,72,62,48,24,6,-23,-53,-89,-125,-170,-213,-255,-283,-308,-321,-316,-320,-315,-311,-303,-303,-322,-320
-200,-194,-193,-178,-149,-121,-104,-105,-104,-113,-134,-149,-189,-214,-227,-244,-257,-271,-269,-279,-292,-314,-334,-350,-357,-376,-378,-369,-342,-328,-274,-229,-180,-136,-96,-65,-30,-2,28,54,80,107,138,152,165,161,142,110,57,25,-11,-41,-47,-62,-68,-89
-157,-164,-166,-160,-141,-120,-91,-54,-23,21,54,89,125,148,174,193,212,225,248,268,288,308,326,339,344,346,352,342,320,290,268,214,179,135,92,59,17,-12,-38,-54,-79,-98,-127,-151,-160,-187,-210,-224,-238,-240,-228,-209,-190,-167,-142,-132
-30,-27,-18,-15,-25,-29,-42,-55,-71,-93,-121,-148,-165,-182,-197,-200,-196,-191,-173,-150,-139,-113,-99,-85,-77,-70,-47,-35,-18,-18,-13,-12,-2,8,13,19,17,8,-3,-26,-43,-68,-96,-121,-154,-172,-190,-202,-196,-208,-204,-202,-206,-216,-228,-230
209,217,217,210,186,163,118,81,40,-1,-37,-80,-103,-140,-167,-190,-220,-229,-262,-293,-321,-352,-384,-398,-408,-420,-428,-412,-389,-365,-318,-260,-218,-170,-121,-79,-28,14,49,70,110,138,179,204,230,267,297,319,339,335,325,302,276,248,223,202
55,28,-4,-33,-33,-40,-27,-10,17,46,74,104,120,125,124,120,113,107,112,131,127,133,127,111,91,76,53,16,-55,-81,-94,-111,-98,-79,-57,-35,-19,4,33,71,105,144,182,227,282,329,366,392,396,384,371,339,315,291,283,258
91,99,106,108,91,72,44,4,-32,-77,-122,-169,-208,-238,-264,-280,-299,-307,-314,-323,-333,-345,-355,-355,-360,-361,-358,-342,-314,-301,-261,-225,-176,-132,-84,-48,-10,10,38,50,70,86,109,120,135,161,185,196,224,217,219,202,180,154,122,111
-31,-28,-22,-18,-10,-2,11,23,31,40,46,44,46,42,32,21,6,-5,-29,-50,-70,-87,-106,-116,-123,-124,-126,-122,-106,-94,-76,-55,-41,-27,-13,-3,5,3,-1,-13,-23,-37,-52,-72,-90,-109,-122,-132,-138,-136,-130,-124,-114,-102,-86,-74
51,44,36,22,3,-10,-28,-48,-62,-70,-73,-67,-69,-53,-28,-6,23,53,90,124,152,184,199,208,218,209,196,177,134,107,78,47,25,9,-8,-15,-16,-6,11,39,61,87,117,143,171,188,203,205,202,180,166,133,101,62,25,-5
109,112,108,105,104,88,72,50,29,4,-21,-48,-77,-98,-118,-133,-143,-156,-158,-156,-152,-140,-130,-105,-94,-65,-39,-17,21,40,48,52,50,50,42,33,18,3,-19,-46,-67,-88,-107,-124,-143,-154,-163,-158,-159,-138,-123,-96,-70,-41,-3,16
195,197,200,189,176,159,133,112,94,74,64,47,30,15,0,-17,-38,-60,-103,-152,-188,-231,-268,-289,-310,-326,-346,-345,-325,-312,-276,-228,-194,-153,-115,-76,-33,9,50,80,126,164,210,250,285,333,364,381,402,389,391,371,343,310,298,280
9,3,0,-6,-15,-20,-25,-30,-29,-31,-29,-22,-14,-4,10,23,37,51,66,79,90,97,101,100,98,86,74,61,34,21,7,-2,-10,-13,-17,-14,-10,-3,9,25,38,49,59,66,75,77,79,76,69,55,40,21,4,-14,-33,-47
193,197,207,197,167,142,108,85,49,4,-32,-78,-98,-131,-169,-194,-220,-233,-260,-282,-303,-321,-333,-344,-340,-343,-330,-315,-275,-261,-218,-179,-139,-98,-60,-28,-2,18,26,13,14,3,-5,-26,-51,-61,-78,-94,-94,-111,-125,-141,-165,-186,-203,-214
-174,-175,-165,-154,-149,-135,-116,-100,-85,-78,-76,-76,-69,-68,-58,-53,-38,-24,12,45,71,106,128,154,168,183,202,202,189,180,162,129,114,97,74,55,27,-2,-31,-62,-96,-125,-179,-213,-262,-290,-318,-338,-340,-348,-346,-332,-324,-313,-323,-314
162,166,171,161,145,130,111,99,80,59,45,22,6,-8,-25,-43,-63,-85,-117,-158,-192,-223,-250,-272,-289,-308,-322,-315,-300,-278,-257,-208,-180,-136,-96,-63,-21,7,40,64,95,121,155,186,197,230,252,263,274,272,255,240,209,189,164,149
-176,-184,-182,-180,-151,-136,-96,-65,-22,24,60,97,114,152,178,204,229,239,268,284,309,333,347,360,365,369,369,359,335,303,275,218,184,137,94,60,17,-14,-41,-55,-77,-92,-113,-129,-133,-159,-172,-184,-196,-185,-179,-170,-143,-114,-83,-73
76,76,84,86,62,44,21,-6,-38,-77,-111,-156,-186,-211,-238,-246,-256,-255,-253,-247,-238,-239,-228,-222,-217,-204,-191,-173,-146,-142,-114,-98,-72,-51,-24,-6,6,11,11,-5,-14,-29,-45,-64,-92,-101,-112,-118,-115,-123,-133,-137,-151,-162,-185,-190
124,124,112,104,114,106,101,96,101,111,120,139,140,146,152,149,139,116,78,45,15,-17,-37,-72,-79,-104,-122,-129,-125,-129,-119,-94,-87,-76,-64,-49,-28,-3,24,60,95,129,177,214,267,292,326,345,348,354,357,345,338,323,345,334
-127,-138,-132,-136,-129,-109,-74,-31,11,52,93,123,154,184,208,225,245,256,279,294,314,342,361,376,384,402,402,386,359,353,299,248,205,161,115,75,29,-9,-52,-78,-119,-149,-210,-243,-290,-331,-371,-395,-417,-411,-416,-390,-373,-352,-354,-335
-91,-97,-97,-97,-94,-87,-69,-56,-37,-13,8,34,49,76,103,121,137,149,158,163,160,157,149,130,119,94,68,43,2,-18,-29,-41,-43,-43,-41,-32,-18,-1,18,47,71,86,110,123,146,150,159,156,152,129,115,89,62,32,-5,-29
88,80,56,37,36,32,36,36,48,70,97,131,146,164,187,196,203,209,214,226,235,252,262,267,288,278,278,280,249,211,180,152,111,83,57,40,24,4,-16,-45,-62,-78,-96,-107,-122,-119,-104,-85,-54,-43,-21,-13,6,10,4,12
152,156,163,158,122,101,60,35,-5,-53,-97,-143,-170,-200,-232,-251,-274,-274,-285,-281,-291,-293,-289,-287,-282,-277,-259,-238,-199,-185,-157,-124,-98,-64,-36,-11,5,13,15,-2,-11,-26,-48,-69,-102,-112,-127,-138,-136,-153,-159,-167,-182,-199,-224,-228
-172,-180,-163,-158,-151,-127,-97,-57,-16,23,66,104,138,174,200,220,234,229,222,204,182,157,127,86,62,23,-24,-54,-109,-127,-136,-124,-118,-102,-80,-54,-26,-2,33,70,100,122,141,153,173,171,174,161,151,115,90,52,8,-31,-84,-111
168,155,128,102,89,62,58,51,68,84,117,149,166,185,197,200,200,192,201,202,207,217,211,204,182,166,141,104,22,-11,-39,-67,-64,-58,-42,-26,-15,3,28,63,92,130,167,208,262,302,327,346,332,321,292,259,227,198,189,152
-29,-29,-34,-35,-15,-1,23,39,69,99,130,162,181,198,214,218,220,205,186,158,133,111,91,60,50,22,-1,-20,-37,-52,-51,-47,-49,-46,-43,-38,-25,-7,17,54,87,118,163,198,252,286,312,338,342,349,353,345,337,327,337,320
30,29,31,27,9,-10,-25,-52,-79,-112,-146,-189,-214,-231,-238,-240,-228,-223,-176,-147,-110,-78,-50,-8,17,68,97,110,126,137,128,120,109,93,78,64,32,9,-31,-79,-126,-169,-225,-267,-332,-366,-409,-433,-446,-447,-445,-421,-405,-377,-366,-340
-132,-156,-178,-182,-165,-148,-117,-94,-64,-37,-14,-1,-12,-13,-15,-21,-31,-36,-22,-14,-11,-12,-16,-24,-51,-70,-85,-103,-158,-173,-166,-172,-141,-112,-76,-47,-18,9,42,79,119,153,202,240,306,354,403,432,443,446,438,412,399,375,368,346
-190,-189,-180,-172,-169,-146,-120,-83,-62,-38,-14,-6,18,28,35,48,64,80,110,137,168,194,218,236,245,263,271,263,241,235,200,166,142,113,82,62,23,0,-33,-60,-96,-133,-183,-216,-257,-296,-321,-333,-341,-337,-342,-330,-312,-301,-312,-299
150,155,147,141,130,121,100,77,56,42,28,20,10,0,-9,-21,-35,-46,-74,-96,-126,-145,-169,-183,-193,-216,-221,-220,-202,-192,-177,-139,-122,-96,-72,-51,-20,4,32,57,87,116,150,188,213,247,274,287,294,293,288,283,272,259,259,256
-17,-19,-27,-31,-13,4,21,44,74,114,147,195,212,241,262,279,277,270,251,225,207,195,181,163,148,116,94,83,70,57,43,32,13,1,-9,-19,-16,-8,5,33,55,90,119,155,199,222,247,260,260,265,272,275,282,286,308,304
-62,-60,-45,-43,-46,-50,-57,-66,-80,-100,-127,-150,-172,-186,-197,-200,-194,-193,-173,-154,-139,-115,-100,-84,-75,-58,-40,-32,-28,-23,-17,-14,-6,5,16,21,15,9,-1,-24,-39,-65,-92,-117,-146,-164,-176,-186,-175,-185,-181,-183,-186,-195,-212,-216
2,-1,-14,-15,-1,11,28,41,64,96,127,163,189,204,222,228,230,228,210,196,181,171,157,140,134,108,91,79,75,57,47,37,23,13,-5,-15,-11,-12,-1,23,36,65,83,113,145,164,178,189,185,190,194,198,204,212,227,230
-58,-49,-41,-32,-27,-29,-32,-61,-79,-109,-142,-176,-215,-235,-252,-263,-265,-287,-268,-274,-272,-272,-287,-274,-293,-289,-288,-272,-267,-253,-223,-198,-159,-121,-77,-47,-10,15,37,51,76,91,127,136,173,207,235,259,294,282,298,286,266,243,233,219
191,196,186,178,174,150,126,85,59,37,15,5,-23,-35,-39,-50,-65,-85,-112,-147,-171,-201,-227,-243,-249,-265,-273,-266,-243,-234,-201,-160,-138,-110,-85,-60,-25,1,34,66,101,138,180,220,257,292,317,333,329,331,332,318,306,296,309,297
47,51,53,53,50,45,36,23,11,-5,-19,-32,-48,-58,-69,-74,-78,-74,-67,-56,-43,-28,-11,6,23,46,60,71,81,83,78,67,56,43,29,18,5,-2,-7,-9,-8,-1,9,21,35,52,65,79,89,95,102,105,104,99,95,89
-5,-2,4,8,12,16,21,29,32,34,36,30,28,22,11,1,-11,-22,-42,-59,-73,-86,-97,-104,-108,-110,-109,-102,-85,-77,-61,-46,-34,-21,-10,-1,4,4,0,-9,-19,-32,-45,-62,-77,-90,-104,-112,-118,-118,-118,-111,-106,-97,-86,-77
190,190,187,178,167,152,135,106,90,78,63,60,45,35,23,8,-6,-32,-70,-110,-148,-180,-212,-239,-245,-277,-291,-292,-272,-265,-234,-194,-166,-132,-99,-71,-28,1,41,74,114,155,205,248,290,333,368,386,402,400,403,383,364,342,333,323
67,71,73,73,78,72,65,53,42,25,8,-17,-32,-55,-77,-98,-115,-127,-138,-146,-150,-150,-144,-131,-120,-102,-76,-54,-12,2,18,24,30,36,31,26,19,1,-16,-41,-63,-79,-98,-112,-131,-139,-147,-143,-140,-119,-99,-81,-52,-26,10,27
66,57,42,30,43,44,49,70,87,117,148,190,226,240,260,265,265,273,253,241,233,222,224,202,218,216,199,186,166,165,139,124,96,70,39,10,1,-27,-29,-16,32,-62,0,-4,-15,-25,-39,-39,-77,-59,-69,-60,-45,-21,0,7
74,76,85,83,63,38,20,-9,-41,-80,-121,-170,-200,-225,-248,-263,-261,-273,-253,-261,-238,-238,-233,-217,-216,-192,-174,-159,-143,-121,-102,-83,-60,-41,-13,-1,14,12,7,-14,-31,-50,-71,-95,-128,-138,-158,-169,-164,-174,-179,-182,-194,-202,-231,-227
161,165,167,162,139,131,109,97,77,59,48,26,26,8,-8,-30,-53,-68,-101,-135,-173,-205,-237,-255,-271,-289,-302,-297,-283,-271,-242,-198,-171,-128,-97,-59,-24,10,43,66,101,125,166,194,225,261,279,297,310,303,294,279,253,227,215,198
-7,-40,-78,-101,-96,-93,-74,-52,-22,13,35,66,67,66,58,47,34,21,22,36,32,29,14,-7,-35,-64,-88,-124,-191,-206,-209,-207,-168,-134,-94,-61,-33,3,41,89,136,183,226,278,333,366,388,397,377,350,317,271,246,215,206,169
-129,-110,-94,-75,-48,-37,-33,-57,-72,-100,-133,-159,-195,-216,-228,-239,-249,-254,-263,-274,-295,-309,-326,-330,-329,-336,-330,-307,-248,-222,-174,-128,-100,-70,-54,-41,-16,-4,5,10,18,25,31,24,-1,-23,-67,-109,-162,-188,-218,-234,-232,-232,-242,-244
146,137,129,109,88,68,64,74,88,107,133,151,182,206,221,233,245,254,256,264,277,301,316,327,329,331,333,319,286,260,218,167,133,103,75,51,24,2,-16,-39,-53,-70,-91,-100,-101,-89,-69,-41,8,31,67,86,92,99,100,115
-10,0,9,15,5,-8,-16,-36,-61,-91,-122,-164,-193,-213,-228,-240,-238,-248,-230,-227,-214,-212,-209,-202,-205,-193,-180,-169,-151,-149,-120,-117,-82,-59,-33,-16,3,13,18,11,13,5,-2,-8,-16,-13,-8,-4,14,6,6,-5,-15,-32,-54,-64
-192,-195,-202,-195,-164,-134,-98,-63,-15,33,83,133,165,201,234,262,285,302,311,328,335,355,367,365,371,360,344,331,297,267,227,186,140,106,60,32,-3,-16,-32,-16,-19,-7,-3,12,35,40,46,58,54,73,75,90,114,136,175,184
49,57,67,72,63,45,24,-9,-40,-84,-122,-165,-203,-226,-258,-273,-287,-290,-298,-300,-309,-317,-330,-331,-330,-338,-334,-328,-302,-287,-251,-214,-171,-128,-86,-51,-11,9,38,51,77,91,121,139,159,191,219,239,264,263,261,245,228,210,177,168
-47,-45,-38,-33,-28,-19,-9,9,20,32,43,48,61,60,58,55,46,40,20,5,-12,-32,-46,-63,-72,-85,-97,-99,-98,-96,-84,-71,-59,-45,-30,-17,-5,4,10,10,12,7,0,-10,-19,-30,-42,-53,-58,-69,-78,-84,-89,-93,-100,-98
79,77,67,57,51,37,16,-12,-30,-52,-71,-83,-99,-108,-108,-104,-96,-84,-61,-34,-9,20,46,70,92,114,135,141,149,150,137,114,97,79,56,35,12,-4,-21,-32,-40,-43,-44,-42,-33,-24,-16,-1,6,22,42,58,78,94,115,124
-205,-203,-181,-161,-143,-116,-99,-93,-99,-118,-145,-172,-199,-228,-247,-258,-267,-266,-281,-281,-300,-314,-322,-321,-309,-312,-295,-267,-173,-134,-90,-33,-22,-4,-5,-4,1,-5,-17,-37,-60,-88,-119,-167,-221,-276,-330,-367,-393,-403,-398,-383,-357,-336,-330,-308
-112,-116,-123,-126,-102,-83,-48,-14,27,72,113,161,189,223,251,274,287,295,296,308,309,324,333,333,335,324,315,306,275,262,225,193,150,108,73,41,4,-14,-33,-34,-46,-51,-60,-66,-56,-70,-83,-89,-105,-96,-92,-75,-49,-33,-2,11
-178,-195,-198,-195,-176,-155,-127,-109,-96,-94,-109,-120,-153,-182,-202,-227,-248,-261,-265,-270,-295,-316,-338,-356,-366,-374,-384,-367,-324,-285,-236,-174,-130,-91,-63,-39,-20,-6,6,14,9,3,-4,-30,-61,-121,-174,-226,-288,-315,-342,-349,-344,-337,-342,-338
-1,-31,-56,-78,-79,-76,-57,-25,7,47,79,102,115,127,132,128,134,125,142,157,165,176,182,174,155,136,123,97,25,-4,-29,-62,-54,-46,-31,-11,-10,10,32,57,83,109,136,180,235,290,342,381,415,432,433,420,409,395,381,380
103,99,84,79,74,74,72,74,79,90,110,130,154,159,172,175,174,168,150,125,113,104,89,83,74,67,55,49,46,45,37,41,22,14,1,-5,-6,-10,-8,5,13,30,46,58,71,76,73,67,57,57,57,63,66,77,93,101
-4,-3,1,1,-10,-19,-32,-51,-72,-96,-124,-158,-183,-196,-208,-210,-200,-204,-169,-157,-127,-107,-85,-63,-51,-19,-2,9,26,33,36,32,35,39,39,36,18,7,-14,-49,-77,-112,-150,-187,-234,-257,-291,-311,-315,-325,-328,-313,-314,-304,-321,-309
-143,-136,-118,-110,-108,-102,-93,-93,-96,-103,-118,-143,-165,-175,-187,-186,-185,-182,-162,-147,-127,-115,-105,-94,-92,-75,-68,-67,-76,-64,-61,-59,-39,-28,-8,2,8,14,13,6,-2,-17,-20,-32,-34,-36,-27,-10,7,7,13,10,4,-13,-27,-37
176,172,159,152,148,134,115,96,85,77,76,81,83,81,75,73,60,46,12,-20,-49,-72,-98,-119,-133,-155,-165,-167,-146,-149,-127,-105,-93,-75,-64,-50,-24,-2,20,53,85,119,161,198,235,261,286,301,296,300,298,290,279,275,288,286
1,0,-10,-11,-26,-22,-43,-74,-91,-115,-145,-170,-174,-190,-193,-190,-183,-166,-129,-88,-53,-15,18,46,75,123,149,160,173,170,163,133,128,107,85,63,28,-3,-37,-75,-118,-163,-204,-250,-290,-334,-362,-383,-396,-391,-384,-365,-340,-320,-293,-274
131,127,111,101,106,97,98,97,104,121,139,165,174,187,201,204,196,189,157,127,101,80,65,38,35,4,-13,-15,-6,-12,-15,-6,-15,-12,-26,-26,-15,-8,7,34,56,83,114,144,181,200,209,222,208,213,209,213,215,220,242,245
-186,-192,-183,-178,-170,-150,-118,-82,-52,-26,-5,6,24,36,43,53,66,79,108,139,165,191,215,233,236,241,251,246,222,206,178,141,120,96,75,53,25,-2,-27,-58,-86,-113,-161,-192,-230,-256,-273,-281,-273,-273,-263,-255,-246,-243,-259,-251
-99,-116,-138,-147,-139,-119,-102,-75,-46,-21,-2,14,18,11,11,0,-5,-6,2,19,20,25,18,9,-18,-46,-55,-72,-116,-135,-132,-146,-117,-93,-63,-42,-21,7,35,66,103,136,177,209,271,317,358,389,404,396,393,372,353,332,335,309
-190,-185,-179,-160,-124,-105,-87,-99,-100,-119,-146,-159,-198,-223,-241,-257,-275,-278,-284,-289,-310,-332,-351,-363,-361,-371,-368,-354,-309,-279,-233,-176,-132,-98,-72,-45,-22,-2,14,27,39,48,60,58,45,11,-30,-64,-130,-160,-194,-212,-217,-218,-231,-241
-155,-153,-148,-142,-127,-105,-77,-48,-16,14,52,87,118,143,168,189,195,210,208,213,205,202,194,175,169,149,122,100,56,39,22,11,-4,-12,-21,-21,-20,-11,8,41,67,97,135,168,217,237,269,288,296,299,302,284,273,251,239,221
27,29,29,30,9,-3,-23,-40,-68,-101,-127,-164,-175,-197,-210,-214,-210,-195,-171,-141,-112,-84,-66,-36,-21,4,34,46,68,74,76,63,66,60,53,42,26,4,-26,-63,-97,-128,-177,-212,-268,-300,-331,-356,-368,-368,-367,-353,-346,-327,-331,-313
196,198,182,172,174,152,134,104,91,78,69,65,51,48,45,36,24,0,-29,-70,-99,-130,-160,-182,-190,-214,-223,-226,-209,-199,-177,-142,-126,-99,-81,-57,-27,1,32,71,104,146,184,230,264,308,335,355,355,353,351,342,330,327,331,326
-62,-60,-47,-40,-54,-53,-70,-75,-89,-115,-142,-172,-181,-200,-216,-220,-221,-202,-182,-144,-129,-105,-87,-67,-52,-26,-3,7,10,11,17,14,17,21,25,26,18,7,-14,-43,-69,-97,-129,-167,-211,-233,-250,-264,-267,-270,-276,-277,-278,-281,-299,-296
168,172,179,173,149,126,91,57,21,-24,-61,-104,-140,-163,-197,-214,-238,-248,-267,-284,-305,-326,-340,-350,-355,-364,-356,-344,-317,-300,-260,-220,-175,-132,-88,-56,-14,11,35,44,68,76,100,108,116,135,153,159,175,167,162,146,121,95,70,54
152,144,130,118,115,105,100,95,102,116,131,161,169,186,199,203,198,201,175,156,137,123,117,105,109,104,89,83,83,90,75,78,56,40,20,7,-6,-13,-14,-10,-7,0,10,7,18,9,-7,-14,-45,-37,-50,-49,-36,-21,2,8
-179,-186,-187,-179,-165,-144,-107,-69,-38,0,32,61,89,116,136,153,172,186,217,240,272,298,324,340,345,365,374,365,334,320,282,228,192,150,107,70,28,-10,-45,-73,-113,-147,-197,-231,-269,-313,-344,-365,-382,-382,-375,-358,-341,-324,-307,-302
168,171,170,161,155,143,127,114,103,94,86,77,65,55,45,26,2,-25,-69,-113,-158,-195,-234,-263,-284,-311,-326,-330,-311,-298,-272,-223,-192,-150,-112,-77,-29,4,48,82,125,164,210,248,285,323,358,367,389,379,374,352,322,293,275,255
-175,-189,-183,-182,-169,-151,-111,-60,-19,23,52,81,110,141,158,176,198,204,240,269,300,327,352,375,378,386,401,395,364,337,300,231,198,162,114,77,35,-10,-54,-85,-129,-173,-225,-281,-312,-372,-410,-427,-431,-434,-420,-410,-400,-387,-380,-377
73,66,59,47,29,12,-7,-33,-47,-62,-73,-77,-84,-77,-56,-37,-11,16,54,91,122,156,181,198,212,207,203,191,155,134,102,73,45,24,6,-4,-11,-8,5,32,53,80,108,136,165,188,204,212,210,198,183,154,125,91,60,30
139,162,189,197,171,163,125,105,84,73,61,51,74,91,97,126,148,163,159,144,160,177,195,218,239,270,288,307,332,320,299,260,209,163,110,71,35,-1,-42,-89,-130,-174,-208,-255,-280,-302,-303,-280,-243,-200,-161,-126,-96,-79,-61,-31
-158,-157,-148,-138,-137,-120,-112,-91,-81,-76,-68,-77,-67,-64,-61,-53,-35,-22,11,38,67,104,122,149,157,184,195,196,186,177,156,129,111,93,73,55,23,-2,-31,-61,-93,-128,-175,-206,-252,-284,-310,-331,-332,-335,-332,-323,-309,-300,-310,-296
-199,-192,-176,-154,-134,-110,-94,-92,-101,-116,-142,-168,-202,-231,-245,-262,-268,-275,-283,-293,-311,-329,-340,-345,-340,-339,-334,-308,-239,-201,-155,-98,-71,-46,-31,-20,-10,-4,-3,-10,-23,-34,-50,-82,-119,-174,-232,-276,-327,-348,-367,-368,-355,-347,-345,-344
15,15,11,14,-4,-14,-34,-55,-82,-114,-139,-172,-180,-204,-210,-217,-205,-196,-163,-132,-98,-71,-44,-8,9,50,80,93,102,110,105,90,88,79,65,56,28,5,-33,-70,-106,-144,-196,-236,-288,-321,-363,-384,-398,-397,-396,-376,-363,-340,-340,-321
185,188,180,172,162,147,121,96,77,61,50,44,38,24,17,1,-20,-30,-67,-105,-135,-166,-195,-219,-223,-247,-262,-257,-245,-236,-212,-166,-148,-119,-90,-62,-29,-3,33,67,104,141,192,230,273,310,339,362,365,375,369,356,344,331,326,318
56,85,107,125,112,107,80,63,31,2,-19,-39,-34,-33,-35,-25,-14,0,-13,-21,-22,-21,-11,-4,16,28,49,73,141,142,153,150,126,100,66,39,18,-10,-36,-74,-111,-148,-187,-235,-279,-336,-370,-390,-393,-385,-367,-347,-324,-308,-298,-279
-166,-186,-198,-200,-172,-153,-121,-110,-94,-86,-94,-95,-127,-150,-172,-193,-212,-227,-232,-233,-247,-271,-293,-318,-330,-350,-365,-366,-350,-326,-279,-226,-177,-132,-93,-58,-33,-4,26,49,66,83,95,92,93,64,24,-22,-84,-124,-163,-198,-206,-213,-226,-242
153,171,187,187,165,145,111,104,79,61,51,46,75,83,89,104,105,124,113,112,118,120,139,144,173,190,210,221,249,244,231,211,172,138,92,60,26,-3,-44,-82,-120,-154,-204,-245,-294,-328,-356,-367,-354,-340,-316,-283,-262,-244,-240,-215
177,179,166,153,156,134,122,101,96,88,90,99,94,103,103,95,82,69,36,0,-23,-55,-76,-96,-103,-128,-141,-143,-126,-128,-111,-89,-81,-66,-59,-44,-22,-4,21,48,80,113,153,189,228,258,275,289,279,286,281,275,269,268,286,280
197,185,178,155,112,101,86,97,107,134,165,186,224,256,268,292,307,314,324,326,342,367,392,412,406,420,423,395,340,306,256,189,147,108,79,54,25,2,-19,-36,-49,-61,-75,-75,-59,-36,1,45,111,143,185,205,209,214,220,238
210,209,195,185,187,160,137,103,84,67,51,51,31,28,20,11,-2,-27,-56,-95,-125,-157,-184,-205,-210,-231,-238,-239,-218,-211,-181,-150,-130,-101,-82,-59,-26,0,32,64,100,140,186,224,268,303,328,343,347,341,339,328,314,306,326,314
-177,-178,-167,-160,-156,-138,-126,-101,-87,-78,-68,-67,-53,-51,-46,-34,-19,2,33,73,107,136,163,187,198,217,231,233,221,209,190,154,135,107,84,59,28,-1,-34,-71,-106,-144,-186,-233,-270,-311,-343,-359,-367,-365,-362,-352,-340,-325,-327,-323
182,175,175,156,124,103,92,99,108,119,145,157,200,224,238,254,265,277,274,284,291,317,335,353,362,367,378,368,349,326,279,231,180,141,102,70,31,3,-35,-65,-97,-132,-168,-198,-214,-229,-222,-207,-171,-139,-109,-85,-75,-63,-50,-33
53,55,52,52,51,44,35,22,9,-4,-17,-31,-42,-55,-63,-70,-74,-79,-73,-68,-60,-51,-40,-22,-13,6,20,32,50,55,56,52,46,39,29,20,9,-1,-11,-22,-28,-31,-31,-29,-26,-21,-14,-4,2,17,26,38,48,60,76,79
-51,-61,-68,-71,-57,-44,-21,10,48,79,121,163,193,222,241,255,267,280,281,286,295,307,319,316,322,313,312,306,286,267,231,197,161,120,78,48,9,-17,-39,-52,-75,-93,-110,-132,-143,-172,-198,-210,-239,-232,-229,-217,-196,-176,-150,-145
-82,-89,-91,-90,-96,-87,-78,-58,-42,-19,5,29,60,83,109,132,144,161,161,169,158,150,139,113,95,58,27,2,-41,-64,-70,-75,-71,-62,-53,-38,-21,-3,21,49,71,83,91,96,102,93,90,75,60,34,8,-20,-48,-77,-113,-131
47,56,62,64,44,27,4,-16,-43,-80,-107,-149,-174,-195,-218,-226,-237,-232,-233,-222,-222,-210,-207,-195,-193,-186,-169,-153,-125,-125,-99,-89,-64,-40,-23,-5,9,10,14,-3,-6,-24,-37,-54,-76,-88,-95,-102,-92,-106,-105,-110,-123,-139,-156,-163
-29,-35,-38,-41,-46,-47,-45,-43,-42,-34,-24,-10,1,18,36,52,67,82,97,112,123,130,131,130,124,114,98,84,52,37,22,8,-2,-9,-13,-13,-14,-5,10,30,46,65,80,96,116,129,139,141,140,126,114,97,76,58,31,13
-136,-111,-90,-65,-45,-33,-28,-45,-61,-89,-123,-150,-189,-204,-215,-221,-226,-231,-235,-252,-264,-277,-291,-289,-282,-282,-266,-240,-162,-133,-88,-51,-36,-17,-16,-13,-5,-9,-12,-22,-33,-46,-68,-94,-139,-187,-238,-285,-331,-352,-361,-358,-350,-343,-340,-335
124,151,166,172,165,147,118,98,78,65,61,62,94,112,127,150,166,186,183,191,205,229,255,276,300,325,344,340,340,326,281,231,182,139,96,65,31,2,-27,-53,-74,-100,-111,-119,-113,-89,-53,-7,54,98,143,170,188,197,209,230
-74,-78,-75,-73,-75,-64,-53,-32,-12,7,27,47,63,83,96,104,108,109,99,89,69,51,31,4,-11,-39,-59,-77,-98,-104,-97,-90,-75,-60,-43,-26,-11,1,14,23,29,26,14,2,-11,-27,-44,-63,-74,-91,-107,-118,-124,-127,-142,-137
24,35,41,50,59,64,69,62,59,46,37,15,-8,-31,-56,-84,-110,-129,-152,-170,-179,-183,-183,-173,-161,-130,-102,-76,-27,-1,18,32,40,44,41,34,20,1,-20,-49,-73,-93,-108,-120,-128,-132,-130,-119,-107,-79,-52,-17,14,46,83,107
203,205,202,188,165,136,115,109,108,117,133,148,183,211,226,247,262,271,276,279,296,319,346,354,369,378,384,370,339,310,261,206,158,121,85,56,28,0,-26,-44,-58,-75,-87,-88,-83,-56,-24,16,77,114,155,179,186,191,199,217
118,126,132,132,116,97,64,25,-19,-63,-110,-149,-179,-212,-237,-262,-282,-293,-310,-327,-340,-364,-385,-398,-407,-406,-411,-397,-377,-355,-310,-262,-212,-163,-116,-75,-24,14,52,71,114,144,187,222,252,298,333,365,386,379,380,355,340,315,295,280
-140,-151,-168,-170,-147,-129,-104,-94,-65,-48,-44,-31,-53,-58,-65,-71,-78,-92,-81,-74,-76,-76,-87,-99,-116,-137,-150,-161,-185,-198,-182,-171,-141,-107,-78,-47,-20,9,39,70,104,134,176,213,261,302,328,348,349,341,324,299,287,272,263,245
-153,-163,-155,-155,-145,-129,-95,-52,-17,18,46,76,96,119,135,152,169,177,204,229,255,280,302,317,324,334,344,331,306,288,255,207,175,136,101,67,27,-7,-42,-71,-110,-145,-193,-234,-273,-319,-346,-363,-373,-369,-366,-353,-340,-327,-329,-318
-69,-73,-83,-85,-70,-53,-24,8,44,88,124,172,205,230,260,274,286,294,294,305,303,316,323,322,324,315,312,296,278,262,226,192,152,116,73,44,5,-14,-37,-44,-56,-67,-84,-94,-90,-115,-132,-141,-165,-156,-158,-146,-124,-100,-74,-66
168,169,176,167,143,114,80,47,4,-42,-86,-135,-167,-195,-230,-252,-266,-285,-295,-309,-317,-328,-336,-339,-343,-336,-323,-307,-276,-254,-219,-180,-142,-104,-63,-34,-5,15,28,22,23,13,15,1,-8,-11,-15,-15,-6,-21,-22,-44,-66,-89,-110,-129
201,204,196,180,162,134,116,108,110,121,141,156,189,217,236,256,270,275,283,289,306,328,346,361,363,377,377,357,313,279,226,171,127,95,67,45,22,5,-12,-17,-24,-25,-30,-14,9,52,97,147,209,242,269,283,283,286,293,294
182,181,163,154,153,139,124,104,99,94,98,107,101,107,108,108,102,81,53,21,-10,-30,-53,-71,-80,-103,-116,-116,-99,-99,-85,-62,-64,-51,-48,-39,-22,-6,16,46,68,101,133,170,197,229,239,248,237,238,235,234,229,232,248,250
-28,-27,-22,-18,-11,-4,3,15,21,27,33,33,38,34,27,20,9,2,-15,-29,-44,-57,-70,-76,-83,-87,-89,-84,-73,-66,-54,-41,-31,-19,-9,-1,3,4,0,-8,-15,-25,-39,-51,-64,-74,-84,-90,-93,-94,-92,-84,-77,-66,-57,-46
-72,-78,-79,-78,-83,-73,-64,-44,-26,-6,16,37,64,83,101,116,123,133,127,125,111,94,76,51,33,-1,-27,-47,-78,-92,-92,-88,-77,-65,-50,-34,-15,1,17,35,44,46,45,38,29,16,0,-18,-30,-54,-75,-91,-107,-123,-144,-147
-36,-33,-27,-22,-18,-9,1,17,25,34,41,42,52,48,41,34,22,12,-9,-25,-43,-62,-79,-91,-99,-106,-111,-110,-101,-94,-79,-63,-50,-35,-20,-9,-1,5,5,-2,-7,-18,-30,-46,-60,-75,-88,-99,-104,-110,-112,-110,-109,-104,-99,-91
-52,-67,-79,-91,-97,-88,-66,-25,3,40,67,91,108,124,128,137,145,143,160,175,195,210,224,227,220,217,212,190,143,118,86,46,38,28,24,23,7,10,7,4,5,2,-1,7,31,52,91,132,173,192,212,213,216,215,215,216
72,71,60,58,68,68,81,82,98,115,137,160,170,183,193,194,180,164,129,95,65,33,8,-22,-30,-52,-79,-86,-105,-104,-99,-79,-79,-71,-61,-51,-25,-3,22,58,93,130,181,217,277,306,341,362,370,373,378,365,356,345,361,350
-155,-167,-182,-184,-167,-144,-120,-102,-79,-60,-52,-40,-53,-64,-70,-84,-91,-102,-90,-84,-78,-86,-93,-105,-120,-129,-142,-159,-207,-206,-200,-190,-150,-118,-81,-48,-22,7,38,75,117,153,193,240,285,332,372,390,398,382,375,356,334,319,310,293
-97,-95,-100,-93,-95,-90,-90,-93,-94,-100,-101,-109,-105,-106,-99,-87,-73,-44,-7,37,68,117,145,181,201,229,248,254,251,242,219,186,158,128,98,68,29,-4,-40,-75,-113,-150,-192,-227,-262,-294,-327,-341,-352,-348,-338,-317,-291,-264,-239,-223
33,39,46,51,53,54,56,63,60,55,49,31,29,10,-13,-34,-58,-77,-106,-135,-156,-176,-194,-199,-206,-201,-194,-182,-147,-135,-104,-80,-58,-35,-17,-1,10,7,0,-19,-35,-55,-82,-107,-143,-168,-190,-209,-218,-217,-218,-212,-203,-188,-178,-161
-62,-70,-77,-77,-69,-50,-29,5,37,74,114,154,190,213,238,252,259,275,279,286,290,302,309,307,319,317,310,296,267,259,220,198,156,113,73,41,9,-16,-36,-46,-64,-73,-98,-105,-126,-147,-169,-182,-205,-200,-201,-188,-167,-142,-122,-112
-118,-117,-111,-102,-91,-68,-42,-6,21,50,77,93,122,128,126,117,101,86,44,8,-31,-71,-108,-143,-168,-198,-211,-213,-202,-189,-162,-126,-97,-66,-37,-14,2,7,4,-10,-25,-51,-84,-116,-147,-179,-205,-224,-230,-234,-230,-214,-193,-162,-141,-114
-178,-184,-171,-166,-166,-142,-113,-72,-38,-10,20,33,60,76,91,101,118,139,164,190,220,250,272,287,299,315,321,314,287,273,239,196,165,132,98,69,26,-1,-38,-71,-108,-144,-195,-233,-273,-309,-341,-360,-365,-368,-361,-345,-333,-320,-322,-319
173,176,169,161,153,131,108,75,49,22,1,-15,-35,-46,-61,-73,-89,-110,-132,-165,-190,-219,-242,-256,-268,-279,-286,-278,-260,-246,-215,-182,-152,-118,-89,-59,-25,2,37,65,101,133,176,214,247,284,314,329,343,334,339,323,312,289,298,284
-86,-81,-64,-57,-60,-63,-66,-80,-96,-121,-150,-183,-210,-233,-246,-258,-258,-255,-237,-215,-202,-190,-177,-168,-170,-161,-148,-135,-126,-119,-107,-98,-69,-52,-24,-3,7,12,20,3,7,-10,-9,-28,-33,-34,-26,-22,-3,-8,2,-6,-14,-35,-62,-66
-104,-103,-109,-106,-85,-58,-32,0,31,75,115,163,195,218,245,260,264,270,261,251,238,235,222,212,195,167,147,131,108,88,72,53,26,17,0,-11,-17,-12,-1,30,52,85,108,146,185,219,236,257,259,272,276,277,289,290,296,300
13,18,29,31,16,4,-12,-33,-56,-91,-123,-156,-189,-208,-225,-234,-239,-240,-233,-220,-217,-206,-197,-185,-184,-169,-156,-141,-130,-115,-101,-88,-66,-42,-18,-1,5,13,13,-4,-8,-25,-36,-54,-73,-79,-85,-93,-77,-90,-88,-94,-104,-122,-142,-149
191,192,187,180,166,154,120,94,71,45,29,14,6,-11,-27,-41,-68,-82,-119,-148,-186,-215,-246,-263,-275,-306,-308,-305,-284,-277,-245,-201,-174,-134,-100,-70,-24,7,40,69,106,143,192,223,264,307,332,355,369,365,365,349,330,307,306,292
161,167,161,154,148,127,95,63,31,5,-22,-40,-52,-70,-85,-101,-115,-132,-155,-178,-202,-229,-251,-265,-271,-283,-291,-284,-264,-250,-218,-178,-151,-116,-87,-60,-25,5,36,63,96,128,175,208,246,285,309,328,332,331,327,316,303,291,296,285
-190,-195,-196,-186,-172,-158,-140,-121,-103,-89,-78,-57,-46,-30,-11,8,29,59,100,151,195,238,280,310,328,347,363,368,348,333,297,247,207,162,122,78,35,-11,-53,-87,-132,-168,-213,-250,-285,-325,-360,-376,-392,-384,-377,-349,-320,-283,-263,-244
38,71,97,118,120,113,94,73,47,27,17,4,23,44,56,78,101,120,120,125,142,168,194,219,248,281,304,316,329,318,285,247,190,147,99,67,31,5,-26,-58,-84,-105,-117,-118,-116,-85,-41,12,80,122,169,204,218,233,240,257
95,98,104,100,90,68,44,12,-21,-59,-97,-139,-176,-197,-219,-232,-244,-265,-263,-277,-280,-290,-300,-301,-308,-297,-291,-276,-263,-240,-210,-179,-142,-107,-66,-41,-8,14,31,38,51,53,68,68,80,91,105,114,130,125,123,110,88,66,46,35
-102,-125,-144,-152,-136,-122,-95,-77,-51,-32,-18,-3,-8,-13,-21,-30,-40,-51,-43,-29,-32,-31,-37,-52,-68,-85,-97,-116,-160,-167,-164,-157,-129,-101,-69,-43,-19,4,33,71,105,141,173,215,256,303,332,349,354,337,328,308,293,277,264,246
-45,-55,-56,-59,-68,-66,-62,-52,-44,-33,-18,1,20,41,64,83,104,119,133,144,151,152,149,139,129,109,83,61,19,-2,-16,-26,-35,-36,-34,-28,-16,-3,16,41,63,81,96,108,122,126,130,120,116,93,76,51,25,-3,-41,-58
-106,-103,-96,-83,-71,-51,-28,6,33,59,80,93,110,116,109,102,84,61,25,-12,-50,-88,-120,-150,-176,-194,-208,-204,-188,-175,-147,-117,-88,-60,-31,-12,6,7,3,-11,-25,-48,-80,-110,-142,-172,-196,-214,-223,-220,-222,-207,-185,-160,-137,-111
-212,-218,-215,-201,-186,-162,-136,-101,-70,-36,-9,20,42,66,89,115,139,156,192,228,264,302,326,347,363,385,397,382,356,346,300,253,209,162,114,73,28,-9,-49,-76,-108,-138,-178,-205,-240,-270,-300,-317,-337,-327,-322,-302,-267,-243,-222,-198
208,216,216,205,185,163,130,96,61,29,-3,-30,-56,-81,-104,-125,-152,-172,-206,-248,-276,-314,-341,-361,-371,-381,-392,-382,-360,-338,-298,-248,-206,-160,-113,-70,-23,13,49,77,113,142,178,212,238,273,300,316,336,326,322,304,274,242,219,199
-76,-80,-88,-85,-68,-50,-24,-4,27,64,97,136,160,186,207,223,233,234,238,229,231,232,232,230,227,216,210,194,174,158,137,111,85,61,32,13,-3,-12,-17,-7,-6,5,9,20,37,38,42,48,42,43,47,59,73,89,109,116
-184,-180,-169,-159,-157,-142,-123,-105,-93,-87,-88,-95,-92,-92,-89,-84,-73,-62,-22,6,38,60,89,102,117,150,157,160,139,135,121,91,87,71,62,49,24,6,-20,-52,-83,-123,-158,-196,-228,-260,-279,-290,-289,-288,-287,-281,-276,-277,-284,-284
125,130,134,135,115,94,64,29,-9,-44,-82,-121,-152,-181,-202,-221,-236,-253,-261,-281,-290,-312,-326,-328,-337,-332,-331,-318,-299,-279,-239,-209,-167,-125,-85,-53,-14,11,37,51,74,93,115,129,145,174,192,206,231,218,220,202,176,156,132,118
103,110,118,113,95,78,49,25,-4,-41,-74,-107,-125,-156,-179,-193,-211,-213,-227,-232,-244,-251,-262,-262,-262,-264,-258,-248,-224,-213,-184,-153,-124,-91,-57,-32,-8,13,27,32,43,45,56,56,56,75,80,85,100,90,85,77,57,38,20,8
155,152,144,127,113,95,83,70,72,83,101,133,146,169,191,205,211,214,222,228,238,254,270,271,287,273,273,277,229,185,145,116,74,53,38,25,18,7,-2,-12,-7,-6,6,18,43,76,116,152,202,219,237,240,249,247,242,240
-82,-89,-99,-103,-77,-63,-31,1,33,77,119,165,198,229,258,276,287,297,295,305,311,317,329,324,326,317,311,306,288,260,227,194,152,117,72,41,6,-15,-34,-42,-57,-71,-80,-94,-88,-110,-130,-140,-162,-150,-146,-132,-112,-89,-48,-46
57,57,50,43,37,24,13,-9,-22,-36,-49,-56,-69,-71,-67,-62,-50,-42,-19,0,20,45,63,85,96,108,120,123,117,117,98,82,66,49,31,16,3,-5,-9,-7,-4,5,18,32,48,61,79,92,99,112,118,120,123,120,122,117
-89,-87,-78,-73,-83,-79,-81,-84,-89,-100,-114,-137,-148,-151,-154,-148,-135,-125,-92,-58,-27,5,31,56,70,90,114,120,126,126,114,95,89,75,65,52,25,6,-23,-55,-88,-126,-172,-207,-257,-286,-317,-339,-343,-349,-353,-338,-331,-317,-325,-314
111,136,163,173,155,136,111,96,73,54,47,36,51,72,82,103,122,131,135,128,144,159,182,206,226,245,271,287,316,293,277,239,195,150,104,64,36,2,-37,-80,-112,-149,-175,-207,-230,-241,-229,-200,-151,-113,-75,-40,-18,4,13,47
178,184,191,183,162,141,119,102,73,47,19,-15,-38,-62,-90,-111,-135,-158,-195,-225,-257,-289,-313,-329,-343,-358,-353,-345,-317,-298,-263,-212,-177,-131,-87,-51,-12,14,36,39,58,66,75,76,73,78,86,75,86,64,55,30,-1,-27,-57,-75
180,177,168,152,126,109,87,90,89,101,122,140,180,201,218,230,243,251,259,267,283,302,318,326,322,325,325,310,259,220,179,125,95,66,46,34,12,4,-5,-7,-6,-6,1,20,48,87,131,178,233,257,278,286,283,283,284,285
184,191,184,181,176,154,122,70,35,-3,-31,-53,-90,-103,-118,-132,-149,-168,-192,-228,-255,-280,-312,-328,-335,-349,-357,-344,-321,-299,-262,-213,-180,-140,-108,-77,-31,2,38,75,117,163,211,257,296,343,367,385,393,387,380,368,356,348,348,336
-62,-64,-66,-67,-66,-75,-78,-92,-100,-116,-132,-148,-163,-167,-166,-159,-143,-120,-84,-39,3,38,78,106,128,166,190,201,209,203,193,158,144,121,92,68,27,1,-36,-76,-119,-165,-214,-259,-303,-345,-379,-399,-410,-413,-407,-390,-366,-342,-324,-309
-86,-84,-80,-78,-58,-39,-10,14,49,87,119,167,182,208,227,239,240,233,211,192,169,152,133,107,90,51,26,9,-10,-24,-34,-34,-43,-38,-41,-37,-25,-9,17,54,93,128,166,203,258,290,322,345,357,356,362,348,345,332,328,313
-143,-139,-126,-116,-125,-113,-112,-100,-111,-121,-133,-157,-157,-173,-178,-178,-172,-151,-120,-82,-51,-24,3,28,39,69,85,95,86,97,84,66,66,57,52,45,22,10,-18,-53,-84,-121,-164,-207,-249,-278,-303,-324,-320,-325,-327,-320,-312,-313,-337,-329
22,24,29,26,36,39,54,65,80,98,115,135,145,153,156,152,139,117,83,50,12,-20,-48,-82,-96,-129,-152,-162,-168,-169,-157,-133,-121,-98,-80,-57,-24,1,35,69,109,145,182,219,260,294,322,336,350,343,342,320,299,276,259,241
-92,-93,-83,-77,-65,-51,-31,-1,22,44,66,78,94,103,106,105,99,79,59,28,2,-30,-56,-85,-103,-126,-143,-153,-155,-152,-136,-112,-93,-65,-44,-23,-5,5,13,13,11,2,-19,-37,-57,-82,-101,-125,-136,-148,-157,-161,-165,-164,-164,-157
-29,-39,-43,-52,-58,-65,-61,-59,-51,-41,-28,-9,6,33,60,85,109,124,148,162,171,177,172,163,150,122,94,70,25,2,-17,-33,-39,-40,-38,-32,-19,-2,18,46,69,85,102,113,122,128,126,116,107,80,54,20,-8,-44,-72,-98
192,192,178,167,160,146,136,114,106,100,104,108,101,104,102,98,82,68,26,-8,-50,-75,-110,-132,-147,-180,-197,-198,-177,-174,-151,-120,-115,-91,-77,-60,-29,0,33,69,107,146,192,241,282,326,353,370,371,376,368,361,356,347,354,352
82,83,67,61,65,64,71,70,85,98,120,142,150,168,178,183,183,169,153,127,109,96,78,66,64,53,38,30,20,23,14,17,7,-1,-9,-12,-15,-7,-1,17,29,49,70,89,117,131,139,140,131,136,136,137,142,152,168,172
93,95,99,97,74,55,23,0,-30,-73,-108,-146,-167,-195,-223,-236,-240,-246,-241,-231,-224,-217,-211,-198,-191,-164,-148,-129,-118,-99,-78,-65,-43,-25,-9,7,11,6,2,-20,-35,-57,-80,-112,-142,-161,-181,-197,-193,-209,-207,-216,-222,-231,-246,-251
57,58,55,52,52,41,32,16,2,-13,-27,-40,-53,-62,-69,-72,-73,-72,-63,-53,-41,-27,-12,5,17,34,48,59,71,74,69,60,51,42,31,17,7,-2,-10,-17,-22,-21,-16,-11,-3,7,18,29,35,49,59,65,73,80,92,91
-162,-171,-167,-165,-146,-133,-95,-69,-38,-12,14,35,52,69,89,99,123,131,162,187,214,240,263,279,282,294,305,304,283,260,236,188,163,127,90,60,25,-8,-38,-66,-99,-129,-172,-205,-236,-279,-307,-320,-330,-333,-323,-316,-297,-286,-275,-269
-173,-186,-180,-173,-163,-139,-118,-98,-94,-97,-115,-132,-158,-187,-211,-226,-242,-248,-254,-262,-276,-295,-312,-318,-320,-328,-322,-301,-233,-199,-149,-98,-70,-42,-28,-20,-11,-7,-8,-20,-30,-47,-75,-106,-155,-210,-261,-303,-336,-351,-356,-350,-329,-313,-305,-285
-200,-196,-180,-169,-168,-148,-129,-99,-82,-71,-62,-66,-64,-58,-55,-47,-31,-19,10,44,70,106,127,148,155,164,180,178,165,159,138,108,93,78,62,47,25,5,-18,-44,-74,-108,-157,-190,-229,-254,-273,-289,-275,-285,-280,-269,-261,-261,-277,-270
45,38,31,22,6,-6,-23,-39,-52,-62,-68,-65,-63,-56,-40,-21,3,28,59,96,123,152,173,187,197,191,190,179,150,128,100,71,49,29,8,-1,-10,-7,4,25,45,69,94,120,149,176,193,205,211,202,194,177,155,129,99,77
194,192,181,168,166,147,120,97,71,49,39,31,30,14,4,-9,-32,-49,-75,-113,-146,-178,-205,-225,-237,-251,-266,-258,-241,-234,-204,-170,-148,-117,-88,-64,-27,2,35,70,104,138,193,229,271,309,339,357,364,363,364,350,332,317,330,315
-192,-198,-189,-182,-172,-154,-121,-88,-54,-30,-14,-3,11,22,33,42,63,70,99,129,158,189,210,224,232,239,254,246,228,213,184,143,125,103,78,54,26,-4,-29,-56,-90,-124,-170,-200,-242,-277,-295,-309,-303,-302,-296,-284,-275,-272,-285,-274
177,192,198,197,176,157,126,115,104,108,119,124,156,181,203,223,245,258,267,265,285,311,335,349,356,374,381,369,331,299,250,188,147,105,76,51,25,3,-11,-26,-37,-38,-33,-23,1,40,97,148,213,244,277,293,293,299,300,307
214,219,215,203,197,168,133,83,44,6,-31,-61,-95,-120,-138,-159,-184,-209,-231,-272,-298,-330,-364,-385,-395,-414,-416,-408,-375,-363,-319,-268,-221,-169,-120,-82,-26,6,50,80,125,164,222,257,307,349,385,413,431,422,433,408,384,353,354,334
-66,-66,-70,-68,-53,-35,-8,11,40,75,110,150,173,199,215,229,233,232,221,212,202,192,183,168,163,151,130,117,87,79,59,52,32,17,-1,-6,-10,-12,0,17,37,57,85,106,148,161,182,194,192,205,211,211,218,219,239,243
-133,-112,-77,-48,-39,-22,-28,-30,-53,-84,-114,-148,-159,-177,-190,-190,-189,-179,-188,-196,-203,-206,-204,-194,-173,-148,-127,-94,-14,20,44,73,70,62,43,24,16,-10,-33,-65,-103,-136,-170,-222,-276,-325,-367,-387,-395,-384,-367,-341,-312,-284,-281,-255
-40,-37,-34,-29,-19,-11,-2,12,21,29,36,38,44,42,33,23,12,0,-19,-38,-55,-68,-81,-90,-98,-99,-96,-93,-75,-65,-52,-36,-25,-12,-4,1,6,3,-3,-14,-25,-38,-52,-66,-76,-89,-96,-99,-100,-93,-84,-73,-59,-43,-27,-12
-145,-150,-155,-148,-138,-128,-120,-111,-102,-90,-82,-72,-57,-47,-33,-11,12,38,85,128,168,210,243,278,294,317,336,339,318,306,273,225,189,150,109,68,27,-8,-48,-74,-109,-138,-172,-197,-226,-250,-277,-285,-296,-286,-277,-250,-216,-184,-155,-131
-36,-33,-15,-10,-7,6,23,54,66,83,98,109,126,124,116,104,85,68,26,-12,-49,-93,-125,-156,-181,-207,-230,-235,-235,-236,-206,-177,-146,-113,-81,-49,-19,6,30,49,63,73,82,81,87,81,75,67,65,45,22,-1,-31,-61,-92,-107
69,71,77,71,47,26,1,-25,-65,-107,-146,-199,-216,-251,-271,-286,-286,-287,-267,-250,-228,-216,-202,-177,-170,-135,-111,-88,-70,-55,-39,-30,-10,2,15,21,21,9,-6,-41,-68,-101,-135,-178,-230,-250,-281,-302,-307,-320,-324,-316,-329,-325,-345,-335
-191,-200,-207,-198,-172,-147,-123,-113,-105,-105,-113,-120,-141,-172,-186,-204,-219,-232,-232,-234,-245,-264,-291,-305,-324,-329,-350,-343,-343,-326,-281,-236,-191,-149,-104,-67,-33,2,38,69,99,129,163,186,205,210,193,173,123,91,54,25,11,-5,-17,-40
155,175,186,189,174,158,124,107,90,79,86,94,128,147,167,190,209,228,227,232,250,274,300,318,339,362,376,369,343,327,271,219,166,129,88,62,27,3,-19,-38,-51,-56,-69,-63,-44,-2,43,89,164,199,240,257,263,268,281,287
89,84,71,61,65,63,64,70,80,95,117,145,159,172,186,193,189,194,170,159,143,135,126,113,118,108,98,86,86,80,70,67,46,32,12,-4,-4,-12,-14,-3,-3,6,16,26,36,31,25,27,2,10,4,8,14,28,51,52
79,83,84,84,80,72,63,54,44,26,10,-13,-29,-45,-67,-84,-99,-114,-129,-146,-152,-160,-165,-160,-159,-145,-132,-118,-83,-71,-49,-35,-18,-4,4,9,11,7,-5,-27,-46,-68,-89,-114,-142,-161,-180,-192,-199,-202,-197,-184,-176,-160,-139,-124
187,202,197,189,181,154,130,108,105,107,126,144,178,202,227,247,264,270,278,284,307,327,343,361,360,370,367,346,289,250,196,134,97,68,44,32,15,8,4,7,21,33,51,82,125,185,242,288,339,357,375,373,359,346,345,332
206,207,216,211,169,151,108,84,38,-8,-45,-96,-112,-151,-187,-215,-246,-253,-285,-297,-324,-343,-353,-361,-366,-371,-368,-342,-305,-286,-246,-198,-161,-116,-73,-35,-7,14,30,25,30,22,19,7,-9,-13,-22,-30,-27,-45,-55,-73,-101,-126,-154,-169
107,114,123,123,117,111,104,99,79,61,40,0,-29,-51,-90,-118,-150,-173,-207,-235,-258,-276,-289,-288,-280,-260,-243,-218,-174,-138,-110,-71,-46,-20,3,13,21,11,-8,-42,-72,-112,-145,-188,-228,-269,-305,-325,-334,-331,-323,-306,-294,-273,-231,-210
-24,-31,-41,-46,-47,-50,-57,-64,-66,-60,-59,-45,-38,-26,-6,17,41,60,94,123,149,174,193,206,215,214,215,209,180,157,131,103,73,52,27,10,-6,-7,-5,10,22,44,65,92,125,151,174,193,204,212,218,214,214,207,196,185
-160,-162,-159,-155,-139,-125,-97,-72,-44,-17,7,30,53,69,85,101,118,134,160,186,207,239,255,273,280,288,296,297,272,255,229,184,159,121,90,57,23,-7,-37,-62,-87,-116,-149,-183,-197,-236,-259,-274,-287,-278,-280,-265,-249,-229,-210,-205
-176,-172,-159,-150,-130,-104,-64,-25,21,67,105,150,181,212,230,245,252,244,222,196,169,141,111,70,46,4,-34,-63,-101,-120,-122,-112,-106,-92,-79,-56,-32,0,36,77,114,152,188,214,258,280,304,307,316,287,281,241,204,167,119,86
-200,-202,-206,-189,-167,-140,-118,-114,-107,-108,-125,-138,-178,-199,-210,-231,-241,-261,-253,-265,-275,-300,-317,-336,-348,-366,-370,-363,-344,-328,-271,-234,-180,-135,-97,-63,-31,-1,27,52,78,107,136,142,150,148,123,89,34,-1,-42,-72,-79,-91,-105,-122
169,149,136,112,90,67,69,80,100,125,163,190,221,254,271,287,298,300,307,321,333,358,374,383,386,389,386,363,307,273,217,160,123,95,70,50,20,7,-10,-20,-24,-32,-48,-34,-15,14,53,101,162,192,229,251,247,244,254,260
-170,-176,-183,-176,-150,-123,-87,-47,-4,46,89,133,171,206,232,252,274,289,307,327,342,367,386,390,399,394,396,377,353,331,287,237,195,147,99,61,19,-14,-46,-54,-80,-100,-119,-136,-143,-172,-194,-201,-228,-212,-213,-191,-163,-135,-104,-90
131,161,178,188,183,164,137,115,93,78,77,74,101,131,148,177,198,222,223,229,248,276,305,331,350,369,401,400,393,361,312,253,197,150,106,70,38,5,-23,-54,-73,-92,-92,-91,-77,-42,11,69,141,193,232,261,275,284,291,307
142,148,143,144,134,113,89,47,20,-17,-49,-80,-112,-131,-149,-165,-183,-196,-216,-237,-263,-283,-304,-316,-323,-336,-340,-332,-308,-290,-258,-211,-176,-137,-98,-65,-21,12,41,65,100,128,173,205,232,273,306,327,340,338,334,316,301,284,271,264
157,157,165,158,130,112,78,57,20,-16,-49,-90,-106,-132,-164,-178,-202,-218,-231,-246,-258,-272,-285,-287,-294,-287,-279,-266,-242,-222,-191,-154,-124,-88,-55,-29,-3,13,25,20,25,20,20,7,-4,-6,-9,-19,-13,-29,-27,-38,-56,-82,-104,-111
-38,-33,-30,-24,-15,-5,5,17,26,33,38,39,39,35,25,15,1,-14,-31,-53,-67,-80,-92,-98,-101,-103,-96,-87,-63,-54,-39,-23,-13,-3,4,6,8,2,-6,-20,-32,-44,-57,-70,-76,-87,-91,-89,-86,-75,-63,-46,-29,-10,8,21
45,38,26,21,24,27,37,49,72,96,122,155,170,192,209,218,226,224,211,202,194,197,187,183,188,185,176,164,155,149,128,116,90,67,38,17,3,-12,-22,-22,-28,-29,-30,-34,-31,-46,-60,-68,-90,-86,-88,-78,-71,-52,-28,-25
34,58,78,93,89,87,60,36,4,-33,-57,-77,-83,-98,-102,-100,-107,-93,-112,-122,-134,-144,-147,-137,-122,-118,-105,-78,-13,8,28,52,43,38,23,9,5,-8,-24,-47,-70,-89,-112,-149,-194,-239,-289,-327,-361,-371,-375,-368,-359,-346,-343,-337
-183,-194,-203,-202,-170,-154,-117,-111,-87,-73,-74,-65,-90,-100,-110,-120,-128,-133,-131,-119,-122,-129,-135,-154,-164,-178,-192,-210,-233,-230,-219,-203,-163,-125,-88,-57,-26,7,41,79,116,157,194,241,286,337,370,390,396,384,369,347,336,324,302,293
8,11,13,7,-6,-18,-38,-51,-74,-97,-126,-158,-174,-193,-201,-206,-196,-182,-156,-124,-99,-68,-43,-20,-2,28,50,63,83,83,81,72,70,64,55,43,25,4,-23,-57,-98,-136,-170,-219,-261,-302,-329,-348,-360,-364,-357,-349,-342,-326,-314,-310
221,225,227,219,198,171,139,106,71,35,-2,-38,-67,-93,-123,-144,-173,-199,-232,-267,-305,-341,-373,-387,-403,-419,-421,-406,-379,-361,-316,-263,-220,-162,-112,-73,-18,12,49,64,100,118,148,168,190,211,227,238,259,244,240,213,183,142,117,96
-123,-122,-106,-101,-104,-98,-96,-87,-89,-98,-108,-121,-133,-134,-142,-138,-128,-116,-86,-58,-30,-6,24,37,50,78,92,100,92,94,79,66,64,55,51,43,20,7,-18,-49,-78,-112,-146,-186,-220,-249,-277,-289,-287,-295,-291,-285,-281,-278,-285,-285
-31,-33,-41,-41,-25,-11,7,28,54,87,120,163,189,206,224,238,234,240,214,210,187,182,171,154,144,121,104,90,75,60,49,38,23,11,-7,-14,-13,-12,-1,25,46,72,95,123,163,173,201,212,211,217,222,219,229,230,253,251
-38,-42,-42,-42,-23,-10,16,38,63,99,128,158,184,204,221,229,229,215,194,170,148,126,103,85,61,28,6,-9,-22,-33,-39,-33,-45,-44,-43,-38,-25,-7,18,51,87,125,155,199,243,280,313,328,339,345,342,337,336,330,317,318
-217,-219,-208,-201,-191,-169,-134,-97,-64,-36,-21,-8,6,17,31,40,57,73,108,141,173,205,231,250,256,270,278,282,251,235,209,163,138,110,87,60,28,-2,-35,-71,-106,-141,-188,-231,-270,-309,-334,-348,-345,-345,-334,-325,-314,-313,-319,-319
-40,-47,-51,-57,-63,-62,-63,-57,-53,-43,-31,-11,7,23,49,71,93,109,132,150,162,172,176,173,167,146,130,109,73,48,27,10,-2,-10,-16,-18,-15,-5,14,39,61,86,106,129,151,167,180,185,186,168,151,132,112,76,48,25
49,58,64,70,57,50,20,-10,-37,-75,-113,-148,-177,-204,-223,-237,-255,-262,-270,-273,-288,-293,-312,-313,-312,-308,-308,-302,-285,-266,-239,-196,-162,-122,-87,-50,-16,14,38,51,76,98,122,143,161,198,220,241,265,259,253,241,227,212,187,180
-94,-95,-94,-90,-99,-91,-97,-96,-103,-116,-123,-139,-142,-146,-143,-135,-119,-94,-54,-7,26,73,107,140,161,186,213,222,219,220,196,167,143,119,93,67,32,-4,-41,-85,-122,-162,-217,-257,-311,-347,-384,-408,-423,-414,-419,-393,-370,-342,-340,-318
-179,-164,-141,-118,-95,-73,-63,-69,-76,-102,-134,-162,-193,-214,-226,-233,-242,-235,-242,-253,-265,-273,-282,-279,-260,-245,-228,-192,-114,-76,-38,5,12,21,15,4,8,-11,-30,-53,-81,-104,-140,-182,-239,-293,-341,-374,-397,-400,-387,-364,-342,-322,-317,-293
-91,-90,-81,-73,-68,-51,-33,-6,16,39,59,74,97,105,109,108,102,98,76,54,31,4,-18,-45,-62,-86,-109,-121,-131,-135,-122,-106,-91,-71,-51,-30,-11,5,18,29,35,35,32,26,20,6,-6,-18,-27,-46,-62,-80,-96,-111,-127,-133
-198,-204,-206,-192,-169,-142,-122,-113,-104,-109,-129,-141,-171,-201,-217,-239,-259,-264,-268,-275,-290,-311,-331,-350,-361,-376,-384,-365,-328,-305,-250,-197,-156,-110,-80,-53,-23,-4,14,34,42,48,58,52,39,3,-48,-93,-152,-192,-225,-238,-247,-249,-258,-270
123,132,127,121,117,98,83,69,66,69,81,98,116,135,150,164,175,180,184,187,195,208,220,227,229,234,229,213,167,143,107,68,48,33,22,17,6,4,7,11,23,35,49,72,109,144,181,210,235,246,253,244,232,220,220,204
16,4,-5,-15,-11,-7,12,37,68,109,148,190,218,248,275,290,303,309,310,306,315,327,340,339,344,346,340,334,321,301,266,229,182,141,95,61,15,-10,-43,-62,-91,-118,-148,-180,-205,-250,-286,-309,-343,-332,-338,-320,-301,-287,-264,-254
178,185,186,183,158,136,95,59,18,-27,-63,-112,-138,-174,-197,-226,-244,-263,-281,-305,-323,-345,-367,-373,-380,-382,-376,-364,-336,-319,-279,-231,-190,-141,-97,-54,-11,15,43,54,81,96,116,131,137,165,184,189,210,191,189,171,142,116,87,70
-184,-179,-162,-145,-146,-132,-118,-106,-102,-106,-120,-142,-163,-168,-180,-180,-168,-174,-139,-128,-98,-81,-67,-53,-59,-36,-28,-26,-38,-37,-36,-46,-28,-15,-2,10,7,11,7,-7,-12,-32,-42,-59,-64,-63,-59,-46,-19,-19,-5,-3,-14,-27,-51,-53
-231,-229,-216,-208,-201,-175,-147,-109,-83,-56,-32,-24,-10,1,17,30,48,72,110,150,182,223,252,276,291,307,324,318,290,280,242,202,169,137,106,80,29,-3,-41,-78,-121,-164,-223,-271,-316,-355,-392,-420,-420,-427,-422,-400,-387,-372,-379,-370
-128,-135,-141,-139,-112,-95,-51,-27,14,63,100,148,171,204,231,253,273,274,283,282,294,301,302,303,302,310,291,276,240,232,198,161,128,90,54,26,1,-13,-28,-20,-27,-19,-22,-14,0,-7,-4,0,-12,2,4,19,36,59,92,99
-137,-136,-119,-108,-106,-96,-89,-89,-91,-103,-120,-146,-165,-179,-181,-191,-188,-181,-160,-143,-121,-110,-97,-86,-82,-76,-65,-58,-64,-61,-56,-62,-38,-30,-11,2,6,12,11,-2,-5,-16,-26,-39,-45,-46,-36,-29,-9,-9,-6,-9,-12,-25,-48,-51
-132,-138,-145,-141,-120,-100,-64,-32,11,54,93,136,156,189,218,241,257,270,279,297,303,322,336,340,345,345,339,332,302,280,251,206,165,127,83,50,12,-15,-38,-47,-69,-77,-99,-106,-116,-132,-151,-157,-174,-164,-167,-155,-131,-104,-79,-65
-127,-130,-126,-120,-121,-114,-108,-96,-98,-101,-97,-109,-98,-99,-91,-81,-58,-37,7,44,83,126,153,189,206,239,255,262,254,249,224,188,165,131,99,69,30,0,-40,-78,-117,-157,-201,-241,-287,-321,-357,-375,-387,-383,-382,-360,-333,-305,-297,-274
18,23,26,31,36,36,33,29,22,15,6,-3,-15,-27,-39,-51,-61,-72,-75,-78,-77,-73,-67,-55,-47,-31,-15,-1,24,31,37,37,35,32,25,17,9,-1,-11,-21,-28,-32,-32,-30,-28,-21,-12,-3,5,21,32,45,55,66,78,82
-207,-210,-219,-214,-179,-158,-116,-94,-52,-14,27,67,84,122,155,182,213,225,262,282,314,341,360,375,381,392,383,375,338,316,276,226,182,138,91,51,13,-13,-39,-40,-56,-59,-67,-64,-60,-66,-68,-65,-75,-56,-47,-25,8,37,66,88
-34,-35,-35,-34,-44,-50,-58,-67,-87,-106,-123,-153,-157,-174,-176,-175,-165,-149,-112,-79,-53,-15,11,41,58,81,107,118,131,128,124,102,95,84,70,50,32,-1,-30,-67,-103,-142,-187,-223,-274,-304,-339,-359,-375,-368,-374,-356,-343,-323,-328,-307
43,36,27,22,34,33,52,58,77,101,128,157,171,190,209,211,211,208,189,160,148,129,114,101,94,83,62,50,35,35,23,24,12,-1,-10,-15,-13,-8,0,21,38,58,86,110,141,158,171,180,171,180,182,179,185,196,215,213
199,202,206,197,169,141,117,113,109,112,128,136,169,193,209,230,247,256,257,257,276,296,317,329,343,359,368,365,350,320,286,229,185,140,101,67,34,-3,-32,-62,-90,-116,-144,-166,-179,-174,-157,-129,-75,-40,0,25,40,54,57,86
124,125,110,103,108,83,52,-4,-41,-80,-124,-155,-200,-223,-239,-251,-264,-277,-268,-261,-255,-254,-244,-237,-208,-197,-175,-141,-119,-117,-94,-58,-48,-31,-4,6,18,17,2,-22,-38,-67,-101,-139,-165,-199,-221,-238,-242,-246,-253,-256,-274,-283,-282,-288
-100,-103,-101,-96,-95,-90,-86,-88,-91,-96,-104,-116,-126,-127,-126,-116,-96,-78,-39,-4,32,59,92,119,133,163,183,189,190,185,171,140,129,103,80,63,25,5,-28,-64,-102,-143,-189,-228,-272,-310,-343,-360,-373,-370,-371,-356,-341,-325,-316,-306
-193,-195,-200,-191,-158,-133,-91,-62,-13,35,81,135,156,194,232,257,276,289,295,304,307,316,311,303,302,282,256,235,193,172,138,110,76,48,19,-1,-15,-16,-11,19,38,63,99,128,186,204,243,265,271,290,293,299,308,312,334,330
-109,-113,-120,-121,-89,-70,-36,-11,24,65,109,149,169,204,233,247,261,254,265,253,255,257,255,247,244,233,218,203,172,158,130,109,81,56,33,11,-4,-10,-13,-1,9,25,42,63,89,100,108,117,109,127,129,138,156,173,190,197
25,3,-20,-35,-47,-48,-32,-5,23,58,90,117,132,146,155,159,162,161,168,189,200,216,221,220,211,197,188,162,104,74,44,5,-1,-3,3,6,1,10,16,30,47,60,71,99,143,184,236,277,324,332,350,343,333,325,332,317
-106,-109,-110,-110,-98,-94,-87,-93,-87,-85,-92,-87,-97,-90,-79,-69,-48,-32,5,46,79,114,143,171,186,215,229,235,231,225,204,166,143,116,90,62,26,-8,-37,-66,-101,-131,-180,-210,-243,-284,-310,-331,-340,-339,-328,-306,-286,-265,-251,-235
140,118,92,61,52,29,35,41,65,92,122,158,185,206,215,222,221,228,227,247,252,270,280,273,267,253,243,210,134,102,61,20,9,1,0,5,2,6,16,33,53,74,97,133,182,231,283,328,372,381,394,377,364,350,356,333
-187,-188,-194,-183,-169,-142,-113,-85,-60,-28,9,40,64,95,124,145,170,193,220,251,271,305,323,342,347,343,344,328,303,290,241,203,160,122,78,46,9,-18,-38,-42,-56,-55,-68,-63,-57,-60,-64,-57,-62,-47,-38,-19,12,39,68,84
-173,-190,-205,-213,-183,-169,-128,-109,-79,-56,-46,-32,-41,-49,-54,-72,-85,-89,-82,-63,-63,-61,-72,-85,-101,-113,-130,-151,-199,-201,-202,-193,-159,-120,-86,-48,-26,5,39,83,124,167,198,259,304,370,414,436,455,438,425,411,392,380,361,354
-94,-91,-75,-67,-68,-66,-68,-69,-78,-99,-117,-140,-152,-167,-178,-186,-190,-182,-166,-144,-132,-120,-106,-102,-97,-80,-73,-67,-67,-68,-56,-57,-40,-24,-6,4,6,5,6,-3,-5,-16,-28,-41,-52,-53,-50,-49,-31,-33,-30,-39,-40,-56,-72,-81
-92,-92,-80,-74,-63,-48,-26,4,26,50,73,88,105,117,123,123,119,104,83,56,32,4,-23,-54,-71,-95,-118,-133,-145,-145,-134,-113,-98,-79,-58,-35,-13,4,22,36,47,53,52,50,45,35,25,11,3,-16,-34,-53,-71,-93,-118,-129
95,95,90,83,76,62,41,14,-13,-36,-57,-74,-96,-109,-111,-113,-109,-98,-76,-52,-26,6,33,62,83,106,127,140,148,147,132,111,91,68,46,24,8,-8,-14,-17,-16,-6,12,29,51,72,95,115,128,145,153,158,161,163,164,158
-13,-21,-26,-27,-29,-19,-7,26,51,82,119,151,189,211,231,245,252,261,263,263,270,274,285,285,285,283,285,270,262,244,215,178,147,114,74,44,7,-12,-35,-45,-63,-72,-104,-117,-132,-159,-183,-203,-224,-226,-223,-212,-196,-177,-161,-152
-79,-76,-65,-54,-38,-22,0,29,51,72,88,92,99,98,83,71,50,24,-17,-55,-88,-126,-155,-182,-200,-210,-222,-216,-189,-179,-144,-115,-86,-58,-31,-10,5,8,4,-12,-25,-47,-80,-107,-143,-171,-198,-218,-228,-232,-231,-220,-204,-183,-165,-141
-225,-219,-200,-191,-190,-166,-149,-115,-98,-87,-76,-78,-70,-69,-66,-61,-48,-29,6,42,71,108,133,155,167,189,197,198,171,171,144,115,101,84,70,57,27,2,-25,-62,-89,-125,-172,-210,-251,-276,-302,-316,-308,-307,-303,-289,-280,-278,-309,-295
-14,17,57,82,79,81,61,42,12,-19,-43,-73,-77,-70,-67,-57,-49,-27,-33,-45,-42,-36,-18,0,37,71,99,133,187,214,207,205,171,136,95,58,34,-4,-43,-90,-138,-183,-223,-272,-323,-360,-377,-374,-349,-314,-276,-236,-200,-178,-164,-124
7,-4,-9,-18,-33,-43,-46,-51,-48,-48,-39,-29,-14,4,27,48,73,96,119,137,151,162,164,156,152,135,112,88,40,18,-1,-17,-27,-29,-31,-24,-16,-3,15,41,61,77,93,103,116,116,116,105,95,72,48,20,-8,-40,-71,-91
-77,-73,-65,-55,-41,-26,-7,21,39,58,72,77,87,86,74,63,46,20,-13,-47,-80,-110,-139,-159,-174,-183,-187,-184,-161,-149,-121,-95,-70,-44,-22,-9,7,8,0,-14,-30,-51,-80,-107,-134,-163,-183,-196,-202,-197,-194,-181,-162,-142,-117,-98
-170,-170,-158,-147,-150,-131,-115,-94,-87,-79,-74,-81,-74,-75,-71,-66,-54,-36,-8,21,53,72,96,119,124,147,157,155,146,142,121,99,89,73,59,45,22,5,-20,-50,-80,-111,-152,-183,-217,-245,-268,-280,-281,-280,-281,-272,-263,-259,-277,-269
32,24,11,7,14,21,34,51,72,103,133,167,197,214,232,242,241,252,226,226,207,203,203,187,189,167,160,147,146,133,110,102,74,56,35,13,2,-14,-16,-7,-7,1,11,25,35,33,28,28,6,17,12,24,38,51,74,82
17,41,60,79,87,79,58,20,-10,-49,-83,-108,-133,-144,-151,-155,-161,-163,-178,-199,-214,-230,-244,-244,-232,-226,-212,-194,-123,-94,-62,-20,-15,-6,-10,-14,-2,-11,-15,-23,-36,-39,-52,-74,-107,-150,-199,-242,-288,-312,-328,-333,-330,-318,-318,-322
86,88,97,95,72,56,30,2,-26,-71,-103,-152,-185,-207,-230,-245,-252,-262,-257,-257,-256,-254,-254,-244,-239,-221,-208,-195,-179,-155,-141,-111,-85,-59,-32,-13,5,12,16,-1,-6,-20,-28,-46,-70,-75,-79,-86,-80,-88,-94,-104,-119,-130,-155,-162
-47,-45,-38,-35,-49,-51,-62,-71,-85,-105,-129,-158,-175,-186,-194,-198,-187,-176,-139,-114,-88,-55,-37,-3,4,17,45,56,73,75,74,61,57,56,49,43,24,6,-18,-56,-83,-116,-167,-198,-257,-274,-317,-335,-336,-353,-349,-332,-331,-319,-337,-323
120,123,114,105,101,82,60,26,-5,-35,-65,-90,-114,-132,-142,-144,-141,-135,-103,-82,-50,-14,17,58,87,125,148,166,178,181,163,140,113,88,60,33,11,-4,-17,-22,-21,-10,11,33,58,83,111,138,151,174,190,195,200,195,206,193
-110,-115,-110,-105,-101,-86,-63,-34,-7,23,53,74,100,123,137,148,150,142,127,104,81,52,24,-13,-38,-71,-100,-122,-146,-154,-142,-126,-107,-84,-59,-34,-12,5,20,31,39,33,20,6,-11,-34,-55,-82,-96,-122,-139,-155,-165,-176,-191,-189
116,124,127,125,114,158,61,18,-16,-62,-102,-149,-186,-212,-239,-261,-275,-289,-294,-304,-318,-324,-339,-347,-346,-354,-348,-332,-300,-293,-252,-214,-170,-124,-83,-46,-10,18,40,47,68,77,99,109,122,142,163,175,191,191,181,161,143,116,97,88
15,20,32,34,16,9,-23,-39,-70,-112,-150,-198,-214,-247,-270,-287,-294,-294,-286,-273,-262,-253,-254,-242,-235,-216,-199,-187,-172,-156,-137,-114,-88,-60,-34,-8,5,13,16,1,1,-15,-23,-37,-60,-61,-62,-63,-45,-59,-60,-64,-83,-100,-127,-134
-176,-178,-185,-179,-152,-132,-101,-82,-49,-16,15,52,64,93,125,153,176,191,219,246,262,292,305,315,326,322,319,310,275,254,220,181,143,102,66,37,3,-16,-33,-31,-36,-34,-32,-26,-5,-8,-1,8,5,29,32,45,74,97,127,138
13,12,-2,-6,1,13,28,44,66,95,124,161,186,206,222,230,230,230,214,206,189,183,172,164,157,129,125,115,109,88,81,63,44,31,11,-4,-8,-12,-10,13,19,38,50,70,93,101,106,110,102,107,110,117,124,134,155,158
-76,-72,-56,-53,-53,-52,-53,-66,-79,-103,-126,-159,-189,-201,-215,-219,-220,-228,-210,-207,-195,-191,-188,-178,-184,-183,-172,-160,-154,-151,-130,-121,-92,-69,-40,-22,-1,15,24,24,31,31,39,40,43,61,80,91,115,106,118,104,95,77,57,52
-63,-57,-44,-40,-46,-49,-55,-63,-76,-97,-121,-151,-176,-186,-201,-204,-201,-201,-178,-168,-147,-131,-120,-104,-99,-78,-63,-55,-55,-47,-40,-42,-24,-12,0,7,12,9,3,-18,-27,-47,-69,-89,-116,-123,-129,-137,-123,-132,-133,-133,-138,-147,-169,-174
208,203,180,161,148,121,101,88,97,107,137,165,204,227,247,257,264,267,271,283,296,316,323,323,314,311,295,260,184,143,97,42,29,11,7,8,-1,10,22,38,60,81,114,155,211,263,318,360,390,401,399,379,357,340,331,311
-143,-150,-149,-146,-137,-115,-81,-43,-6,32,72,103,134,157,183,201,218,235,250,273,294,322,341,353,361,375,371,363,334,323,278,235,190,147,103,64,23,-13,-48,-68,-108,-132,-180,-209,-246,-286,-319,-350,-364,-358,-357,-332,-316,-288,-288,-273
209,217,213,200,187,164,132,103,72,43,19,0,-22,-40,-56,-76,-103,-122,-158,-195,-232,-266,-296,-318,-327,-352,-360,-354,-333,-320,-280,-234,-196,-154,-114,-74,-26,6,45,78,117,158,213,245,295,338,370,395,407,409,404,388,363,341,329,314
-194,-191,-180,-168,-161,-147,-123,-107,-96,-90,-93,-98,-104,-105,-103,-103,-92,-83,-50,-18,8,32,54,79,78,102,122,119,100,98,85,58,59,51,45,43,17,4,-15,-40,-64,-91,-129,-162,-191,-215,-223,-230,-217,-227,-217,-214,-215,-221,-235,-233
54,62,67,74,74,74,68,65,51,38,21,-2,-12,-38,-66,-90,-115,-133,-154,-168,-179,-185,-185,-177,-172,-154,-130,-107,-59,-37,-17,3,13,23,28,25,17,6,-16,-44,-68,-92,-121,-138,-166,-178,-191,-191,-192,-172,-157,-131,-105,-68,-32,-9
-176,-184,-180,-170,-160,-138,-114,-88,-59,-39,-18,0,20,32,48,63,83,101,130,165,193,226,249,267,277,289,302,296,279,265,230,192,162,125,95,63,23,-6,-41,-70,-106,-140,-179,-216,-251,-292,-317,-333,-350,-343,-346,-330,-311,-293,-285,-274
-7,-19,-26,-35,-47,-58,-56,-61,-55,-49,-36,-18,-4,23,52,79,106,127,152,168,179,184,183,171,158,127,98,66,17,-8,-28,-44,-48,-47,-44,-35,-22,-2,19,49,70,85,100,103,110,107,99,84,68,35,8,-28,-59,-90,-119,-142
8,9,7,9,27,35,54,67,93,117,142,171,183,200,209,205,193,175,140,106,64,30,-5,-36,-58,-92,-120,-135,-148,-150,-141,-123,-113,-97,-78,-59,-32,-4,32,77,120,166,208,255,308,342,386,407,417,414,414,391,374,349,334,319
-26,-19,-10,-3,-7,-11,-16,-43,-60,-88,-118,-151,-183,-198,-215,-223,-226,-241,-228,-232,-232,-235,-241,-233,-247,-252,-241,-228,-213,-212,-176,-163,-128,-94,-62,-34,-9,16,33,42,62,69,93,100,126,154,173,189,219,210,220,205,189,171,162,149
-4,0,7,11,-9,-18,-38,-51,-80,-113,-146,-182,-194,-221,-234,-245,-238,-230,-205,-177,-156,-130,-110,-83,-77,-55,-28,-10,9,13,19,14,23,29,32,33,19,9,-12,-44,-72,-104,-149,-186,-238,-260,-292,-316,-315,-325,-328,-322,-320,-317,-339,-326
-172,-174,-178,-172,-159,-143,-120,-108,-85,-70,-57,-40,-37,-13,6,25,53,76,121,153,194,230,265,293,310,338,349,344,326,312,277,232,192,147,105,75,23,-13,-48,-72,-109,-133,-176,-195,-228,-254,-277,-291,-304,-299,-292,-261,-234,-198,-182,-155
-183,-185,-188,-179,-156,-121,-88,-52,-11,38,84,133,171,203,236,261,274,291,290,305,303,305,305,296,292,267,249,228,196,170,137,106,76,48,18,-1,-11,-18,-8,20,40,71,94,130,176,200,230,250,255,274,277,279,299,300,312,316
-91,-90,-86,-81,-60,-38,-15,12,45,78,110,150,165,192,206,214,210,204,179,164,138,115,97,64,54,22,-4,-21,-47,-62,-63,-61,-60,-57,-51,-41,-24,-3,22,60,92,125,165,199,249,274,307,323,335,331,333,316,305,277,267,245
195,196,192,183,172,152,126,100,74,53,36,23,16,-5,-21,-36,-58,-73,-107,-150,-176,-217,-246,-270,-279,-297,-311,-306,-286,-282,-242,-198,-168,-133,-100,-64,-30,11,45,77,116,151,208,241,286,327,359,381,392,392,390,370,354,330,331,313
132,126,115,107,91,91,81,90,95,113,140,158,190,209,223,230,233,236,222,208,201,196,197,191,197,182,183,184,185,170,159,135,110,84,49,25,4,-13,-29,-36,-46,-49,-70,-81,-94,-123,-148,-173,-204,-210,-207,-201,-193,-174,-151,-148
0,0,0,0,0,0,0,0,0,0,0,0,0,0,0,0,0,0,0,0,0,0,0,0,0,0,0,0,0,0,0,0,0,0,0,0,0,0,0,0,0,0,0,0,0,0,0,0,0,0,0,0,0,0,0,0
0,0,0,0,0,0,0,0,0,0,0,0,0,0,0,0,0,0,0,0,0,0,0,0,0,0,0,0,0,0,0,0,0,0,0,0,0,0,0,0,0,0,0,0,0,0,0,0,0,0,0,0,0,0,0,0
0,0,0,0,0,0,0,0,0,0,0,0,0,0,0,0,0,0,0,0,0,0,0,0,0,0,0,0,0,0,0,0,0,0,0,0,0,0,0,0,0,0,0,0,0,0,0,0,0,0,0,0,0,0,0,0
0,0,0,0,0,0,0,0,0,0,0,0,0,0,0,0,0,0,0,0,0,0,0,0,0,0,0,0,0,0,0,0,0,0,0,0,0,0,0,0,0,0,0,0,0,0,0,0,0,0,0,0,0,0,0,0
0,0,0,0,0,0,0,0,0,0,0,0,0,0,0,0,0,0,0,0,0,0,0,0,0,0,0,0,0,0,0,0,0,0,0,0,0,0,0,0,0,0,0,0,0,0,0,0,0,0,0,0,0,0,0,0
0,0,0,0,0,0,0,0,0,0,0,0,0,0,0,0,0,0,0,0,0,0,0,0,0,0,0,0,0,0,0,0,0,0,0,0,0,0,0,0,0,0,0,0,0,0,0,0,0,0,0,0,0,0,0,0
0,0,0,0,0,0,0,0,0,0,0,0,0,0,0,0,0,0,0,0,0,0,0,0,0,0,0,0,0,0,0,0,0,0,0,0,0,0,0,0,0,0,0,0,0,0,0,0,0,0,0,0,0,0,0,0
0,0,0,0,0,0,0,0,0,0,0,0,0,0,0,0,0,0,0,0,0,0,0,0,0,0,0,0,0,0,0,0,0,0,0,0,0,0,0,0,0,0,0,0,0,0,0,0,0,0,0,0,0,0,0,0
0,0,0,0,0,0,0,0,0,0,0,0,0,0,0,0,0,0,0,0,0,0,0,0,0,0,0,0,0,0,0,0,0,0,0,0,0,0,0,0,0,0,0,0,0,0,0,0,0,0,0,0,0,0,0,0
0,0,0,0,0,0,0,0,0,0,0,0,0,0,0,0,0,0,0,0,0,0,0,0,0,0,0,0,0,0,0,0,0,0,0,0,0,0,0,0,0,0,0,0,0,0,0,0,0,0,0,0,0,0,0,0
0,0,0,0,0,0,0,0,0,0,0,0,0,0,0,0,0,0,0,0,0,0,0,0,0,0,0,0,0,0,0,0,0,0,0,0,0,0,0,0,0,0,0,0,0,0,0,0,0,0,0,0,0,0,0,0
0,0,0,0,0,0,0,0,0,0,0,0,0,0,0,0,0,0,0,0,0,0,0,0,0,0,0,0,0,0,0,0,0,0,0,0,0,0,0,0,0,0,0,0,0,0,0,0,0,0,0,0,0,0,0,0
0,0,0,0,0,0,0,0,0,0,0,0,0,0,0,0,0,0,0,0,0,0,0,0,0,0,0,0,0,0,0,0,0,0,0,0,0,0,0,0,0,0,0,0,0,0,0,0,0,0,0,0,0,0,0,0
0,0,0,0,0,0,0,0,0,0,0,0,0,0,0,0,0,0,0,0,0,0,0,0,0,0,0,0,0,0,0,0,0,0,0,0,0,0,0,0,0,0,0,0,0,0,0,0,0,0,0,0,0,0,0,0
0,0,0,0,0,0,0,0,0,0,0,0,0,0,0,0,0,0,0,0,0,0,0,0,0,0,0,0,0,0,0,0,0,0,0,0,0,0,0,0,0,0,0,0,0,0,0,0,0,0,0,0,0,0,0,0
0,0,0,0,0,0,0,0,0,0,0,0,0,0,0,0,0,0,0,0,0,0,0,0,0,0,0,0,0,0,0,0,0,0,0,0,0,0,0,0,0,0,0,0,0,0,0,0,0,0,0,0,0,0,0,0
0,0,0,0,0,0,0,0,0,0,0,0,0,0,0,0,0,0,0,0,0,0,0,0,0,0,0,0,0,0,0,0,0,0,0,0,0,0,0,0,0,0,0,0,0,0,0,0,0,0,0,0,0,0,0,0
0,0,0,0,0,0,0,0,0,0,0,0,0,0,0,0,0,0,0,0,0,0,0,0,0,0,0,0,0,0,0,0,0,0,0,0,0,0,0,0,0,0,0,0,0,0,0,0,0,0,0,0,0,0,0,0
0,0,0,0,0,0,0,0,0,0,0,0,0,0,0,0,0,0,0,0,0,0,0,0,0,0,0,0,0,0,0,0,0,0,0,0,0,0,0,0,0,0,0,0,0,0,0,0,0,0,0,0,0,0,0,0
0,0,0,0,0,0,0,0,0,0,0,0,0,0,0,0,0,0,0,0,0,0,0,0,0,0,0,0,0,0,0,0,0,0,0,0,0,0,0,0,0,0,0,0,0,0,0,0,0,0,0,0,0,0,0,0
0,0,0,0,0,0,0,0,0,0,0,0,0,0,0,0,0,0,0,0,0,0,0,0,0,0,0,0,0,0,0,0,0,0,0,0,0,0,0,0,0,0,0,0,0,0,0,0,0,0,0,0,0,0,0,0
0,0,0,0,0,0,0,0,0,0,0,0,0,0,0,0,0,0,0,0,0,0,0,0,0,0,0,0,0,0,0,0,0,0,0,0,0,0,0,0,0,0,0,0,0,0,0,0,0,0,0,0,0,0,0,0
0,0,0,0,0,0,0,0,0,0,0,0,0,0,0,0,0,0,0,0,0,0,0,0,0,0,0,0,0,0,0,0,0,0,0,0,0,0,0,0,0,0,0,0,0,0,0,0,0,0,0,0,0,0,0,0
0,0,0,0,0,0,0,0,0,0,0,0,0,0,0,0,0,0,0,0,0,0,0,0,0,0,0,0,0,0,0,0,0,0,0,0,0,0,0,0,0,0,0,0,0,0,0,0,0,0,0,0,0,0,0,0
0,0,0,0,0,0,0,0,0,0,0,0,0,0,0,0,0,0,0,0,0,0,0,0,0,0,0,0,0,0,0,0,0,0,0,0,0,0,0,0,0,0,0,0,0,0,0,0,0,0,0,0,0,0,0,0
0,0,0,0,0,0,0,0,0,0,0,0,0,0,0,0,0,0,0,0,0,0,0,0,0,0,0,0,0,0,0,0,0,0,0,0,0,0,0,0,0,0,0,0,0,0,0,0,0,0,0,0,0,0,0,0
0,0,0,0,0,0,0,0,0,0,0,0,0,0,0,0,0,0,0,0,0,0,0,0,0,0,0,0,0,0,0,0,0,0,0,0,0,0,0,0,0,0,0,0,0,0,0,0,0,0,0,0,0,0,0,0
0,0,0,0,0,0,0,0,0,0,0,0,0,0,0,0,0,0,0,0,0,0,0,0,0,0,0,0,0,0,0,0,0,0,0,0,0,0,0,0,0,0,0,0,0,0,0,0,0,0,0,0,0,0,0,0
0,0,0,0,0,0,0,0,0,0,0,0,0,0,0,0,0,0,0,0,0,0,0,0,0,0,0,0,0,0,0,0,0,0,0,0,0,0,0,0,0,0,0,0,0,0,0,0,0,0,0,0,0,0,0,0
0,0,0,0,0,0,0,0,0,0,0,0,0,0,0,0,0,0,0,0,0,0,0,0,0,0,0,0,0,0,0,0,0,0,0,0,0,0,0,0,0,0,0,0,0,0,0,0,0,0,0,0,0,0,0,0
0,0,0,0,0,0,0,0,0,0,0,0,0,0,0,0,0,0,0,0,0,0,0,0,0,0,0,0,0,0,0,0,0,0,0,0,0,0,0,0,0,0,0,0,0,0,0,0,0,0,0,0,0,0,0,0
0,0,0,0,0,0,0,0,0,0,0,0,0,0,0,0,0,0,0,0,0,0,0,0,0,0,0,0,0,0,0,0,0,0,0,0,0,0,0,0,0,0,0,0,0,0,0,0,0,0,0,0,0,0,0,0
0,0,0,0,0,0,0,0,0,0,0,0,0,0,0,0,0,0,0,0,0,0,0,0,0,0,0,0,0,0,0,0,0,0,0,0,0,0,0,0,0,0,0,0,0,0,0,0,0,0,0,0,0,0,0,0
0,0,0,0,0,0,0,0,0,0,0,0,0,0,0,0,0,0,0,0,0,0,0,0,0,0,0,0,0,0,0,0,0,0,0,0,0,0,0,0,0,0,0,0,0,0,0,0,0,0,0,0,0,0,0,0
0,0,0,0,0,0,0,0,0,0,0,0,0,0,0,0,0,0,0,0,0,0,0,0,0,0,0,0,0,0,0,0,0,0,0,0,0,0,0,0,0,0,0,0,0,0,0,0,0,0,0,0,0,0,0,0
0,0,0,0,0,0,0,0,0,0,0,0,0,0,0,0,0,0,0,0,0,0,0,0,0,0,0,0,0,0,0,0,0,0,0,0,0,0,0,0,0,0,0,0,0,0,0,0,0,0,0,0,0,0,0,0
0,0,0,0,0,0,0,0,0,0,0,0,0,0,0,0,0,0,0,0,0,0,0,0,0,0,0,0,0,0,0,0,0,0,0,0,0,0,0,0,0,0,0,0,0,0,0,0,0,0,0,0,0,0,0,0
0,0,0,0,0,0,0,0,0,0,0,0,0,0,0,0,0,0,0,0,0,0,0,0,0,0,0,0,0,0,0,0,0,0,0,0,0,0,0,0,0,0,0,0,0,0,0,0,0,0,0,0,0,0,0,0
0,0,0,0,0,0,0,0,0,0,0,0,0,0,0,0,0,0,0,0,0,0,0,0,0,0,0,0,0,0,0,0,0,0,0,0,0,0,0,0,0,0,0,0,0,0,0,0,0,0,0,0,0,0,0,0
0,0,0,0,0,0,0,0,0,0,0,0,0,0,0,0,0,0,0,0,0,0,0,0,0,0,0,0,0,0,0,0,0,0,0,0,0,0,0,0,0,0,0,0,0,0,0,0,0,0,0,0,0,0,0,0
0,0,0,0,0,0,0,0,0,0,0,0,0,0,0,0,0,0,0,0,0,0,0,0,0,0,0,0,0,0,0,0,0,0,0,0,0,0,0,0,0,0,0,0,0,0,0,0,0,0,0,0,0,0,0,0
0,0,0,0,0,0,0,0,0,0,0,0,0,0,0,0,0,0,0,0,0,0,0,0,0,0,0,0,0,0,0,0,0,0,0,0,0,0,0,0,0,0,0,0,0,0,0,0,0,0,0,0,0,0,0,0
0,0,0,0,0,0,0,0,0,0,0,0,0,0,0,0,0,0,0,0,0,0,0,0,0,0,0,0,0,0,0,0,0,0,0,0,0,0,0,0,0,0,0,0,0,0,0,0,0,0,0,0,0,0,0,0
0,0,0,0,0,0,0,0,0,0,0,0,0,0,0,0,0,0,0,0,0,0,0,0,0,0,0,0,0,0,0,0,0,0,0,0,0,0,0,0,0,0,0,0,0,0,0,0,0,0,0,0,0,0,0,0
0,0,0,0,0,0,0,0,0,0,0,0,0,0,0,0,0,0,0,0,0,0,0,0,0,0,0,0,0,0,0,0,0,0,0,0,0,0,0,0,0,0,0,0,0,0,0,0,0,0,0,0,0,0,0,0
0,0,0,0,0,0,0,0,0,0,0,0,0,0,0,0,0,0,0,0,0,0,0,0,0,0,0,0,0,0,0,0,0,0,0,0,0,0,0,0,0,0,0,0,0,0,0,0,0,0,0,0,0,0,0,0
0,0,0,0,0,0,0,0,0,0,0,0,0,0,0,0,0,0,0,0,0,0,0,0,0,0,0,0,0,0,0,0,0,0,0,0,0,0,0,0,0,0,0,0,0,0,0,0,0,0,0,0,0,0,0,0
0,0,0,0,0,0,0,0,0,0,0,0,0,0,0,0,0,0,0,0,0,0,0,0,0,0,0,0,0,0,0,0,0,0,0,0,0,0,0,0,0,0,0,0,0,0,0,0,0,0,0,0,0,0,0,0
0,0,0,0,0,0,0,0,0,0,0,0,0,0,0,0,0,0,0,0,0,0,0,0,0,0,0,0,0,0,0,0,0,0,0,0,0,0,0,0,0,0,0,0,0,0,0,0,0,0,0,0,0,0,0,0
0,0,0,0,0,0,0,0,0,0,0,0,0,0,0,0,0,0,0,0,0,0,0,0,0,0,0,0,0,0,0,0,0,0,0,0,0,0,0,0,0,0,0,0,0,0,0,0,0,0,0,0,0,0,0,0
0,0,0,0,0,0,0,0,0,0,0,0,0,0,0,0,0,0,0,0,0,0,0,0,0,0,0,0,0,0,0,0,0,0,0,0,0,0,0,0,0,0,0,0,0,0,0,0,0,0,0,0,0,0,0,0
0,0,0,0,0,0,0,0,0,0,0,0,0,0,0,0,0,0,0,0,0,0,0,0,0,0,0,0,0,0,0,0,0,0,0,0,0,0,0,0,0,0,0,0,0,0,0,0,0,0,0,0,0,0,0,0
0,0,0,0,0,0,0,0,0,0,0,0,0,0,0,0,0,0,0,0,0,0,0,0,0,0,0,0,0,0,0,0,0,0,0,0,0,0,0,0,0,0,0,0,0,0,0,0,0,0,0,0,0,0,0,0
0,0,0,0,0,0,0,0,0,0,0,0,0,0,0,0,0,0,0,0,0,0,0,0,0,0,0,0,0,0,0,0,0,0,0,0,0,0,0,0,0,0,0,0,0,0,0,0,0,0,0,0,0,0,0,0
0,0,0,0,0,0,0,0,0,0,0,0,0,0,0,0,0,0,0,0,0,0,0,0,0,0,0,0,0,0,0,0,0,0,0,0,0,0,0,0,0,0,0,0,0,0,0,0,0,0,0,0,0,0,0,0
0,0,0,0,0,0,0,0,0,0,0,0,0,0,0,0,0,0,0,0,0,0,0,0,0,0,0,0,0,0,0,0,0,0,0,0,0,0,0,0,0,0,0,0,0,0,0,0,0,0,0,0,0,0,0,0
0,0,0,0,0,0,0,0,0,0,0,0,0,0,0,0,0,0,0,0,0,0,0,0,0,0,0,0,0,0,0,0,0,0,0,0,0,0,0,0,0,0,0,0,0,0,0,0,0,0,0,0,0,0,0,0
0,0,0,0,0,0,0,0,0,0,0,0,0,0,0,0,0,0,0,0,0,0,0,0,0,0,0,0,0,0,0,0,0,0,0,0,0,0,0,0,0,0,0,0,0,0,0,0,0,0,0,0,0,0,0,0
0,0,0,0,0,0,0,0,0,0,0,0,0,0,0,0,0,0,0,0,0,0,0,0,0,0,0,0,0,0,0,0,0,0,0,0,0,0,0,0,0,0,0,0,0,0,0,0,0,0,0,0,0,0,0,0
0,0,0,0,0,0,0,0,0,0,0,0,0,0,0,0,0,0,0,0,0,0,0,0,0,0,0,0,0,0,0,0,0,0,0,0,0,0,0,0,0,0,0,0,0,0,0,0,0,0,0,0,0,0,0,0
0,0,0,0,0,0,0,0,0,0,0,0,0,0,0,0,0,0,0,0,0,0,0,0,0,0,0,0,0,0,0,0,0,0,0,0,0,0,0,0,0,0,0,0,0,0,0,0,0,0,0,0,0,0,0,0
0,0,0,0,0,0,0,0,0,0,0,0,0,0,0,0,0,0,0,0,0,0,0,0,0,0,0,0,0,0,0,0,0,0,0,0,0,0,0,0,0,0,0,0,0,0,0,0,0,0,0,0,0,0,0,0
0,0,0,0,0,0,0,0,0,0,0,0,0,0,0,0,0,0,0,0,0,0,0,0,0,0,0,0,0,0,0,0,0,0,0,0,0,0,0,0,0,0,0,0,0,0,0,0,0,0,0,0,0,0,0,0
0,0,0,0,0,0,0,0,0,0,0,0,0,0,0,0,0,0,0,0,0,0,0,0,0,0,0,0,0,0,0,0,0,0,0,0,0,0,0,0,0,0,0,0,0,0,0,0,0,0,0,0,0,0,0,0
0,0,0,0,0,0,0,0,0,0,0,0,0,0,0,0,0,0,0,0,0,0,0,0,0,0,0,0,0,0,0,0,0,0,0,0,0,0,0,0,0,0,0,0,0,0,0,0,0,0,0,0,0,0,0,0
0,0,0,0,0,0,0,0,0,0,0,0,0,0,0,0,0,0,0,0,0,0,0,0,0,0,0,0,0,0,0,0,0,0,0,0,0,0,0,0,0,0,0,0,0,0,0,0,0,0,0,0,0,0,0,0
0,0,0,0,0,0,0,0,0,0,0,0,0,0,0,0,0,0,0,0,0,0,0,0,0,0,0,0,0,0,0,0,0,0,0,0,0,0,0,0,0,0,0,0,0,0,0,0,0,0,0,0,0,0,0,0
0,0,0,0,0,0,0,0,0,0,0,0,0,0,0,0,0,0,0,0,0,0,0,0,0,0,0,0,0,0,0,0,0,0,0,0,0,0,0,0,0,0,0,0,0,0,0,0,0,0,0,0,0,0,0,0
0,0,0,0,0,0,0,0,0,0,0,0,0,0,0,0,0,0,0,0,0,0,0,0,0,0,0,0,0,0,0,0,0,0,0,0,0,0,0,0,0,0,0,0,0,0,0,0,0,0,0,0,0,0,0,0
0,0,0,0,0,0,0,0,0,0,0,0,0,0,0,0,0,0,0,0,0,0,0,0,0,0,0,0,0,0,0,0,0,0,0,0,0,0,0,0,0,0,0,0,0,0,0,0,0,0,0,0,0,0,0,0
0,0,0,0,0,0,0,0,0,0,0,0,0,0,0,0,0,0,0,0,0,0,0,0,0,0,0,0,0,0,0,0,0,0,0,0,0,0,0,0,0,0,0,0,0,0,0,0,0,0,0,0,0,0,0,0
0,0,0,0,0,0,0,0,0,0,0,0,0,0,0,0,0,0,0,0,0,0,0,0,0,0,0,0,0,0,0,0,0,0,0,0,0,0,0,0,0,0,0,0,0,0,0,0,0,0,0,0,0,0,0,0
0,0,0,0,0,0,0,0,0,0,0,0,0,0,0,0,0,0,0,0,0,0,0,0,0,0,0,0,0,0,0,0,0,0,0,0,0,0,0,0,0,0,0,0,0,0,0,0,0,0,0,0,0,0,0,0
0,0,0,0,0,0,0,0,0,0,0,0,0,0,0,0,0,0,0,0,0,0,0,0,0,0,0,0,0,0,0,0,0,0,0,0,0,0,0,0,0,0,0,0,0,0,0,0,0,0,0,0,0,0,0,0
0,0,0,0,0,0,0,0,0,0,0,0,0,0,0,0,0,0,0,0,0,0,0,0,0,0,0,0,0,0,0,0,0,0,0,0,0,0,0,0,0,0,0,0,0,0,0,0,0,0,0,0,0,0,0,0
0,0,0,0,0,0,0,0,0,0,0,0,0,0,0,0,0,0,0,0,0,0,0,0,0,0,0,0,0,0,0,0,0,0,0,0,0,0,0,0,0,0,0,0,0,0,0,0,0,0,0,0,0,0,0,0
0,0,0,0,0,0,0,0,0,0,0,0,0,0,0,0,0,0,0,0,0,0,0,0,0,0,0,0,0,0,0,0,0,0,0,0,0,0,0,0,0,0,0,0,0,0,0,0,0,0,0,0,0,0,0,0
0,0,0,0,0,0,0,0,0,0,0,0,0,0,0,0,0,0,0,0,0,0,0,0,0,0,0,0,0,0,0,0,0,0,0,0,0,0,0,0,0,0,0,0,0,0,0,0,0,0,0,0,0,0,0,0
0,0,0,0,0,0,0,0,0,0,0,0,0,0,0,0,0,0,0,0,0,0,0,0,0,0,0,0,0,0,0,0,0,0,0,0,0,0,0,0,0,0,0,0,0,0,0,0,0,0,0,0,0,0,0,0
0,0,0,0,0,0,0,0,0,0,0,0,0,0,0,0,0,0,0,0,0,0,0,0,0,0,0,0,0,0,0,0,0,0,0,0,0,0,0,0,0,0,0,0,0,0,0,0,0,0,0,0,0,0,0,0
0,0,0,0,0,0,0,0,0,0,0,0,0,0,0,0,0,0,0,0,0,0,0,0,0,0,0,0,0,0,0,0,0,0,0,0,0,0,0,0,0,0,0,0,0,0,0,0,0,0,0,0,0,0,0,0
0,0,0,0,0,0,0,0,0,0,0,0,0,0,0,0,0,0,0,0,0,0,0,0,0,0,0,0,0,0,0,0,0,0,0,0,0,0,0,0,0,0,0,0,0,0,0,0,0,0,0,0,0,0,0,0
0,0,0,0,0,0,0,0,0,0,0,0,0,0,0,0,0,0,0,0,0,0,0,0,0,0,0,0,0,0,0,0,0,0,0,0,0,0,0,0,0,0,0,0,0,0,0,0,0,0,0,0,0,0,0,0
0,0,0,0,0,0,0,0,0,0,0,0,0,0,0,0,0,0,0,0,0,0,0,0,0,0,0,0,0,0,0,0,0,0,0,0,0,0,0,0,0,0,0,0,0,0,0,0,0,0,0,0,0,0,0,0
0,0,0,0,0,0,0,0,0,0,0,0,0,0,0,0,0,0,0,0,0,0,0,0,0,0,0,0,0,0,0,0,0,0,0,0,0,0,0,0,0,0,0,0,0,0,0,0,0,0,0,0,0,0,0,0
0,0,0,0,0,0,0,0,0,0,0,0,0,0,0,0,0,0,0,0,0,0,0,0,0,0,0,0,0,0,0,0,0,0,0,0,0,0,0,0,0,0,0,0,0,0,0,0,0,0,0,0,0,0,0,0
0,0,0,0,0,0,0,0,0,0,0,0,0,0,0,0,0,0,0,0,0,0,0,0,0,0,0,0,0,0,0,0,0,0,0,0,0,0,0,0,0,0,0,0,0,0,0,0,0,0,0,0,0,0,0,0
0,0,0,0,0,0,0,0,0,0,0,0,0,0,0,0,0,0,0,0,0,0,0,0,0,0,0,0,0,0,0,0,0,0,0,0,0,0,0,0,0,0,0,0,0,0,0,0,0,0,0,0,0,0,0,0
0,0,0,0,0,0,0,0,0,0,0,0,0,0,0,0,0,0,0,0,0,0,0,0,0,0,0,0,0,0,0,0,0,0,0,0,0,0,0,0,0,0,0,0,0,0,0,0,0,0,0,0,0,0,0,0
0,0,0,0,0,0,0,0,0,0,0,0,0,0,0,0,0,0,0,0,0,0,0,0,0,0,0,0,0,0,0,0,0,0,0,0,0,0,0,0,0,0,0,0,0,0,0,0,0,0,0,0,0,0,0,0
0,0,0,0,0,0,0,0,0,0,0,0,0,0,0,0,0,0,0,0,0,0,0,0,0,0,0,0,0,0,0,0,0,0,0,0,0,0,0,0,0,0,0,0,0,0,0,0,0,0,0,0,0,0,0,0
0,0,0,0,0,0,0,0,0,0,0,0,0,0,0,0,0,0,0,0,0,0,0,0,0,0,0,0,0,0,0,0,0,0,0,0,0,0,0,0,0,0,0,0,0,0,0,0,0,0,0,0,0,0,0,0
0,0,0,0,0,0,0,0,0,0,0,0,0,0,0,0,0,0,0,0,0,0,0,0,0,0,0,0,0,0,0,0,0,0,0,0,0,0,0,0,0,0,0,0,0,0,0,0,0,0,0,0,0,0,0,0
0,0,0,0,0,0,0,0,0,0,0,0,0,0,0,0,0,0,0,0,0,0,0,0,0,0,0,0,0,0,0,0,0,0,0,0,0,0,0,0,0,0,0,0,0,0,0,0,0,0,0,0,0,0,0,0
0,0,0,0,0,0,0,0,0,0,0,0,0,0,0,0,0,0,0,0,0,0,0,0,0,0,0,0,0,0,0,0,0,0,0,0,0,0,0,0,0,0,0,0,0,0,0,0,0,0,0,0,0,0,0,0
0,0,0,0,0,0,0,0,0,0,0,0,0,0,0,0,0,0,0,0,0,0,0,0,0,0,0,0,0,0,0,0,0,0,0,0,0,0,0,0,0,0,0,0,0,0,0,0,0,0,0,0,0,0,0,0
0,0,0,0,0,0,0,0,0,0,0,0,0,0,0,0,0,0,0,0,0,0,0,0,0,0,0,0,0,0,0,0,0,0,0,0,0,0,0,0,0,0,0,0,0,0,0,0,0,0,0,0,0,0,0,0
0,0,0,0,0,0,0,0,0,0,0,0,0,0,0,0,0,0,0,0,0,0,0,0,0,0,0,0,0,0,0,0,0,0,0,0,0,0,0,0,0,0,0,0,0,0,0,0,0,0,0,0,0,0,0,0
0,0,0,0,0,0,0,0,0,0,0,0,0,0,0,0,0,0,0,0,0,0,0,0,0,0,0,0,0,0,0,0,0,0,0,0,0,0,0,0,0,0,0,0,0,0,0,0,0,0,0,0,0,0,0,0
0,0,0,0,0,0,0,0,0,0,0,0,0,0,0,0,0,0,0,0,0,0,0,0,0,0,0,0,0,0,0,0,0,0,0,0,0,0,0,0,0,0,0,0,0,0,0,0,0,0,0,0,0,0,0,0
0,0,0,0,0,0,0,0,0,0,0,0,0,0,0,0,0,0,0,0,0,0,0,0,0,0,0,0,0,0,0,0,0,0,0,0,0,0,0,0,0,0,0,0,0,0,0,0,0,0,0,0,0,0,0,0
0,0,0,0,0,0,0,0,0,0,0,0,0,0,0,0,0,0,0,0,0,0,0,0,0,0,0,0,0,0,0,0,0,0,0,0,0,0,0,0,0,0,0,0,0,0,0,0,0,0,0,0,0,0,0,0
0,0,0,0,0,0,0,0,0,0,0,0,0,0,0,0,0,0,0,0,0,0,0,0,0,0,0,0,0,0,0,0,0,0,0,0,0,0,0,0,0,0,0,0,0,0,0,0,0,0,0,0,0,0,0,0
0,0,0,0,0,0,0,0,0,0,0,0,0,0,0,0,0,0,0,0,0,0,0,0,0,0,0,0,0,0,0,0,0,0,0,0,0,0,0,0,0,0,0,0,0,0,0,0,0,0,0,0,0,0,0,0
0,0,0,0,0,0,0,0,0,0,0,0,0,0,0,0,0,0,0,0,0,0,0,0,0,0,0,0,0,0,0,0,0,0,0,0,0,0,0,0,0,0,0,0,0,0,0,0,0,0,0,0,0,0,0,0
0,0,0,0,0,0,0,0,0,0,0,0,0,0,0,0,0,0,0,0,0,0,0,0,0,0,0,0,0,0,0,0,0,0,0,0,0,0,0,0,0,0,0,0,0,0,0,0,0,0,0,0,0,0,0,0
0,0,0,0,0,0,0,0,0,0,0,0,0,0,0,0,0,0,0,0,0,0,0,0,0,0,0,0,0,0,0,0,0,0,0,0,0,0,0,0,0,0,0,0,0,0,0,0,0,0,0,0,0,0,0,0
0,0,0,0,0,0,0,0,0,0,0,0,0,0,0,0,0,0,0,0,0,0,0,0,0,0,0,0,0,0,0,0,0,0,0,0,0,0,0,0,0,0,0,0,0,0,0,0,0,0,0,0,0,0,0,0
0,0,0,0,0,0,0,0,0,0,0,0,0,0,0,0,0,0,0,0,0,0,0,0,0,0,0,0,0,0,0,0,0,0,0,0,0,0,0,0,0,0,0,0,0,0,0,0,0,0,0,0,0,0,0,0
0,0,0,0,0,0,0,0,0,0,0,0,0,0,0,0,0,0,0,0,0,0,0,0,0,0,0,0,0,0,0,0,0,0,0,0,0,0,0,0,0,0,0,0,0,0,0,0,0,0,0,0,0,0,0,0
0,0,0,0,0,0,0,0,0,0,0,0,0,0,0,0,0,0,0,0,0,0,0,0,0,0,0,0,0,0,0,0,0,0,0,0,0,0,0,0,0,0,0,0,0,0,0,0,0,0,0,0,0,0,0,0
0,0,0,0,0,0,0,0,0,0,0,0,0,0,0,0,0,0,0,0,0,0,0,0,0,0,0,0,0,0,0,0,0,0,0,0,0,0,0,0,0,0,0,0,0,0,0,0,0,0,0,0,0,0,0,0
0,0,0,0,0,0,0,0,0,0,0,0,0,0,0,0,0,0,0,0,0,0,0,0,0,0,0,0,0,0,0,0,0,0,0,0,0,0,0,0,0,0,0,0,0,0,0,0,0,0,0,0,0,0,0,0
0,0,0,0,0,0,0,0,0,0,0,0,0,0,0,0,0,0,0,0,0,0,0,0,0,0,0,0,0,0,0,0,0,0,0,0,0,0,0,0,0,0,0,0,0,0,0,0,0,0,0,0,0,0,0,0
0,0,0,0,0,0,0,0,0,0,0,0,0,0,0,0,0,0,0,0,0,0,0,0,0,0,0,0,0,0,0,0,0,0,0,0,0,0,0,0,0,0,0,0,0,0,0,0,0,0,0,0,0,0,0,0
0,0,0,0,0,0,0,0,0,0,0,0,0,0,0,0,0,0,0,0,0,0,0,0,0,0,0,0,0,0,0,0,0,0,0,0,0,0,0,0,0,0,0,0,0,0,0,0,0,0,0,0,0,0,0,0
0,0,0,0,0,0,0,0,0,0,0,0,0,0,0,0,0,0,0,0,0,0,0,0,0,0,0,0,0,0,0,0,0,0,0,0,0,0,0,0,0,0,0,0,0,0,0,0,0,0,0,0,0,0,0,0
0,0,0,0,0,0,0,0,0,0,0,0,0,0,0,0,0,0,0,0,0,0,0,0,0,0,0,0,0,0,0,0,0,0,0,0,0,0,0,0,0,0,0,0,0,0,0,0,0,0,0,0,0,0,0,0
0,0,0,0,0,0,0,0,0,0,0,0,0,0,0,0,0,0,0,0,0,0,0,0,0,0,0,0,0,0,0,0,0,0,0,0,0,0,0,0,0,0,0,0,0,0,0,0,0,0,0,0,0,0,0,0
0,0,0,0,0,0,0,0,0,0,0,0,0,0,0,0,0,0,0,0,0,0,0,0,0,0,0,0,0,0,0,0,0,0,0,0,0,0,0,0,0,0,0,0,0,0,0,0,0,0,0,0,0,0,0,0
0,0,0,0,0,0,0,0,0,0,0,0,0,0,0,0,0,0,0,0,0,0,0,0,0,0,0,0,0,0,0,0,0,0,0,0,0,0,0,0,0,0,0,0,0,0,0,0,0,0,0,0,0,0,0,0
0,0,0,0,0,0,0,0,0,0,0,0,0,0,0,0,0,0,0,0,0,0,0,0,0,0,0,0,0,0,0,0,0,0,0,0,0,0,0,0,0,0,0,0,0,0,0,0,0,0,0,0,0,0,0,0
0,0,0,0,0,0,0,0,0,0,0,0,0,0,0,0,0,0,0,0,0,0,0,0,0,0,0,0,0,0,0,0,0,0,0,0,0,0,0,0,0,0,0,0,0,0,0,0,0,0,0,0,0,0,0,0
0,0,0,0,0,0,0,0,0,0,0,0,0,0,0,0,0,0,0,0,0,0,0,0,0,0,0,0,0,0,0,0,0,0,0,0,0,0,0,0,0,0,0,0,0,0,0,0,0,0,0,0,0,0,0,0
0,0,0,0,0,0,0,0,0,0,0,0,0,0,0,0,0,0,0,0,0,0,0,0,0,0,0,0,0,0,0,0,0,0,0,0,0,0,0,0,0,0,0,0,0,0,0,0,0,0,0,0,0,0,0,0
0,0,0,0,0,0,0,0,0,0,0,0,0,0,0,0,0,0,0,0,0,0,0,0,0,0,0,0,0,0,0,0,0,0,0,0,0,0,0,0,0,0,0,0,0,0,0,0,0,0,0,0,0,0,0,0
0,0,0,0,0,0,0,0,0,0,0,0,0,0,0,0,0,0,0,0,0,0,0,0,0,0,0,0,0,0,0,0,0,0,0,0,0,0,0,0,0,0,0,0,0,0,0,0,0,0,0,0,0,0,0,0
0,0,0,0,0,0,0,0,0,0,0,0,0,0,0,0,0,0,0,0,0,0,0,0,0,0,0,0,0,0,0,0,0,0,0,0,0,0,0,0,0,0,0,0,0,0,0,0,0,0,0,0,0,0,0,0
0,0,0,0,0,0,0,0,0,0,0,0,0,0,0,0,0,0,0,0,0,0,0,0,0,0,0,0,0,0,0,0,0,0,0,0,0,0,0,0,0,0,0,0,0,0,0,0,0,0,0,0,0,0,0,0
0,0,0,0,0,0,0,0,0,0,0,0,0,0,0,0,0,0,0,0,0,0,0,0,0,0,0,0,0,0,0,0,0,0,0,0,0,0,0,0,0,0,0,0,0,0,0,0,0,0,0,0,0,0,0,0
0,0,0,0,0,0,0,0,0,0,0,0,0,0,0,0,0,0,0,0,0,0,0,0,0,0,0,0,0,0,0,0,0,0,0,0,0,0,0,0,0,0,0,0,0,0,0,0,0,0,0,0,0,0,0,0
0,0,0,0,0,0,0,0,0,0,0,0,0,0,0,0,0,0,0,0,0,0,0,0,0,0,0,0,0,0,0,0,0,0,0,0,0,0,0,0,0,0,0,0,0,0,0,0,0,0,0,0,0,0,0,0
0,0,0,0,0,0,0,0,0,0,0,0,0,0,0,0,0,0,0,0,0,0,0,0,0,0,0,0,0,0,0,0,0,0,0,0,0,0,0,0,0,0,0,0,0,0,0,0,0,0,0,0,0,0,0,0
0,0,0,0,0,0,0,0,0,0,0,0,0,0,0,0,0,0,0,0,0,0,0,0,0,0,0,0,0,0,0,0,0,0,0,0,0,0,0,0,0,0,0,0,0,0,0,0,0,0,0,0,0,0,0,0
0,0,0,0,0,0,0,0,0,0,0,0,0,0,0,0,0,0,0,0,0,0,0,0,0,0,0,0,0,0,0,0,0,0,0,0,0,0,0,0,0,0,0,0,0,0,0,0,0,0,0,0,0,0,0,0
0,0,0,0,0,0,0,0,0,0,0,0,0,0,0,0,0,0,0,0,0,0,0,0,0,0,0,0,0,0,0,0,0,0,0,0,0,0,0,0,0,0,0,0,0,0,0,0,0,0,0,0,0,0,0,0
0,0,0,0,0,0,0,0,0,0,0,0,0,0,0,0,0,0,0,0,0,0,0,0,0,0,0,0,0,0,0,0,0,0,0,0,0,0,0,0,0,0,0,0,0,0,0,0,0,0,0,0,0,0,0,0
0,0,0,0,0,0,0,0,0,0,0,0,0,0,0,0,0,0,0,0,0,0,0,0,0,0,0,0,0,0,0,0,0,0,0,0,0,0,0,0,0,0,0,0,0,0,0,0,0,0,0,0,0,0,0,0
0,0,0,0,0,0,0,0,0,0,0,0,0,0,0,0,0,0,0,0,0,0,0,0,0,0,0,0,0,0,0,0,0,0,0,0,0,0,0,0,0,0,0,0,0,0,0,0,0,0,0,0,0,0,0,0
0,0,0,0,0,0,0,0,0,0,0,0,0,0,0,0,0,0,0,0,0,0,0,0,0,0,0,0,0,0,0,0,0,0,0,0,0,0,0,0,0,0,0,0,0,0,0,0,0,0,0,0,0,0,0,0
0,0,0,0,0,0,0,0,0,0,0,0,0,0,0,0,0,0,0,0,0,0,0,0,0,0,0,0,0,0,0,0,0,0,0,0,0,0,0,0,0,0,0,0,0,0,0,0,0,0,0,0,0,0,0,0
0,0,0,0,0,0,0,0,0,0,0,0,0,0,0,0,0,0,0,0,0,0,0,0,0,0,0,0,0,0,0,0,0,0,0,0,0,0,0,0,0,0,0,0,0,0,0,0,0,0,0,0,0,0,0,0
0,0,0,0,0,0,0,0,0,0,0,0,0,0,0,0,0,0,0,0,0,0,0,0,0,0,0,0,0,0,0,0,0,0,0,0,0,0,0,0,0,0,0,0,0,0,0,0,0,0,0,0,0,0,0,0
0,0,0,0,0,0,0,0,0,0,0,0,0,0,0,0,0,0,0,0,0,0,0,0,0,0,0,0,0,0,0,0,0,0,0,0,0,0,0,0,0,0,0,0,0,0,0,0,0,0,0,0,0,0,0,0
0,0,0,0,0,0,0,0,0,0,0,0,0,0,0,0,0,0,0,0,0,0,0,0,0,0,0,0,0,0,0,0,0,0,0,0,0,0,0,0,0,0,0,0,0,0,0,0,0,0,0,0,0,0,0,0
0,0,0,0,0,0,0,0,0,0,0,0,0,0,0,0,0,0,0,0,0,0,0,0,0,0,0,0,0,0,0,0,0,0,0,0,0,0,0,0,0,0,0,0,0,0,0,0,0,0,0,0,0,0,0,0
0,0,0,0,0,0,0,0,0,0,0,0,0,0,0,0,0,0,0,0,0,0,0,0,0,0,0,0,0,0,0,0,0,0,0,0,0,0,0,0,0,0,0,0,0,0,0,0,0,0,0,0,0,0,0,0
0,0,0,0,0,0,0,0,0,0,0,0,0,0,0,0,0,0,0,0,0,0,0,0,0,0,0,0,0,0,0,0,0,0,0,0,0,0,0,0,0,0,0,0,0,0,0,0,0,0,0,0,0,0,0,0
0,0,0,0,0,0,0,0,0,0,0,0,0,0,0,0,0,0,0,0,0,0,0,0,0,0,0,0,0,0,0,0,0,0,0,0,0,0,0,0,0,0,0,0,0,0,0,0,0,0,0,0,0,0,0,0
0,0,0,0,0,0,0,0,0,0,0,0,0,0,0,0,0,0,0,0,0,0,0,0,0,0,0,0,0,0,0,0,0,0,0,0,0,0,0,0,0,0,0,0,0,0,0,0,0,0,0,0,0,0,0,0
0,0,0,0,0,0,0,0,0,0,0,0,0,0,0,0,0,0,0,0,0,0,0,0,0,0,0,0,0,0,0,0,0,0,0,0,0,0,0,0,0,0,0,0,0,0,0,0,0,0,0,0,0,0,0,0
0,0,0,0,0,0,0,0,0,0,0,0,0,0,0,0,0,0,0,0,0,0,0,0,0,0,0,0,0,0,0,0,0,0,0,0,0,0,0,0,0,0,0,0,0,0,0,0,0,0,0,0,0,0,0,0
0,0,0,0,0,0,0,0,0,0,0,0,0,0,0,0,0,0,0,0,0,0,0,0,0,0,0,0,0,0,0,0,0,0,0,0,0,0,0,0,0,0,0,0,0,0,0,0,0,0,0,0,0,0,0,0
0,0,0,0,0,0,0,0,0,0,0,0,0,0,0,0,0,0,0,0,0,0,0,0,0,0,0,0,0,0,0,0,0,0,0,0,0,0,0,0,0,0,0,0,0,0,0,0,0,0,0,0,0,0,0,0
0,0,0,0,0,0,0,0,0,0,0,0,0,0,0,0,0,0,0,0,0,0,0,0,0,0,0,0,0,0,0,0,0,0,0,0,0,0,0,0,0,0,0,0,0,0,0,0,0,0,0,0,0,0,0,0
0,0,0,0,0,0,0,0,0,0,0,0,0,0,0,0,0,0,0,0,0,0,0,0,0,0,0,0,0,0,0,0,0,0,0,0,0,0,0,0,0,0,0,0,0,0,0,0,0,0,0,0,0,0,0,0
0,0,0,0,0,0,0,0,0,0,0,0,0,0,0,0,0,0,0,0,0,0,0,0,0,0,0,0,0,0,0,0,0,0,0,0,0,0,0,0,0,0,0,0,0,0,0,0,0,0,0,0,0,0,0,0
0,0,0,0,0,0,0,0,0,0,0,0,0,0,0,0,0,0,0,0,0,0,0,0,0,0,0,0,0,0,0,0,0,0,0,0,0,0,0,0,0,0,0,0,0,0,0,0,0,0,0,0,0,0,0,0
0,0,0,0,0,0,0,0,0,0,0,0,0,0,0,0,0,0,0,0,0,0,0,0,0,0,0,0,0,0,0,0,0,0,0,0,0,0,0,0,0,0,0,0,0,0,0,0,0,0,0,0,0,0,0,0
0,0,0,0,0,0,0,0,0,0,0,0,0,0,0,0,0,0,0,0,0,0,0,0,0,0,0,0,0,0,0,0,0,0,0,0,0,0,0,0,0,0,0,0,0,0,0,0,0,0,0,0,0,0,0,0
0,0,0,0,0,0,0,0,0,0,0,0,0,0,0,0,0,0,0,0,0,0,0,0,0,0,0,0,0,0,0,0,0,0,0,0,0,0,0,0,0,0,0,0,0,0,0,0,0,0,0,0,0,0,0,0
0,0,0,0,0,0,0,0,0,0,0,0,0,0,0,0,0,0,0,0,0,0,0,0,0,0,0,0,0,0,0,0,0,0,0,0,0,0,0,0,0,0,0,0,0,0,0,0,0,0,0,0,0,0,0,0
0,0,0,0,0,0,0,0,0,0,0,0,0,0,0,0,0,0,0,0,0,0,0,0,0,0,0,0,0,0,0,0,0,0,0,0,0,0,0,0,0,0,0,0,0,0,0,0,0,0,0,0,0,0,0,0
0,0,0,0,0,0,0,0,0,0,0,0,0,0,0,0,0,0,0,0,0,0,0,0,0,0,0,0,0,0,0,0,0,0,0,0,0,0,0,0,0,0,0,0,0,0,0,0,0,0,0,0,0,0,0,0
0,0,0,0,0,0,0,0,0,0,0,0,0,0,0,0,0,0,0,0,0,0,0,0,0,0,0,0,0,0,0,0,0,0,0,0,0,0,0,0,0,0,0,0,0,0,0,0,0,0,0,0,0,0,0,0
0,0,0,0,0,0,0,0,0,0,0,0,0,0,0,0,0,0,0,0,0,0,0,0,0,0,0,0,0,0,0,0,0,0,0,0,0,0,0,0,0,0,0,0,0,0,0,0,0,0,0,0,0,0,0,0
0,0,0,0,0,0,0,0,0,0,0,0,0,0,0,0,0,0,0,0,0,0,0,0,0,0,0,0,0,0,0,0,0,0,0,0,0,0,0,0,0,0,0,0,0,0,0,0,0,0,0,0,0,0,0,0
0,0,0,0,0,0,0,0,0,0,0,0,0,0,0,0,0,0,0,0,0,0,0,0,0,0,0,0,0,0,0,0,0,0,0,0,0,0,0,0,0,0,0,0,0,0,0,0,0,0,0,0,0,0,0,0
0,0,0,0,0,0,0,0,0,0,0,0,0,0,0,0,0,0,0,0,0,0,0,0,0,0,0,0,0,0,0,0,0,0,0,0,0,0,0,0,0,0,0,0,0,0,0,0,0,0,0,0,0,0,0,0
0,0,0,0,0,0,0,0,0,0,0,0,0,0,0,0,0,0,0,0,0,0,0,0,0,0,0,0,0,0,0,0,0,0,0,0,0,0,0,0,0,0,0,0,0,0,0,0,0,0,0,0,0,0,0,0
0,0,0,0,0,0,0,0,0,0,0,0,0,0,0,0,0,0,0,0,0,0,0,0,0,0,0,0,0,0,0,0,0,0,0,0,0,0,0,0,0,0,0,0,0,0,0,0,0,0,0,0,0,0,0,0
0,0,0,0,0,0,0,0,0,0,0,0,0,0,0,0,0,0,0,0,0,0,0,0,0,0,0,0,0,0,0,0,0,0,0,0,0,0,0,0,0,0,0,0,0,0,0,0,0,0,0,0,0,0,0,0
0,0,0,0,0,0,0,0,0,0,0,0,0,0,0,0,0,0,0,0,0,0,0,0,0,0,0,0,0,0,0,0,0,0,0,0,0,0,0,0,0,0,0,0,0,0,0,0,0,0,0,0,0,0,0,0
0,0,0,0,0,0,0,0,0,0,0,0,0,0,0,0,0,0,0,0,0,0,0,0,0,0,0,0,0,0,0,0,0,0,0,0,0,0,0,0,0,0,0,0,0,0,0,0,0,0,0,0,0,0,0,0
0,0,0,0,0,0,0,0,0,0,0,0,0,0,0,0,0,0,0,0,0,0,0,0,0,0,0,0,0,0,0,0,0,0,0,0,0,0,0,0,0,0,0,0,0,0,0,0,0,0,0,0,0,0,0,0
0,0,0,0,0,0,0,0,0,0,0,0,0,0,0,0,0,0,0,0,0,0,0,0,0,0,0,0,0,0,0,0,0,0,0,0,0,0,0,0,0,0,0,0,0,0,0,0,0,0,0,0,0,0,0,0
0,0,0,0,0,0,0,0,0,0,0,0,0,0,0,0,0,0,0,0,0,0,0,0,0,0,0,0,0,0,0,0,0,0,0,0,0,0,0,0,0,0,0,0,0,0,0,0,0,0,0,0,0,0,0,0
0,0,0,0,0,0,0,0,0,0,0,0,0,0,0,0,0,0,0,0,0,0,0,0,0,0,0,0,0,0,0,0,0,0,0,0,0,0,0,0,0,0,0,0,0,0,0,0,0,0,0,0,0,0,0,0
0,0,0,0,0,0,0,0,0,0,0,0,0,0,0,0,0,0,0,0,0,0,0,0,0,0,0,0,0,0,0,0,0,0,0,0,0,0,0,0,0,0,0,0,0,0,0,0,0,0,0,0,0,0,0,0
0,0,0,0,0,0,0,0,0,0,0,0,0,0,0,0,0,0,0,0,0,0,0,0,0,0,0,0,0,0,0,0,0,0,0,0,0,0,0,0,0,0,0,0,0,0,0,0,0,0,0,0,0,0,0,0
0,0,0,0,0,0,0,0,0,0,0,0,0,0,0,0,0,0,0,0,0,0,0,0,0,0,0,0,0,0,0,0,0,0,0,0,0,0,0,0,0,0,0,0,0,0,0,0,0,0,0,0,0,0,0,0
0,0,0,0,0,0,0,0,0,0,0,0,0,0,0,0,0,0,0,0,0,0,0,0,0,0,0,0,0,0,0,0,0,0,0,0,0,0,0,0,0,0,0,0,0,0,0,0,0,0,0,0,0,0,0,0
0,0,0,0,0,0,0,0,0,0,0,0,0,0,0,0,0,0,0,0,0,0,0,0,0,0,0,0,0,0,0,0,0,0,0,0,0,0,0,0,0,0,0,0,0,0,0,0,0,0,0,0,0,0,0,0
0,0,0,0,0,0,0,0,0,0,0,0,0,0,0,0,0,0,0,0,0,0,0,0,0,0,0,0,0,0,0,0,0,0,0,0,0,0,0,0,0,0,0,0,0,0,0,0,0,0,0,0,0,0,0,0
0,0,0,0,0,0,0,0,0,0,0,0,0,0,0,0,0,0,0,0,0,0,0,0,0,0,0,0,0,0,0,0,0,0,0,0,0,0,0,0,0,0,0,0,0,0,0,0,0,0,0,0,0,0,0,0
0,0,0,0,0,0,0,0,0,0,0,0,0,0,0,0,0,0,0,0,0,0,0,0,0,0,0,0,0,0,0,0,0,0,0,0,0,0,0,0,0,0,0,0,0,0,0,0,0,0,0,0,0,0,0,0
0,0,0,0,0,0,0,0,0,0,0,0,0,0,0,0,0,0,0,0,0,0,0,0,0,0,0,0,0,0,0,0,0,0,0,0,0,0,0,0,0,0,0,0,0,0,0,0,0,0,0,0,0,0,0,0
0,0,0,0,0,0,0,0,0,0,0,0,0,0,0,0,0,0,0,0,0,0,0,0,0,0,0,0,0,0,0,0,0,0,0,0,0,0,0,0,0,0,0,0,0,0,0,0,0,0,0,0,0,0,0,0
0,0,0,0,0,0,0,0,0,0,0,0,0,0,0,0,0,0,0,0,0,0,0,0,0,0,0,0,0,0,0,0,0,0,0,0,0,0,0,0,0,0,0,0,0,0,0,0,0,0,0,0,0,0,0,0
0,0,0,0,0,0,0,0,0,0,0,0,0,0,0,0,0,0,0,0,0,0,0,0,0,0,0,0,0,0,0,0,0,0,0,0,0,0,0,0,0,0,0,0,0,0,0,0,0,0,0,0,0,0,0,0
0,0,0,0,0,0,0,0,0,0,0,0,0,0,0,0,0,0,0,0,0,0,0,0,0,0,0,0,0,0,0,0,0,0,0,0,0,0,0,0,0,0,0,0,0,0,0,0,0,0,0,0,0,0,0,0
0,0,0,0,0,0,0,0,0,0,0,0,0,0,0,0,0,0,0,0,0,0,0,0,0,0,0,0,0,0,0,0,0,0,0,0,0,0,0,0,0,0,0,0,0,0,0,0,0,0,0,0,0,0,0,0
0,0,0,0,0,0,0,0,0,0,0,0,0,0,0,0,0,0,0,0,0,0,0,0,0,0,0,0,0,0,0,0,0,0,0,0,0,0,0,0,0,0,0,0,0,0,0,0,0,0,0,0,0,0,0,0
0,0,0,0,0,0,0,0,0,0,0,0,0,0,0,0,0,0,0,0,0,0,0,0,0,0,0,0,0,0,0,0,0,0,0,0,0,0,0,0,0,0,0,0,0,0,0,0,0,0,0,0,0,0,0,0
0,0,0,0,0,0,0,0,0,0,0,0,0,0,0,0,0,0,0,0,0,0,0,0,0,0,0,0,0,0,0,0,0,0,0,0,0,0,0,0,0,0,0,0,0,0,0,0,0,0,0,0,0,0,0,0
0,0,0,0,0,0,0,0,0,0,0,0,0,0,0,0,0,0,0,0,0,0,0,0,0,0,0,0,0,0,0,0,0,0,0,0,0,0,0,0,0,0,0,0,0,0,0,0,0,0,0,0,0,0,0,0
0,0,0,0,0,0,0,0,0,0,0,0,0,0,0,0,0,0,0,0,0,0,0,0,0,0,0,0,0,0,0,0,0,0,0,0,0,0,0,0,0,0,0,0,0,0,0,0,0,0,0,0,0,0,0,0
0,0,0,0,0,0,0,0,0,0,0,0,0,0,0,0,0,0,0,0,0,0,0,0,0,0,0,0,0,0,0,0,0,0,0,0,0,0,0,0,0,0,0,0,0,0,0,0,0,0,0,0,0,0,0,0
0,0,0,0,0,0,0,0,0,0,0,0,0,0,0,0,0,0,0,0,0,0,0,0,0,0,0,0,0,0,0,0,0,0,0,0,0,0,0,0,0,0,0,0,0,0,0,0,0,0,0,0,0,0,0,0
0,0,0,0,0,0,0,0,0,0,0,0,0,0,0,0,0,0,0,0,0,0,0,0,0,0,0,0,0,0,0,0,0,0,0,0,0,0,0,0,0,0,0,0,0,0,0,0,0,0,0,0,0,0,0,0
0,0,0,0,0,0,0,0,0,0,0,0,0,0,0,0,0,0,0,0,0,0,0,0,0,0,0,0,0,0,0,0,0,0,0,0,0,0,0,0,0,0,0,0,0,0,0,0,0,0,0,0,0,0,0,0
0,0,0,0,0,0,0,0,0,0,0,0,0,0,0,0,0,0,0,0,0,0,0,0,0,0,0,0,0,0,0,0,0,0,0,0,0,0,0,0,0,0,0,0,0,0,0,0,0,0,0,0,0,0,0,0
0,0,0,0,0,0,0,0,0,0,0,0,0,0,0,0,0,0,0,0,0,0,0,0,0,0,0,0,0,0,0,0,0,0,0,0,0,0,0,0,0,0,0,0,0,0,0,0,0,0,0,0,0,0,0,0
0,0,0,0,0,0,0,0,0,0,0,0,0,0,0,0,0,0,0,0,0,0,0,0,0,0,0,0,0,0,0,0,0,0,0,0,0,0,0,0,0,0,0,0,0,0,0,0,0,0,0,0,0,0,0,0
0,0,0,0,0,0,0,0,0,0,0,0,0,0,0,0,0,0,0,0,0,0,0,0,0,0,0,0,0,0,0,0,0,0,0,0,0,0,0,0,0,0,0,0,0,0,0,0,0,0,0,0,0,0,0,0
0,0,0,0,0,0,0,0,0,0,0,0,0,0,0,0,0,0,0,0,0,0,0,0,0,0,0,0,0,0,0,0,0,0,0,0,0,0,0,0,0,0,0,0,0,0,0,0,0,0,0,0,0,0,0,0
0,0,0,0,0,0,0,0,0,0,0,0,0,0,0,0,0,0,0,0,0,0,0,0,0,0,0,0,0,0,0,0,0,0,0,0,0,0,0,0,0,0,0,0,0,0,0,0,0,0,0,0,0,0,0,0
0,0,0,0,0,0,0,0,0,0,0,0,0,0,0,0,0,0,0,0,0,0,0,0,0,0,0,0,0,0,0,0,0,0,0,0,0,0,0,0,0,0,0,0,0,0,0,0,0,0,0,0,0,0,0,0
0,0,0,0,0,0,0,0,0,0,0,0,0,0,0,0,0,0,0,0,0,0,0,0,0,0,0,0,0,0,0,0,0,0,0,0,0,0,0,0,0,0,0,0,0,0,0,0,0,0,0,0,0,0,0,0
0,0,0,0,0,0,0,0,0,0,0,0,0,0,0,0,0,0,0,0,0,0,0,0,0,0,0,0,0,0,0,0,0,0,0,0,0,0,0,0,0,0,0,0,0,0,0,0,0,0,0,0,0,0,0,0
0,0,0,0,0,0,0,0,0,0,0,0,0,0,0,0,0,0,0,0,0,0,0,0,0,0,0,0,0,0,0,0,0,0,0,0,0,0,0,0,0,0,0,0,0,0,0,0,0,0,0,0,0,0,0,0
0,0,0,0,0,0,0,0,0,0,0,0,0,0,0,0,0,0,0,0,0,0,0,0,0,0,0,0,0,0,0,0,0,0,0,0,0,0,0,0,0,0,0,0,0,0,0,0,0,0,0,0,0,0,0,0
0,0,0,0,0,0,0,0,0,0,0,0,0,0,0,0,0,0,0,0,0,0,0,0,0,0,0,0,0,0,0,0,0,0,0,0,0,0,0,0,0,0,0,0,0,0,0,0,0,0,0,0,0,0,0,0
0,0,0,0,0,0,0,0,0,0,0,0,0,0,0,0,0,0,0,0,0,0,0,0,0,0,0,0,0,0,0,0,0,0,0,0,0,0,0,0,0,0,0,0,0,0,0,0,0,0,0,0,0,0,0,0
0,0,0,0,0,0,0,0,0,0,0,0,0,0,0,0,0,0,0,0,0,0,0,0,0,0,0,0,0,0,0,0,0,0,0,0,0,0,0,0,0,0,0,0,0,0,0,0,0,0,0,0,0,0,0,0
0,0,0,0,0,0,0,0,0,0,0,0,0,0,0,0,0,0,0,0,0,0,0,0,0,0,0,0,0,0,0,0,0,0,0,0,0,0,0,0,0,0,0,0,0,0,0,0,0,0,0,0,0,0,0,0
0,0,0,0,0,0,0,0,0,0,0,0,0,0,0,0,0,0,0,0,0,0,0,0,0,0,0,0,0,0,0,0,0,0,0,0,0,0,0,0,0,0,0,0,0,0,0,0,0,0,0,0,0,0,0,0
0,0,0,0,0,0,0,0,0,0,0,0,0,0,0,0,0,0,0,0,0,0,0,0,0,0,0,0,0,0,0,0,0,0,0,0,0,0,0,0,0,0,0,0,0,0,0,0,0,0,0,0,0,0,0,0
0,0,0,0,0,0,0,0,0,0,0,0,0,0,0,0,0,0,0,0,0,0,0,0,0,0,0,0,0,0,0,0,0,0,0,0,0,0,0,0,0,0,0,0,0,0,0,0,0,0,0,0,0,0,0,0
0,0,0,0,0,0,0,0,0,0,0,0,0,0,0,0,0,0,0,0,0,0,0,0,0,0,0,0,0,0,0,0,0,0,0,0,0,0,0,0,0,0,0,0,0,0,0,0,0,0,0,0,0,0,0,0
0,0,0,0,0,0,0,0,0,0,0,0,0,0,0,0,0,0,0,0,0,0,0,0,0,0,0,0,0,0,0,0,0,0,0,0,0,0,0,0,0,0,0,0,0,0,0,0,0,0,0,0,0,0,0,0
0,0,0,0,0,0,0,0,0,0,0,0,0,0,0,0,0,0,0,0,0,0,0,0,0,0,0,0,0,0,0,0,0,0,0,0,0,0,0,0,0,0,0,0,0,0,0,0,0,0,0,0,0,0,0,0
0,0,0,0,0,0,0,0,0,0,0,0,0,0,0,0,0,0,0,0,0,0,0,0,0,0,0,0,0,0,0,0,0,0,0,0,0,0,0,0,0,0,0,0,0,0,0,0,0,0,0,0,0,0,0,0
0,0,0,0,0,0,0,0,0,0,0,0,0,0,0,0,0,0,0,0,0,0,0,0,0,0,0,0,0,0,0,0,0,0,0,0,0,0,0,0,0,0,0,0,0,0,0,0,0,0,0,0,0,0,0,0
0,0,0,0,0,0,0,0,0,0,0,0,0,0,0,0,0,0,0,0,0,0,0,0,0,0,0,0,0,0,0,0,0,0,0,0,0,0,0,0,0,0,0,0,0,0,0,0,0,0,0,0,0,0,0,0
0,0,0,0,0,0,0,0,0,0,0,0,0,0,0,0,0,0,0,0,0,0,0,0,0,0,0,0,0,0,0,0,0,0,0,0,0,0,0,0,0,0,0,0,0,0,0,0,0,0,0,0,0,0,0,0
0,0,0,0,0,0,0,0,0,0,0,0,0,0,0,0,0,0,0,0,0,0,0,0,0,0,0,0,0,0,0,0,0,0,0,0,0,0,0,0,0,0,0,0,0,0,0,0,0,0,0,0,0,0,0,0
0,0,0,0,0,0,0,0,0,0,0,0,0,0,0,0,0,0,0,0,0,0,0,0,0,0,0,0,0,0,0,0,0,0,0,0,0,0,0,0,0,0,0,0,0,0,0,0,0,0,0,0,0,0,0,0
0,0,0,0,0,0,0,0,0,0,0,0,0,0,0,0,0,0,0,0,0,0,0,0,0,0,0,0,0,0,0,0,0,0,0,0,0,0,0,0,0,0,0,0,0,0,0,0,0,0,0,0,0,0,0,0
0,0,0,0,0,0,0,0,0,0,0,0,0,0,0,0,0,0,0,0,0,0,0,0,0,0,0,0,0,0,0,0,0,0,0,0,0,0,0,0,0,0,0,0,0,0,0,0,0,0,0,0,0,0,0,0
0,0,0,0,0,0,0,0,0,0,0,0,0,0,0,0,0,0,0,0,0,0,0,0,0,0,0,0,0,0,0,0,0,0,0,0,0,0,0,0,0,0,0,0,0,0,0,0,0,0,0,0,0,0,0,0
0,0,0,0,0,0,0,0,0,0,0,0,0,0,0,0,0,0,0,0,0,0,0,0,0,0,0,0,0,0,0,0,0,0,0,0,0,0,0,0,0,0,0,0,0,0,0,0,0,0,0,0,0,0,0,0
0,0,0,0,0,0,0,0,0,0,0,0,0,0,0,0,0,0,0,0,0,0,0,0,0,0,0,0,0,0,0,0,0,0,0,0,0,0,0,0,0,0,0,0,0,0,0,0,0,0,0,0,0,0,0,0
0,0,0,0,0,0,0,0,0,0,0,0,0,0,0,0,0,0,0,0,0,0,0,0,0,0,0,0,0,0,0,0,0,0,0,0,0,0,0,0,0,0,0,0,0,0,0,0,0,0,0,0,0,0,0,0
0,0,0,0,0,0,0,0,0,0,0,0,0,0,0,0,0,0,0,0,0,0,0,0,0,0,0,0,0,0,0,0,0,0,0,0,0,0,0,0,0,0,0,0,0,0,0,0,0,0,0,0,0,0,0,0
0,0,0,0,0,0,0,0,0,0,0,0,0,0,0,0,0,0,0,0,0,0,0,0,0,0,0,0,0,0,0,0,0,0,0,0,0,0,0,0,0,0,0,0,0,0,0,0,0,0,0,0,0,0,0,0
0,0,0,0,0,0,0,0,0,0,0,0,0,0,0,0,0,0,0,0,0,0,0,0,0,0,0,0,0,0,0,0,0,0,0,0,0,0,0,0,0,0,0,0,0,0,0,0,0,0,0,0,0,0,0,0
0,0,0,0,0,0,0,0,0,0,0,0,0,0,0,0,0,0,0,0,0,0,0,0,0,0,0,0,0,0,0,0,0,0,0,0,0,0,0,0,0,0,0,0,0,0,0,0,0,0,0,0,0,0,0,0
0,0,0,0,0,0,0,0,0,0,0,0,0,0,0,0,0,0,0,0,0,0,0,0,0,0,0,0,0,0,0,0,0,0,0,0,0,0,0,0,0,0,0,0,0,0,0,0,0,0,0,0,0,0,0,0
0,0,0,0,0,0,0,0,0,0,0,0,0,0,0,0,0,0,0,0,0,0,0,0,0,0,0,0,0,0,0,0,0,0,0,0,0,0,0,0,0,0,0,0,0,0,0,0,0,0,0,0,0,0,0,0
0,0,0,0,0,0,0,0,0,0,0,0,0,0,0,0,0,0,0,0,0,0,0,0,0,0,0,0,0,0,0,0,0,0,0,0,0,0,0,0,0,0,0,0,0,0,0,0,0,0,0,0,0,0,0,0
0,0,0,0,0,0,0,0,0,0,0,0,0,0,0,0,0,0,0,0,0,0,0,0,0,0,0,0,0,0,0,0,0,0,0,0,0,0,0,0,0,0,0,0,0,0,0,0,0,0,0,0,0,0,0,0
0,0,0,0,0,0,0,0,0,0,0,0,0,0,0,0,0,0,0,0,0,0,0,0,0,0,0,0,0,0,0,0,0,0,0,0,0,0,0,0,0,0,0,0,0,0,0,0,0,0,0,0,0,0,0,0
0,0,0,0,0,0,0,0,0,0,0,0,0,0,0,0,0,0,0,0,0,0,0,0,0,0,0,0,0,0,0,0,0,0,0,0,0,0,0,0,0,0,0,0,0,0,0,0,0,0,0,0,0,0,0,0
0,0,0,0,0,0,0,0,0,0,0,0,0,0,0,0,0,0,0,0,0,0,0,0,0,0,0,0,0,0,0,0,0,0,0,0,0,0,0,0,0,0,0,0,0,0,0,0,0,0,0,0,0,0,0,0
0,0,0,0,0,0,0,0,0,0,0,0,0,0,0,0,0,0,0,0,0,0,0,0,0,0,0,0,0,0,0,0,0,0,0,0,0,0,0,0,0,0,0,0,0,0,0,0,0,0,0,0,0,0,0,0
0,0,0,0,0,0,0,0,0,0,0,0,0,0,0,0,0,0,0,0,0,0,0,0,0,0,0,0,0,0,0,0,0,0,0,0,0,0,0,0,0,0,0,0,0,0,0,0,0,0,0,0,0,0,0,0
0,0,0,0,0,0,0,0,0,0,0,0,0,0,0,0,0,0,0,0,0,0,0,0,0,0,0,0,0,0,0,0,0,0,0,0,0,0,0,0,0,0,0,0,0,0,0,0,0,0,0,0,0,0,0,0
0,0,0,0,0,0,0,0,0,0,0,0,0,0,0,0,0,0,0,0,0,0,0,0,0,0,0,0,0,0,0,0,0,0,0,0,0,0,0,0,0,0,0,0,0,0,0,0,0,0,0,0,0,0,0,0
0,0,0,0,0,0,0,0,0,0,0,0,0,0,0,0,0,0,0,0,0,0,0,0,0,0,0,0,0,0,0,0,0,0,0,0,0,0,0,0,0,0,0,0,0,0,0,0,0,0,0,0,0,0,0,0
0,0,0,0,0,0,0,0,0,0,0,0,0,0,0,0,0,0,0,0,0,0,0,0,0,0,0,0,0,0,0,0,0,0,0,0,0,0,0,0,0,0,0,0,0,0,0,0,0,0,0,0,0,0,0,0
0,0,0,0,0,0,0,0,0,0,0,0,0,0,0,0,0,0,0,0,0,0,0,0,0,0,0,0,0,0,0,0,0,0,0,0,0,0,0,0,0,0,0,0,0,0,0,0,0,0,0,0,0,0,0,0
0,0,0,0,0,0,0,0,0,0,0,0,0,0,0,0,0,0,0,0,0,0,0,0,0,0,0,0,0,0,0,0,0,0,0,0,0,0,0,0,0,0,0,0,0,0,0,0,0,0,0,0,0,0,0,0
0,0,0,0,0,0,0,0,0,0,0,0,0,0,0,0,0,0,0,0,0,0,0,0,0,0,0,0,0,0,0,0,0,0,0,0,0,0,0,0,0,0,0,0,0,0,0,0,0,0,0,0,0,0,0,0
0,0,0,0,0,0,0,0,0,0,0,0,0,0,0,0,0,0,0,0,0,0,0,0,0,0,0,0,0,0,0,0,0,0,0,0,0,0,0,0,0,0,0,0,0,0,0,0,0,0,0,0,0,0,0,0
0,0,0,0,0,0,0,0,0,0,0,0,0,0,0,0,0,0,0,0,0,0,0,0,0,0,0,0,0,0,0,0,0,0,0,0,0,0,0,0,0,0,0,0,0,0,0,0,0,0,0,0,0,0,0,0
0,0,0,0,0,0,0,0,0,0,0,0,0,0,0,0,0,0,0,0,0,0,0,0,0,0,0,0,0,0,0,0,0,0,0,0,0,0,0,0,0,0,0,0,0,0,0,0,0,0,0,0,0,0,0,0
0,0,0,0,0,0,0,0,0,0,0,0,0,0,0,0,0,0,0,0,0,0,0,0,0,0,0,0,0,0,0,0,0,0,0,0,0,0,0,0,0,0,0,0,0,0,0,0,0,0,0,0,0,0,0,0
0,0,0,0,0,0,0,0,0,0,0,0,0,0,0,0,0,0,0,0,0,0,0,0,0,0,0,0,0,0,0,0,0,0,0,0,0,0,0,0,0,0,0,0,0,0,0,0,0,0,0,0,0,0,0,0
0,0,0,0,0,0,0,0,0,0,0,0,0,0,0,0,0,0,0,0,0,0,0,0,0,0,0,0,0,0,0,0,0,0,0,0,0,0,0,0,0,0,0,0,0,0,0,0,0,0,0,0,0,0,0,0
