-106,-140,-150,-168,-171,-158,-123,-85,-58,-33,-28,-32,-46,-60,-85,-109,-125,-150,-145,-149,-161,-183,-211,-232,-270,-298,-320,-345,-364,-356,-321,-278,-225,-175,-123,-84,-41,-4,33,74,105,136,176,194,201,194,160,122,46,3,-49,-85,-119,-136,-151,-175
-33,-22,-4,7,12,25,35,54,56,55,50,42,35,15,-9,-34,-63,-87,-115,-140,-160,-176,-179,-178,-170,-160,-138,-106,-53,-36,-14,4,21,30,33,31,17,1,-20,-38,-59,-77,-102,-116,-125,-133,-129,-119,-108,-84,-61,-31,5,39,67,91
-5,1,8,14,21,30,35,42,44,48,48,50,48,36,24,8,-12,-30,-59,-83,-110,-132,-150,-163,-172,-179,-176,-172,-150,-136,-111,-93,-64,-42,-22,-4,-1,5,4,-1,-11,-26,-48,-71,-94,-116,-136,-152,-161,-172,-174,-176,-170,-168,-163,-156
203,205,196,190,178,147,114,79,41,1,-36,-66,-91,-116,-143,-163,-186,-204,-230,-268,-290,-325,-346,-361,-385,-388,-387,-395,-362,-340,-290,-265,-200,-155,-107,-66,-40,0,37,84,126,153,195,226,280,311,350,375,394,387,388,368,351,322,307,295
-2,5,10,13,15,7,-12,-34,-59,-97,-127,-161,-189,-212,-229,-247,-249,-259,-264,-257,-263,-269,-276,-270,-284,-286,-273,-273,-256,-243,-212,-190,-145,-109,-70,-39,-20,4,29,50,72,88,102,117,156,176,207,222,252,248,258,240,225,208,197,180
169,174,162,159,146,136,112,97,74,52,34,17,13,-12,-37,-56,-84,-102,-140,-173,-207,-241,-268,-285,-312,-317,-322,-333,-312,-281,-248,-225,-170,-125,-88,-53,-33,4,32,62,89,103,119,138,162,181,189,205,213,197,188,165,144,114,83,62
77,74,82,77,63,62,63,92,94,109,128,134,166,172,168,170,159,158,120,100,71,49,32,5,-7,-24,-41,-65,-65,-61,-55,-56,-48,-41,-39,-39,-23,-12,10,39,68,96,143,178,212,242,268,281,277,288,280,276,284,277,292,283
-203,-208,-200,-187,-156,-136,-111,-107,-97,-111,-131,-157,-190,-211,-240,-260,-272,-277,-290,-291,-316,-325,-354,-360,-371,-363,-368,-372,-316,-258,-211,-164,-114,-79,-55,-40,-29,-13,-1,19,17,17,4,-14,-35,-84,-138,-186,-247,-272,-292,-307,-318,-320,-309,-317
198,197,197,189,173,154,136,129,117,103,96,77,71,66,47,36,16,-2,-51,-91,-131,-170,-205,-230,-263,-280,-295,-317,-299,-262,-245,-218,-168,-135,-101,-67,-46,-11,32,86,130,176,219,273,327,371,415,435,447,441,438,424,410,390,374,359
-144,-146,-141,-136,-128,-117,-105,-92,-84,-74,-60,-50,-44,-34,-14,5,23,45,80,122,149,185,210,236,263,269,285,297,286,261,225,210,157,123,89,58,28,6,-27,-62,-92,-114,-147,-167,-198,-217,-243,-258,-267,-260,-252,-226,-207,-179,-153,-134
-98,-101,-104,-102,-96,-96,-95,-113,-115,-124,-131,-131,-148,-147,-137,-118,-90,-72,-23,23,64,117,156,189,229,245,266,301,305,263,243,229,172,146,108,71,43,1,-43,-91,-133,-173,-223,-266,-309,-351,-387,-407,-422,-404,-396,-380,-354,-318,-286,-264
49,55,44,44,45,31,15,-29,-56,-91,-123,-155,-200,-218,-230,-239,-239,-257,-237,-241,-231,-226,-230,-212,-222,-215,-201,-182,-161,-151,-125,-113,-83,-58,-29,-9,-1,12,15,16,12,1,-20,-30,-35,-41,-43,-44,-26,-34,-39,-49,-62,-75,-104,-103
201,203,195,191,175,159,133,118,97,77,59,39,27,9,-12,-33,-58,-77,-122,-164,-208,-240,-277,-301,-329,-344,-353,-372,-350,-317,-280,-256,-196,-148,-106,-71,-41,-6,34,80,121,154,192,226,269,306,334,358,375,367,354,330,313,283,254,235
-51,-62,-76,-81,-78,-75,-69,-66,-50,-29,-4,23,41,71,101,125,146,160,167,169,164,158,142,117,86,52,20,-18,-63,-78,-85,-91,-84,-73,-61,-43,-19,4,26,43,57,66,74,70,60,52,36,13,-2,-36,-60,-88,-119,-140,-164,-174
-184,-189,-179,-175,-160,-142,-110,-85,-56,-30,-6,21,35,61,83,106,130,144,175,204,231,259,286,303,322,329,330,337,317,286,248,228,165,126,88,54,31,-1,-30,-61,-89,-104,-129,-143,-173,-186,-211,-217,-238,-218,-219,-194,-176,-148,-121,-101
-32,-59,-70,-86,-99,-98,-75,-41,-6,22,44,57,60,66,61,54,48,36,47,49,51,56,43,37,11,-12,-31,-51,-118,-138,-156,-139,-136,-106,-75,-49,-15,13,43,68,106,146,190,245,277,341,373,390,389,381,353,327,309,290,271,253
72,75,62,57,59,39,18,-35,-66,-103,-140,-167,-222,-239,-251,-258,-261,-268,-247,-233,-219,-202,-193,-165,-156,-143,-116,-90,-59,-58,-40,-28,-15,1,11,20,16,14,-2,-25,-48,-83,-126,-164,-196,-230,-255,-270,-272,-279,-284,-285,-295,-300,-307,-310
-109,-109,-108,-100,-79,-61,-33,-12,15,43,72,96,106,123,129,130,122,102,78,42,7,-26,-62,-92,-121,-142,-165,-185,-191,-176,-156,-140,-103,-73,-48,-25,-10,7,14,16,12,-1,-16,-39,-70,-94,-118,-142,-156,-175,-186,-191,-200,-199,-189,-183
35,41,36,38,48,32,9,-33,-62,-105,-141,-171,-218,-240,-257,-272,-284,-291,-285,-279,-280,-284,-285,-285,-282,-281,-267,-252,-239,-227,-202,-170,-130,-98,-58,-26,-9,10,24,36,46,49,54,55,65,75,91,100,122,124,116,102,86,62,39,34
-205,-207,-200,-193,-181,-152,-122,-86,-57,-23,9,41,66,92,112,136,153,176,205,240,264,298,320,341,359,368,374,380,358,322,282,252,191,146,100,64,36,5,-32,-75,-110,-138,-172,-199,-239,-265,-301,-315,-335,-326,-326,-307,-288,-262,-235,-219
-165,-162,-164,-158,-138,-132,-111,-122,-108,-106,-102,-91,-109,-102,-82,-70,-50,-33,10,51,80,126,156,183,211,216,234,261,252,217,199,182,137,112,89,65,42,6,-28,-76,-117,-160,-206,-253,-305,-352,-384,-406,-419,-413,-410,-395,-381,-371,-361,-349
36,1,-16,-44,-74,-80,-56,-20,14,45,68,78,78,81,69,55,49,21,27,24,18,9,-11,-37,-76,-106,-141,-173,-244,-262,-261,-231,-204,-163,-117,-79,-35,8,50,86,125,170,219,261,285,316,305,283,233,186,125,79,43,18,-6,-40
147,152,130,126,127,99,63,8,-37,-83,-130,-163,-215,-245,-270,-288,-296,-314,-308,-313,-317,-321,-315,-306,-298,-285,-260,-249,-216,-192,-163,-134,-99,-66,-28,-5,4,14,14,11,-3,-20,-53,-74,-97,-113,-131,-137,-126,-145,-149,-160,-179,-192,-224,-234
188,194,200,196,167,144,107,86,55,19,-11,-49,-52,-76,-100,-115,-135,-140,-175,-203,-233,-261,-282,-299,-322,-328,-335,-345,-313,-286,-246,-223,-167,-131,-96,-67,-43,-5,30,79,118,152,198,238,293,326,361,381,392,385,384,368,356,347,346,332
225,230,225,213,194,165,139,122,114,126,142,171,192,226,258,277,297,303,309,317,330,357,386,396,419,410,422,430,384,325,274,225,161,117,84,56,38,9,-8,-36,-49,-56,-55,-52,-35,6,61,113,186,216,251,266,287,297,283,299
-108,-103,-89,-77,-63,-41,-16,11,38,61,82,98,103,107,104,89,69,36,1,-43,-83,-122,-154,-182,-204,-215,-221,-220,-193,-171,-138,-118,-75,-46,-20,-3,3,5,-1,-15,-35,-62,-94,-124,-162,-187,-213,-227,-236,-230,-221,-203,-176,-147,-115,-86
-156,-136,-124,-98,-64,-49,-40,-60,-73,-99,-131,-154,-191,-207,-218,-219,-226,-225,-231,-251,-255,-271,-278,-273,-265,-233,-217,-204,-132,-68,-34,-8,21,24,21,13,-7,-18,-32,-38,-64,-87,-134,-177,-218,-279,-326,-365,-397,-402,-396,-380,-365,-347,-330,-313
92,84,69,59,40,20,-4,-29,-50,-70,-87,-100,-101,-97,-89,-71,-47,-18,22,65,110,143,176,200,217,233,235,233,204,175,145,115,74,44,17,-1,-3,-4,2,17,35,64,96,131,163,198,222,239,248,245,240,224,198,177,142,115
216,210,183,158,143,124,104,96,101,112,144,185,222,246,271,289,294,307,309,326,336,357,379,393,420,411,421,424,398,351,297,264,197,147,102,70,38,13,-24,-67,-100,-134,-159,-182,-210,-206,-189,-163,-112,-91,-54,-29,-8,13,7,24
-57,-54,-56,-45,-36,-38,-49,-71,-88,-120,-146,-169,-195,-216,-231,-246,-256,-250,-245,-225,-223,-220,-219,-208,-210,-198,-189,-181,-182,-170,-156,-130,-102,-75,-42,-16,-4,11,21,30,37,41,37,43,52,64,79,94,117,117,123,115,97,84,62,55
68,70,72,71,58,58,67,88,99,111,130,132,145,159,155,156,147,130,98,65,35,5,-22,-40,-74,-83,-102,-131,-135,-115,-112,-103,-81,-70,-58,-44,-33,-6,26,62,96,129,173,219,258,299,331,357,360,356,358,346,343,331,327,317
-60,-65,-60,-58,-62,-46,-26,14,39,76,110,138,181,199,219,231,241,243,248,245,252,254,258,255,253,250,239,232,210,196,166,148,114,81,49,24,7,-8,-20,-31,-40,-42,-35,-39,-44,-49,-58,-66,-80,-80,-74,-65,-47,-27,-4,3
105,105,109,104,87,70,50,28,4,-25,-50,-77,-99,-117,-130,-136,-140,-133,-120,-103,-84,-64,-37,-11,21,43,68,97,122,116,112,108,89,74,56,38,17,-2,-24,-36,-49,-57,-65,-65,-56,-54,-46,-30,-20,3,23,46,71,94,116,127
135,138,140,134,124,99,80,50,20,-7,-38,-70,-94,-110,-128,-140,-155,-168,-186,-211,-230,-248,-264,-275,-293,-299,-299,-304,-280,-255,-221,-202,-150,-113,-80,-50,-27,-3,28,63,91,119,148,176,215,241,268,287,303,296,302,289,276,255,246,232
102,106,111,108,94,97,92,112,112,121,131,128,150,145,131,118,98,81,25,-18,-61,-101,-143,-173,-219,-247,-264,-298,-295,-261,-238,-220,-172,-139,-105,-71,-43,-4,38,89,131,175,227,264,312,354,393,415,428,418,407,385,360,332,301,278
-166,-168,-158,-156,-145,-136,-114,-95,-75,-55,-42,-25,-15,7,26,52,75,92,133,170,202,241,268,292,312,313,327,334,320,280,250,220,168,127,87,53,29,-1,-34,-65,-88,-105,-114,-135,-142,-162,-175,-179,-189,-171,-159,-137,-115,-84,-48,-28
-134,-132,-139,-133,-108,-97,-84,-98,-94,-98,-104,-99,-129,-127,-121,-125,-115,-115,-88,-60,-44,-27,-12,3,16,16,30,49,45,20,23,21,15,13,17,19,18,14,1,-22,-37,-57,-81,-102,-124,-135,-142,-143,-131,-132,-125,-125,-138,-146,-148,-152
-101,-96,-81,-70,-55,-36,-8,17,39,60,79,90,93,89,83,68,42,17,-23,-59,-98,-135,-163,-187,-203,-212,-212,-206,-171,-149,-115,-93,-57,-29,-7,7,5,4,-7,-25,-46,-71,-104,-129,-164,-185,-205,-215,-216,-207,-194,-167,-140,-103,-71,-39
148,145,149,144,115,105,93,105,100,96,102,98,122,122,119,118,109,108,80,55,35,12,-7,-15,-31,-38,-42,-65,-56,-39,-31,-31,-22,-25,-24,-26,-21,-9,2,30,42,64,92,115,138,152,163,168,151,151,142,142,148,155,161,164
59,65,76,78,75,71,68,56,43,25,7,-15,-38,-60,-81,-101,-118,-138,-147,-153,-155,-155,-151,-132,-120,-105,-78,-48,-4,11,27,34,38,44,40,32,17,-2,-20,-39,-60,-77,-103,-113,-130,-135,-138,-133,-130,-106,-90,-64,-31,-3,30,47
188,187,169,152,146,120,103,90,92,104,120,153,168,192,216,231,243,249,249,261,269,291,307,316,340,332,338,340,306,267,222,191,136,103,74,50,32,7,-13,-40,-54,-66,-75,-82,-82,-54,-25,6,63,87,120,140,158,164,159,173
16,19,25,27,29,29,30,29,27,23,18,11,0,-8,-18,-29,-39,-50,-62,-74,-82,-88,-91,-90,-88,-83,-76,-65,-43,-34,-22,-14,-3,4,8,10,6,3,-7,-15,-26,-39,-53,-64,-77,-88,-96,-98,-99,-95,-89,-79,-66,-51,-37,-27
-117,-92,-76,-50,-18,-2,-1,-29,-53,-76,-112,-130,-158,-168,-168,-165,-157,-153,-154,-170,-163,-170,-161,-148,-127,-95,-65,-38,46,85,107,108,113,97,70,47,12,-13,-42,-66,-105,-150,-204,-248,-290,-341,-369,-378,-367,-342,-309,-275,-248,-219,-200,-164
24,13,0,-5,-19,-27,-43,-49,-57,-59,-60,-58,-46,-33,-15,5,30,56,90,122,148,172,189,200,206,206,193,179,139,117,86,70,37,16,-1,-11,-6,-4,8,25,46,69,105,129,164,184,205,215,220,211,206,186,162,134,106,81
-6,2,20,28,30,38,45,53,52,47,40,26,15,-6,-27,-50,-76,-91,-120,-136,-156,-165,-170,-166,-153,-145,-126,-97,-49,-35,-11,4,17,27,30,27,13,0,-19,-37,-59,-75,-97,-114,-126,-138,-139,-133,-126,-105,-85,-58,-25,8,36,56
219,227,206,200,193,168,127,74,33,-19,-57,-93,-131,-167,-194,-225,-253,-272,-297,-316,-349,-367,-381,-390,-400,-396,-387,-377,-349,-309,-276,-234,-173,-125,-76,-39,-19,9,25,45,54,51,45,37,41,36,34,36,43,28,16,-2,-27,-57,-89,-113
-153,-158,-139,-136,-132,-106,-72,-16,21,65,112,144,195,225,243,267,278,292,293,299,304,308,310,310,304,302,288,265,230,214,176,153,113,77,44,18,5,-13,-15,-16,-15,-1,20,41,54,61,68,75,64,76,83,99,113,134,166,174
-197,-196,-205,-195,-165,-145,-122,-124,-105,-99,-94,-79,-93,-86,-74,-70,-61,-46,-10,25,49,79,101,126,143,137,157,177,159,131,116,104,70,61,53,40,33,9,-18,-53,-83,-112,-152,-183,-227,-249,-267,-280,-271,-270,-262,-258,-264,-262,-272,-264
67,67,56,53,50,36,13,-30,-59,-93,-124,-146,-185,-202,-212,-222,-229,-224,-213,-191,-181,-168,-152,-135,-121,-114,-90,-65,-36,-39,-25,-13,-6,5,14,19,15,6,-7,-28,-46,-78,-116,-151,-185,-218,-240,-255,-261,-264,-266,-266,-265,-269,-283,-280
125,120,130,122,105,97,92,107,114,122,134,133,152,164,161,155,146,136,104,66,39,13,-15,-35,-57,-71,-87,-110,-107,-93,-85,-83,-61,-52,-49,-40,-29,-11,16,52,83,122,164,204,248,280,303,321,319,317,322,310,317,313,321,311
-102,-104,-102,-101,-91,-91,-84,-102,-100,-105,-113,-113,-134,-128,-111,-107,-86,-72,-27,14,52,90,124,156,183,190,215,248,240,217,199,182,144,112,86,58,34,2,-33,-79,-118,-155,-199,-240,-289,-325,-357,-379,-390,-386,-378,-356,-346,-318,-295,-281
78,84,84,86,85,73,41,2,-37,-77,-120,-155,-192,-220,-242,-258,-279,-290,-290,-310,-321,-329,-343,-354,-369,-374,-367,-361,-334,-314,-273,-247,-189,-143,-94,-57,-28,8,41,76,104,128,157,183,230,261,295,319,346,346,343,329,307,285,276,264
174,170,164,160,152,135,120,107,88,73,60,42,39,21,-2,-16,-44,-59,-102,-137,-170,-213,-240,-264,-291,-303,-306,-325,-306,-285,-243,-232,-172,-133,-92,-59,-33,3,36,76,107,135,174,195,238,268,291,311,324,307,310,283,261,230,213,185
131,128,135,122,105,93,86,99,99,108,122,123,140,153,151,154,152,144,121,93,75,58,44,32,19,21,9,-10,-1,10,6,9,12,5,-7,-12,-14,-6,3,17,26,41,67,83,104,110,110,109,94,93,87,91,98,110,124,118
-68,-67,-69,-69,-63,-66,-66,-82,-88,-100,-110,-115,-139,-135,-123,-116,-100,-88,-53,-14,14,51,77,104,136,147,169,195,198,176,162,154,116,94,75,52,32,1,-29,-70,-101,-136,-180,-214,-257,-291,-321,-343,-354,-349,-341,-320,-312,-286,-268,-256
-198,-201,-207,-189,-160,-132,-112,-109,-109,-120,-137,-165,-201,-228,-247,-263,-269,-278,-282,-294,-305,-326,-338,-341,-344,-321,-304,-291,-212,-149,-101,-63,-23,-1,3,4,-10,-16,-29,-32,-62,-86,-131,-175,-226,-287,-347,-381,-404,-397,-388,-365,-344,-317,-305,-277
-174,-182,-170,-162,-156,-138,-111,-79,-58,-29,-7,16,44,65,87,111,129,154,183,217,239,263,288,302,315,314,313,315,289,255,224,200,145,110,70,40,17,-6,-24,-41,-57,-57,-57,-55,-55,-56,-58,-58,-62,-43,-33,-10,11,31,68,82
125,131,125,123,123,96,70,19,-19,-65,-109,-149,-198,-223,-251,-266,-285,-301,-310,-333,-344,-366,-379,-385,-402,-394,-390,-385,-362,-335,-290,-258,-197,-147,-98,-55,-30,8,40,75,104,129,152,174,212,242,273,291,315,313,312,290,270,238,221,207
36,64,73,85,104,97,78,34,10,-20,-47,-66,-81,-84,-83,-80,-76,-77,-81,-102,-105,-110,-111,-100,-83,-55,-39,-22,32,71,81,89,89,75,51,37,9,-12,-34,-51,-85,-114,-157,-196,-245,-299,-346,-377,-403,-398,-402,-384,-361,-346,-347,-326
-98,-96,-103,-100,-78,-81,-77,-94,-102,-109,-125,-122,-150,-155,-151,-150,-143,-132,-104,-75,-46,-24,3,18,43,57,74,96,92,74,70,69,53,49,41,38,25,8,-15,-49,-78,-118,-146,-191,-219,-255,-280,-290,-298,-294,-288,-283,-292,-294,-283,-292
179,183,182,176,152,136,103,78,45,18,-11,-41,-49,-75,-99,-119,-142,-150,-183,-207,-240,-266,-289,-303,-319,-320,-324,-334,-316,-279,-246,-217,-167,-127,-89,-50,-32,2,35,71,98,123,149,178,210,239,263,280,293,288,283,268,253,231,202,189
68,66,79,74,58,55,68,97,112,134,163,166,195,213,215,221,216,209,174,144,122,100,78,63,30,8,-12,-38,-33,-25,-26,-35,-24,-26,-31,-32,-24,-5,13,42,75,103,147,189,226,258,278,297,292,294,295,294,306,308,315,313
-200,-208,-200,-191,-182,-155,-131,-108,-103,-106,-120,-144,-161,-187,-216,-234,-248,-259,-259,-270,-279,-309,-328,-344,-368,-358,-370,-377,-353,-308,-260,-224,-162,-120,-87,-55,-35,-7,19,47,65,79,92,91,90,61,22,-20,-85,-118,-153,-172,-190,-202,-200,-211
203,202,207,199,173,152,131,127,113,105,97,82,82,84,71,62,47,31,-8,-52,-85,-116,-147,-171,-192,-204,-216,-239,-225,-194,-172,-158,-118,-95,-77,-53,-37,-10,22,70,109,154,199,246,293,337,363,386,386,384,381,369,369,367,359,351
-58,-62,-67,-67,-59,-52,-38,-33,-17,-1,17,35,47,63,76,86,94,94,91,85,76,70,54,41,18,0,-16,-36,-57,-56,-59,-59,-51,-43,-34,-24,-11,2,14,24,34,40,45,46,38,37,29,20,11,-4,-19,-35,-51,-67,-76,-86
104,110,114,115,100,85,65,52,19,-10,-42,-75,-96,-122,-143,-152,-157,-159,-142,-123,-97,-69,-38,-3,34,65,95,131,158,151,143,136,109,85,61,39,13,-7,-24,-30,-33,-28,-19,1,29,49,74,103,121,143,163,178,189,194,201,197
-44,-38,-33,-26,-7,7,21,33,46,61,70,83,82,78,71,57,38,12,-23,-53,-84,-117,-145,-165,-186,-202,-206,-210,-194,-179,-149,-131,-93,-66,-38,-16,-6,4,9,5,0,-15,-34,-60,-84,-106,-128,-147,-160,-172,-187,-192,-190,-192,-197,-189
-91,-95,-79,-77,-80,-62,-28,20,58,103,143,173,210,242,259,275,286,289,283,272,267,262,256,244,233,222,205,180,159,148,122,102,78,51,20,3,-7,-9,-5,2,13,29,60,78,105,128,135,152,139,148,155,165,177,192,219,222
61,62,63,60,51,41,29,17,3,-15,-29,-47,-60,-66,-74,-75,-71,-65,-52,-36,-19,0,18,35,55,71,85,96,100,94,83,76,55,41,26,13,5,-4,-8,-6,-2,7,17,31,49,62,77,89,100,108,113,111,112,106,98,90
14,13,18,19,22,32,45,76,87,109,134,141,169,176,171,168,153,143,98,57,22,-13,-53,-84,-122,-132,-162,-197,-207,-184,-175,-160,-125,-109,-84,-56,-34,-3,35,78,116,149,205,241,286,320,355,373,381,379,365,344,331,297,272,251
93,94,90,90,86,71,42,1,-33,-72,-111,-143,-173,-202,-221,-240,-253,-263,-266,-273,-279,-293,-301,-300,-306,-298,-289,-281,-259,-247,-204,-181,-139,-102,-65,-30,-15,9,27,44,61,72,72,83,98,113,130,141,159,153,149,131,114,93,71,55
-75,-74,-63,-62,-65,-47,-23,23,52,84,121,139,181,201,214,224,232,228,225,210,200,192,179,174,144,125,109,90,76,67,55,37,24,9,-4,-10,-14,-7,6,24,44,76,102,136,160,198,212,225,229,230,238,242,249,255,256,265
-84,-79,-90,-88,-72,-68,-73,-96,-108,-120,-135,-140,-162,-170,-165,-165,-158,-146,-112,-80,-57,-21,3,29,53,65,86,113,115,93,89,87,67,62,52,45,28,4,-24,-58,-92,-128,-172,-217,-256,-298,-332,-347,-352,-354,-344,-335,-340,-332,-333,-329
177,178,172,163,151,134,120,106,90,76,60,42,30,23,1,-12,-27,-52,-85,-134,-165,-198,-227,-249,-281,-283,-296,-313,-299,-269,-235,-217,-166,-125,-94,-58,-36,-2,35,78,114,151,184,221,266,296,329,348,364,357,353,327,317,291,267,254
-173,-178,-165,-161,-150,-124,-93,-45,-6,35,76,111,143,174,199,223,237,258,271,294,307,332,347,353,369,361,355,356,330,293,253,229,172,126,84,48,22,-7,-33,-58,-84,-98,-103,-119,-139,-154,-174,-183,-206,-186,-192,-170,-150,-126,-86,-71
-168,-163,-172,-158,-134,-119,-105,-114,-110,-115,-123,-122,-150,-152,-152,-150,-147,-145,-116,-91,-73,-50,-39,-17,-12,-3,7,23,10,-4,-6,-2,-7,-2,10,16,14,11,4,-15,-24,-41,-69,-86,-105,-106,-105,-105,-78,-80,-73,-73,-86,-98,-112,-109
75,69,63,54,34,18,-3,-19,-37,-59,-75,-90,-97,-98,-93,-83,-62,-45,-9,25,58,93,122,148,173,188,201,209,199,180,156,136,96,70,40,19,6,-5,-11,-9,-3,13,32,54,83,105,131,153,164,180,191,190,196,194,197,188
-130,-138,-145,-145,-130,-112,-89,-75,-52,-36,-31,-27,-37,-36,-43,-49,-49,-56,-48,-39,-34,-36,-42,-47,-61,-53,-64,-85,-121,-113,-114,-118,-87,-70,-46,-27,-20,2,26,56,76,100,121,152,191,226,261,286,302,304,303,289,279,266,269,260
134,134,132,129,115,109,102,109,103,100,98,91,97,89,73,60,38,19,-26,-68,-107,-147,-177,-206,-240,-258,-269,-295,-286,-259,-233,-212,-165,-130,-95,-63,-39,-1,40,80,120,151,195,233,276,317,347,368,382,366,362,339,323,291,263,247
31,17,5,-6,-28,-42,-62,-69,-86,-92,-98,-104,-90,-81,-61,-34,-1,36,89,140,183,229,260,287,305,313,314,312,269,238,191,171,113,73,36,9,1,-7,-5,6,25,53,95,134,182,221,259,287,299,314,320,318,306,288,283,263
-85,-112,-129,-143,-141,-128,-106,-80,-59,-47,-42,-52,-60,-82,-108,-128,-148,-159,-167,-167,-187,-205,-231,-249,-283,-292,-310,-328,-318,-287,-248,-209,-160,-118,-79,-56,-25,-6,21,42,55,69,75,71,58,21,-26,-72,-138,-170,-208,-231,-244,-252,-251,-259
-192,-196,-185,-181,-166,-147,-118,-92,-59,-33,-5,18,37,64,93,118,142,156,198,224,257,287,306,323,345,350,354,354,328,295,259,229,173,130,82,46,26,-4,-33,-57,-77,-91,-95,-105,-120,-129,-142,-146,-159,-135,-129,-103,-81,-53,-11,8
234,235,217,210,204,178,141,102,68,35,-3,-38,-70,-102,-132,-166,-190,-226,-253,-295,-322,-356,-384,-395,-422,-415,-407,-409,-380,-334,-284,-252,-183,-137,-83,-47,-23,8,29,44,57,50,50,35,34,32,28,23,27,3,-14,-45,-65,-88,-137,-154
-184,-171,-145,-121,-105,-89,-77,-81,-89,-117,-149,-190,-227,-251,-278,-292,-296,-312,-318,-341,-347,-372,-391,-396,-421,-403,-405,-408,-361,-309,-256,-220,-153,-111,-77,-53,-33,-8,14,51,70,94,109,118,128,112,79,48,-11,-35,-73,-94,-112,-117,-118,-129
-12,-7,-12,-4,3,-7,-13,-45,-63,-94,-119,-146,-187,-202,-215,-222,-230,-236,-226,-223,-221,-222,-218,-211,-218,-218,-205,-194,-181,-176,-150,-134,-104,-77,-45,-22,-6,7,19,28,40,37,42,45,61,63,82,90,112,112,118,110,95,75,58,52
-23,-25,-23,-23,-25,-19,2,29,49,78,103,123,148,173,185,195,204,203,205,195,196,195,198,194,193,180,177,167,162,144,131,109,86,60,33,14,4,-5,-15,-19,-24,-26,-19,-18,-19,-23,-33,-38,-51,-48,-51,-39,-26,-11,6,15
-228,-231,-224,-212,-198,-176,-144,-109,-79,-51,-23,12,40,61,80,109,134,150,193,231,273,307,339,360,387,399,404,419,394,348,307,276,209,160,112,68,37,0,-40,-89,-129,-159,-190,-223,-264,-294,-330,-350,-368,-355,-349,-321,-303,-272,-236,-212
181,188,185,180,160,143,104,75,42,5,-24,-56,-70,-93,-122,-140,-164,-171,-202,-227,-257,-283,-308,-316,-337,-349,-350,-356,-330,-295,-265,-233,-179,-137,-94,-56,-30,3,35,77,110,133,166,196,234,269,297,315,330,323,318,314,292,273,245,234
-189,-193,-186,-181,-167,-144,-121,-93,-68,-41,-13,11,30,50,73,90,105,130,161,200,226,261,287,306,324,328,337,350,331,292,254,232,176,137,91,62,32,0,-36,-77,-112,-140,-171,-199,-235,-268,-300,-316,-332,-325,-315,-295,-275,-254,-225,-213
201,208,212,207,181,154,124,104,70,44,15,-8,-8,-23,-46,-55,-72,-84,-123,-149,-178,-205,-228,-247,-262,-268,-271,-282,-250,-223,-185,-170,-127,-97,-76,-57,-34,-7,22,66,99,135,180,215,262,286,304,317,306,303,289,279,277,273,280,272
33,27,24,18,15,18,31,53,77,105,132,157,191,213,231,241,247,252,242,243,237,240,240,236,243,228,230,219,220,199,177,156,121,89,54,29,11,-7,-25,-43,-57,-67,-70,-82,-98,-115,-139,-151,-179,-181,-181,-170,-156,-138,-117,-111
-37,-31,-23,-16,-10,-1,9,20,28,33,36,34,31,24,15,4,-11,-26,-44,-60,-78,-88,-97,-100,-100,-98,-89,-78,-54,-40,-27,-14,-1,5,11,12,6,0,-10,-21,-34,-45,-58,-67,-74,-80,-82,-78,-73,-60,-48,-29,-10,7,26,39
-59,-60,-64,-61,-51,-42,-31,-20,-7,9,25,40,55,64,73,77,79,79,73,64,55,45,31,17,1,-12,-26,-43,-57,-58,-57,-55,-46,-38,-30,-20,-8,2,13,21,30,35,42,44,41,40,36,27,23,11,1,-14,-28,-43,-55,-62
-84,-88,-78,-76,-76,-55,-33,15,50,87,128,157,198,227,245,262,271,276,276,273,274,277,275,265,265,256,245,230,209,187,159,139,103,75,40,13,1,-5,-15,-19,-20,-11,2,14,20,24,24,25,6,14,16,29,47,67,99,102
-80,-76,-71,-63,-46,-31,-7,10,30,50,70,87,91,97,100,89,77,57,31,-4,-35,-65,-95,-119,-143,-157,-170,-181,-174,-162,-137,-123,-89,-64,-41,-18,-8,4,10,9,5,-7,-26,-42,-70,-91,-117,-135,-147,-162,-172,-175,-179,-176,-176,-166
-213,-218,-219,-210,-188,-160,-128,-105,-63,-37,5,36,43,65,92,107,131,147,180,218,243,282,309,332,353,354,361,375,344,316,266,245,178,143,99,68,44,-3,-46,-106,-184,-160,-222,-255,-338,-372,-399,-429,-440,-430,-435,-416,-403,-387,-385,-368
191,192,188,176,168,143,127,108,91,76,53,38,27,11,-11,-25,-47,-76,-114,-160,-189,-229,-257,-286,-314,-316,-329,-346,-329,-293,-255,-239,-176,-139,-100,-65,-36,-2,39,80,123,154,197,224,274,295,338,351,370,360,359,332,317,288,263,238
-76,-78,-65,-63,-65,-51,-23,21,52,87,122,140,179,205,215,228,238,237,233,217,213,204,196,188,169,171,149,127,98,99,80,66,44,25,7,-3,-11,-9,-3,9,22,45,77,98,123,149,163,177,176,186,186,186,203,212,218,229
-226,-227,-213,-194,-175,-143,-127,-111,-114,-124,-147,-186,-206,-244,-272,-293,-304,-313,-321,-331,-345,-370,-391,-403,-423,-403,-409,-406,-352,-291,-232,-192,-125,-88,-63,-40,-31,-12,6,26,28,30,19,-1,-24,-71,-126,-181,-247,-276,-309,-323,-333,-331,-326,-334
163,181,178,177,179,160,125,91,68,50,43,47,64,69,83,92,101,116,104,102,105,109,122,136,161,175,189,206,238,242,226,203,170,136,94,63,25,-7,-41,-75,-115,-154,-205,-239,-290,-335,-358,-371,-364,-354,-334,-306,-279,-260,-258,-238
-113,-131,-133,-138,-141,-125,-99,-64,-42,-21,-3,0,3,-2,-7,-17,-22,-27,-19,-3,-6,-1,-7,-12,-37,-52,-65,-73,-117,-142,-139,-126,-116,-93,-67,-39,-14,14,37,60,90,122,164,199,241,289,326,350,364,360,350,336,316,302,302,280
192,191,194,183,169,140,119,100,73,51,29,2,-13,-25,-43,-60,-71,-97,-124,-162,-190,-218,-245,-266,-294,-292,-295,-312,-290,-265,-221,-212,-157,-120,-92,-60,-37,-7,30,76,113,150,194,226,281,314,346,368,381,370,377,361,347,327,325,308
-105,-105,-110,-106,-107,-98,-99,-110,-118,-133,-137,-142,-150,-155,-142,-135,-117,-95,-43,1,44,81,114,156,187,210,223,261,262,232,208,198,154,123,95,68,37,3,-39,-89,-134,-177,-228,-270,-326,-364,-409,-431,-449,-434,-435,-408,-393,-368,-344,-316
204,207,213,203,172,152,130,119,104,89,79,55,58,57,46,34,22,8,-26,-67,-98,-120,-147,-168,-193,-201,-209,-228,-209,-178,-159,-146,-104,-85,-66,-46,-31,-10,19,66,102,140,178,216,263,296,318,330,331,323,324,316,316,317,313,304
-39,-42,-48,-48,-45,-43,-37,-33,-24,-15,-3,7,18,31,42,54,64,74,81,89,92,95,94,89,82,70,60,44,25,14,4,-2,-9,-12,-14,-14,-8,1,11,22,34,45,63,73,84,96,101,104,105,96,89,76,60,45,29,16
65,72,77,77,76,70,68,55,43,28,13,-4,-26,-41,-57,-74,-93,-114,-129,-148,-155,-166,-172,-168,-164,-150,-139,-121,-89,-70,-53,-35,-17,-4,9,13,9,2,-11,-25,-46,-67,-95,-118,-145,-168,-186,-194,-203,-198,-199,-184,-168,-148,-133,-119
35,67,82,104,118,110,96,57,31,7,-6,-4,-9,7,27,48,68,83,85,86,95,114,133,160,196,216,247,266,305,294,278,238,198,155,107,70,29,-2,-39,-71,-105,-134,-165,-190,-196,-197,-172,-139,-79,-31,19,60,86,104,119,149
-175,-174,-181,-169,-149,-131,-118,-118,-110,-104,-102,-85,-84,-86,-70,-59,-44,-29,11,53,85,126,155,176,214,217,233,257,247,213,185,173,129,106,83,60,41,5,-34,-81,-120,-160,-208,-251,-301,-344,-384,-404,-414,-404,-409,-387,-388,-366,-363,-345
-99,-71,-55,-26,6,16,9,-19,-42,-74,-103,-116,-131,-140,-135,-127,-121,-107,-115,-120,-115,-112,-100,-80,-45,-8,23,47,127,161,172,161,156,124,90,58,22,-10,-49,-76,-117,-155,-205,-251,-285,-322,-328,-321,-286,-253,-203,-160,-129,-104,-84,-46
-230,-234,-217,-200,-184,-162,-130,-115,-105,-112,-131,-161,-193,-218,-242,-261,-273,-285,-288,-296,-309,-326,-351,-362,-391,-384,-400,-409,-394,-354,-314,-261,-204,-156,-111,-72,-39,-1,36,78,110,146,175,208,230,238,228,204,150,128,86,54,34,20,13,-10
-149,-157,-157,-153,-138,-120,-85,-55,-26,7,38,69,89,109,133,150,169,174,198,224,251,269,287,303,314,324,322,332,307,274,242,213,166,124,88,54,30,-3,-33,-71,-109,-139,-173,-205,-248,-285,-315,-336,-351,-346,-341,-327,-313,-304,-289,-283
196,201,186,181,171,147,119,87,56,24,-7,-35,-54,-77,-102,-126,-150,-172,-201,-233,-256,-292,-314,-329,-352,-351,-350,-357,-334,-302,-259,-233,-172,-132,-86,-53,-25,4,35,63,87,98,122,127,158,168,185,196,207,197,193,171,151,119,91,68
147,154,159,156,140,116,87,58,21,-16,-54,-91,-115,-135,-160,-178,-195,-208,-232,-258,-280,-305,-326,-336,-361,-361,-367,-370,-348,-306,-271,-238,-185,-139,-98,-66,-34,0,39,87,123,160,200,243,294,327,362,385,400,399,392,377,364,350,337,335
-91,-95,-95,-95,-93,-71,-48,-9,22,60,100,131,173,192,216,229,241,260,263,279,284,300,310,312,325,315,309,311,296,264,233,209,155,119,73,44,21,-4,-30,-53,-78,-91,-106,-120,-150,-164,-193,-208,-230,-228,-228,-210,-198,-171,-152,-140
205,207,202,192,183,159,130,75,39,-1,-21,-59,-95,-128,-153,-181,-214,-228,-259,-275,-308,-327,-346,-354,-359,-356,-347,-339,-309,-272,-238,-198,-146,-100,-62,-26,-10,6,17,29,30,22,7,-7,-24,-38,-48,-60,-58,-79,-88,-110,-130,-153,-187,-200
-186,-193,-194,-188,-165,-142,-102,-66,-22,20,62,106,126,161,193,212,235,247,276,298,326,354,379,392,412,409,416,426,399,354,309,274,211,163,110,67,38,-2,-41,-85,-130,-163,-194,-228,-270,-312,-349,-368,-397,-384,-384,-365,-346,-325,-296,-281
-57,-47,-46,-34,-34,-32,-44,-60,-79,-108,-138,-163,-186,-207,-229,-240,-251,-249,-246,-240,-239,-245,-254,-249,-259,-253,-248,-242,-237,-224,-198,-174,-138,-104,-70,-38,-18,6,30,52,73,96,108,130,154,185,213,233,264,261,268,256,240,224,207,202
-178,-168,-148,-127,-116,-95,-83,-81,-88,-103,-132,-174,-200,-225,-250,-265,-271,-284,-281,-297,-307,-326,-344,-355,-378,-370,-367,-370,-329,-290,-238,-207,-147,-106,-78,-48,-32,-10,16,49,69,89,106,112,123,108,80,49,-4,-26,-67,-84,-101,-106,-106,-121
67,92,101,117,126,118,91,56,26,-5,-22,-33,-28,-29,-27,-16,-13,0,-10,-20,-12,-16,-8,7,33,62,81,95,141,173,169,163,147,114,84,53,19,-16,-45,-74,-114,-149,-201,-240,-289,-338,-370,-387,-383,-371,-344,-318,-295,-280,-267,-242
-25,-33,-31,-32,-46,-55,-57,-66,-72,-81,-83,-94,-98,-91,-77,-59,-35,-13,26,67,99,139,166,200,223,235,250,264,258,235,201,191,142,106,72,42,17,-5,-29,-48,-62,-63,-70,-63,-67,-62,-59,-46,-46,-19,-3,20,45,72,104,117
196,199,187,180,171,151,119,90,56,28,1,-26,-51,-79,-100,-127,-153,-174,-209,-237,-266,-296,-319,-334,-354,-349,-347,-350,-322,-290,-252,-222,-166,-119,-81,-45,-22,5,28,51,69,77,73,76,85,90,97,95,107,78,78,53,29,7,-37,-54
-68,-69,-69,-73,-67,-53,-25,12,47,87,123,155,193,219,244,261,274,278,279,284,291,305,307,310,312,300,297,291,282,246,221,193,147,111,64,36,15,-6,-26,-49,-70,-85,-84,-101,-113,-128,-151,-161,-184,-185,-175,-162,-149,-124,-99,-88
208,213,207,203,181,155,116,84,47,9,-24,-67,-94,-120,-148,-170,-189,-210,-242,-273,-300,-321,-356,-371,-390,-383,-391,-395,-378,-334,-292,-257,-199,-147,-103,-64,-34,2,37,78,117,147,163,199,223,264,289,307,333,319,309,288,271,248,209,194
105,105,105,105,88,82,84,99,109,117,129,128,143,155,147,144,136,123,92,48,21,-5,-36,-54,-84,-102,-117,-147,-142,-120,-111,-107,-83,-72,-62,-45,-29,-7,21,63,96,138,179,224,268,310,339,361,366,357,361,354,346,339,340,332
-152,-162,-169,-164,-148,-120,-90,-59,-19,19,58,103,114,141,172,188,207,219,237,274,289,325,345,356,387,373,379,386,356,322,268,252,187,142,104,65,40,-1,-41,-88,-132,-165,-213,-246,-319,-346,-385,-406,-422,-411,-421,-394,-380,-360,-373,-346
-79,-73,-82,-73,-54,-54,-54,-85,-91,-113,-138,-145,-188,-195,-195,-203,-202,-201,-180,-153,-144,-127,-116,-101,-87,-88,-70,-44,-44,-57,-45,-34,-33,-20,-6,7,8,14,4,-12,-22,-41,-65,-85,-103,-114,-115,-117,-103,-104,-103,-109,-120,-135,-145,-151
-131,-138,-119,-115,-117,-89,-61,-2,34,83,122,157,207,237,250,271,283,296,290,290,285,287,283,272,264,246,230,210,184,160,140,110,80,56,19,4,-3,-9,-5,6,14,40,67,94,117,144,160,170,170,174,186,191,206,219,244,248
-134,-130,-135,-122,-98,-89,-89,-109,-121,-135,-160,-167,-191,-214,-225,-233,-239,-233,-216,-186,-181,-170,-160,-153,-147,-147,-137,-125,-119,-136,-123,-101,-84,-61,-37,-10,2,11,21,21,28,28,23,29,21,36,53,70,97,101,107,105,80,69,51,46
85,91,100,105,91,81,69,56,34,7,-21,-53,-77,-101,-125,-138,-149,-157,-149,-138,-121,-101,-74,-44,-11,18,49,87,124,122,118,118,96,79,58,39,15,-8,-23,-32,-40,-39,-37,-26,-5,14,35,60,77,103,126,144,165,174,183,184
172,154,131,102,78,61,57,69,82,120,139,183,216,237,259,267,276,258,283,286,313,322,329,330,322,316,299,297,208,142,103,71,30,10,11,9,14,18,21,17,35,48,88,121,157,222,281,327,379,390,402,403,400,396,373,374
95,100,95,90,85,70,45,7,-31,-66,-102,-135,-160,-187,-209,-224,-238,-250,-252,-262,-261,-276,-283,-285,-291,-278,-272,-269,-250,-225,-196,-174,-131,-96,-60,-34,-13,4,21,39,55,57,60,64,80,85,100,108,128,121,121,108,90,68,46,33
60,88,98,114,127,121,97,59,34,11,-6,-7,-17,-1,14,32,43,54,54,43,52,68,86,108,139,156,184,210,254,257,245,217,187,146,104,67,26,-4,-43,-78,-118,-159,-201,-242,-265,-294,-291,-274,-232,-202,-160,-124,-94,-71,-60,-28
206,208,196,185,186,159,131,88,55,21,-8,-38,-68,-100,-124,-152,-174,-200,-231,-263,-288,-318,-341,-354,-375,-370,-364,-361,-333,-301,-260,-225,-166,-121,-77,-40,-20,3,26,45,61,60,57,58,59,57,56,52,60,37,32,6,-18,-45,-85,-101
-58,-66,-57,-57,-62,-47,-26,20,44,79,121,145,189,212,229,243,252,258,256,252,260,257,260,254,255,252,246,230,208,194,168,145,112,80,47,20,12,-14,-20,-27,-35,-31,-28,-20,-30,-32,-40,-47,-66,-62,-59,-46,-26,-7,11,20
195,189,171,149,133,113,99,96,97,115,141,174,193,225,247,263,281,282,295,291,314,331,348,356,370,367,371,376,330,277,235,193,142,104,73,49,33,7,-12,-44,-56,-68,-76,-78,-78,-50,-16,21,78,101,134,154,169,176,174,190
-109,-86,-70,-44,-11,2,-3,-28,-52,-86,-114,-136,-148,-167,-176,-174,-174,-162,-171,-177,-187,-193,-194,-177,-159,-121,-103,-83,-4,48,72,84,90,79,57,37,7,-13,-41,-62,-99,-134,-184,-234,-280,-336,-370,-394,-395,-385,-361,-327,-309,-286,-268,-237
128,110,90,68,53,41,39,51,69,94,129,165,187,208,233,237,248,250,263,275,287,308,316,323,331,322,311,310,250,203,156,130,80,58,39,30,21,17,8,-15,-15,-22,-9,-1,15,54,92,134,191,209,241,248,258,254,254,256
-104,-111,-109,-112,-100,-85,-49,-17,24,66,105,141,168,198,226,244,261,268,287,295,306,330,339,341,355,346,347,350,326,294,261,225,180,135,87,51,24,-4,-34,-64,-91,-113,-128,-155,-183,-213,-239,-259,-285,-273,-281,-265,-245,-220,-194,-187
-109,-126,-140,-154,-155,-150,-110,-75,-39,-13,5,20,8,8,1,-10,-17,-41,-22,-12,-1,-14,-23,-43,-62,-78,-98,-119,-184,-205,-207,-179,-163,-129,-96,-60,-20,13,48,79,123,166,221,269,315,376,410,433,439,419,400,373,347,329,323,295
-34,-41,-40,-44,-39,-28,-7,28,59,97,130,166,203,228,246,264,271,283,277,283,284,293,300,297,310,296,294,287,274,248,215,195,146,110,67,39,15,-6,-27,-51,-74,-85,-94,-108,-131,-149,-175,-189,-216,-208,-218,-202,-183,-156,-138,-128
84,89,83,84,79,61,37,-8,-40,-80,-115,-145,-181,-205,-228,-243,-258,-262,-264,-272,-272,-283,-283,-281,-291,-277,-270,-262,-240,-219,-194,-165,-128,-92,-59,-28,-10,6,22,38,45,51,47,51,59,63,77,87,100,98,96,84,70,44,17,7
-80,-97,-110,-121,-126,-111,-85,-50,-27,2,26,48,60,61,65,61,57,55,66,89,93,101,103,94,91,78,63,50,-11,-44,-62,-60,-62,-56,-35,-24,2,18,33,41,63,86,129,160,197,246,293,337,363,376,383,368,360,345,340,332
-28,-24,-18,-12,-5,2,12,18,25,30,35,39,37,33,26,16,3,-10,-30,-46,-61,-78,-89,-97,-105,-105,-104,-98,-85,-72,-56,-46,-28,-16,-6,2,2,1,-2,-10,-20,-32,-48,-61,-79,-90,-102,-108,-113,-109,-110,-100,-88,-73,-64,-51
-188,-186,-193,-184,-164,-140,-125,-115,-98,-90,-79,-59,-63,-57,-46,-37,-26,-7,22,63,91,119,141,161,183,188,196,217,200,171,148,140,101,79,65,46,35,9,-20,-62,-94,-135,-168,-207,-251,-287,-309,-321,-325,-313,-315,-307,-304,-301,-310,-298
90,83,74,64,46,23,3,-18,-39,-62,-76,-95,-103,-102,-95,-83,-62,-33,5,44,80,114,148,175,200,209,219,225,205,177,147,126,83,55,29,10,2,-4,-2,10,24,48,76,105,143,166,194,213,225,229,232,219,209,190,168,147
168,165,169,160,145,137,104,97,72,53,43,29,30,9,-11,-27,-51,-63,-98,-126,-165,-198,-228,-243,-265,-268,-283,-296,-279,-249,-224,-200,-153,-117,-82,-53,-37,4,36,75,109,136,174,205,249,287,310,330,343,337,329,320,301,283,262,249
76,74,71,67,53,39,24,8,-10,-29,-48,-66,-82,-87,-92,-92,-85,-73,-54,-30,-12,10,34,57,80,94,109,126,132,120,108,99,76,56,37,21,8,-3,-14,-16,-17,-12,-5,6,26,37,52,69,79,94,106,114,124,130,134,132
160,178,179,179,181,160,134,95,75,62,57,67,78,96,115,132,143,157,152,156,159,178,195,215,240,245,270,291,313,298,272,240,193,152,107,76,29,-2,-40,-75,-115,-155,-192,-227,-255,-276,-276,-262,-229,-195,-165,-133,-102,-81,-72,-46
155,138,129,103,63,43,36,62,70,99,129,150,189,199,210,211,214,210,214,229,232,240,244,236,214,184,166,143,64,3,-25,-42,-62,-59,-41,-27,-1,22,43,56,92,124,178,219,265,321,364,387,396,386,367,333,321,298,273,247
44,38,28,19,7,-4,-17,-28,-37,-46,-48,-54,-45,-36,-28,-11,9,30,56,82,101,125,135,145,152,145,139,124,100,76,54,43,20,6,-7,-10,-9,0,10,25,41,58,81,96,120,131,141,144,146,130,126,100,80,51,25,8
-118,-116,-113,-103,-87,-64,-36,-12,15,45,73,102,113,127,134,132,121,99,67,28,-8,-43,-84,-115,-149,-174,-194,-207,-204,-187,-162,-142,-101,-70,-44,-19,-7,5,9,2,-7,-27,-50,-79,-114,-140,-170,-195,-211,-218,-225,-220,-215,-201,-184,-166
2,-26,-37,-58,-76,-78,-57,-22,6,38,64,79,95,98,96,86,80,76,84,98,98,102,96,83,56,29,5,-10,-76,-113,-127,-120,-119,-98,-71,-46,-15,12,41,61,101,141,191,238,279,333,369,392,397,384,371,337,317,297,288,255
184,180,191,177,152,134,125,126,124,120,127,115,129,136,129,132,123,111,75,44,16,-6,-28,-47,-68,-85,-93,-111,-92,-71,-65,-63,-44,-39,-36,-30,-26,-8,14,47,71,100,133,169,203,221,237,244,231,228,217,214,226,233,239,242
-115,-99,-82,-61,-46,-36,-39,-47,-60,-88,-116,-150,-172,-190,-213,-222,-235,-231,-242,-257,-269,-285,-298,-305,-315,-302,-299,-296,-254,-208,-167,-139,-94,-65,-45,-30,-25,-12,3,24,34,42,45,44,42,15,-14,-50,-97,-115,-144,-160,-164,-165,-167,-175
-118,-110,-113,-102,-86,-76,-78,-91,-99,-113,-131,-141,-165,-180,-186,-193,-193,-193,-180,-153,-146,-135,-130,-120,-115,-115,-108,-97,-94,-103,-91,-79,-66,-46,-27,-12,3,12,15,16,19,18,4,11,5,18,30,43,69,67,71,73,54,44,26,28
-193,-193,-199,-192,-169,-145,-129,-119,-105,-96,-83,-61,-63,-58,-40,-32,-13,-3,36,80,112,145,174,193,222,223,239,263,249,207,180,173,128,100,81,56,37,6,-29,-73,-117,-159,-196,-241,-292,-333,-364,-381,-392,-380,-381,-369,-366,-358,-355,-343
128,127,129,124,110,107,96,109,104,108,114,110,131,128,112,100,80,66,17,-17,-58,-94,-126,-155,-189,-208,-225,-250,-241,-223,-199,-189,-147,-119,-90,-64,-38,-6,32,78,119,162,216,257,309,349,381,410,421,416,413,394,382,355,346,327
2,-28,-40,-63,-84,-84,-60,-25,-2,30,49,65,76,75,67,60,48,37,38,53,47,43,34,17,-10,-44,-61,-89,-139,-176,-173,-164,-149,-121,-88,-55,-20,14,48,76,113,152,204,248,288,331,352,362,347,320,291,256,232,204,194,161
-106,-112,-112,-113,-103,-86,-56,-17,16,57,98,133,169,200,222,240,254,268,282,295,308,330,343,349,364,356,356,355,340,299,271,236,182,137,92,56,29,1,-38,-72,-103,-131,-150,-181,-216,-248,-282,-300,-322,-319,-317,-298,-281,-258,-239,-230
-38,-40,-45,-45,-39,-35,-29,-24,-14,-2,9,20,29,41,50,58,62,66,66,61,58,51,43,31,19,8,-5,-19,-34,-38,-40,-41,-35,-31,-23,-17,-7,2,11,16,23,25,31,29,25,23,18,11,4,-7,-16,-27,-39,-48,-59,-62
65,60,48,40,24,10,-7,-22,-37,-51,-60,-72,-72,-67,-58,-43,-21,3,35,68,93,122,146,160,175,175,176,171,146,120,91,76,46,25,6,-3,-4,-4,5,20,37,60,85,109,136,154,172,182,185,179,173,154,134,106,79,57
-47,-50,-55,-55,-50,-45,-35,-30,-18,-6,8,22,34,47,59,68,76,83,83,84,82,77,70,57,46,34,19,0,-18,-24,-31,-33,-32,-31,-26,-19,-10,2,13,24,34,43,54,61,62,67,66,61,56,45,34,20,2,-15,-28,-41
-202,-198,-179,-166,-154,-133,-114,-101,-94,-100,-120,-143,-169,-187,-207,-222,-230,-241,-231,-233,-236,-246,-261,-277,-294,-306,-309,-315,-312,-300,-264,-238,-185,-143,-99,-66,-29,5,41,81,118,155,204,240,291,325,352,367,360,352,332,310,289,274,275,262
-208,-214,-199,-193,-179,-149,-114,-71,-32,13,52,85,112,146,171,197,224,239,264,291,315,339,358,370,386,395,386,386,350,322,275,247,187,139,90,52,26,-4,-34,-65,-86,-98,-110,-120,-143,-160,-178,-186,-203,-185,-188,-167,-141,-112,-75,-58
-127,-111,-85,-63,-52,-45,-43,-51,-70,-97,-126,-170,-198,-217,-239,-247,-256,-266,-268,-284,-300,-320,-336,-338,-357,-346,-338,-344,-290,-241,-195,-167,-112,-82,-59,-40,-27,-10,5,37,47,65,64,70,67,45,16,-19,-67,-95,-120,-135,-149,-150,-151,-165
170,174,158,148,144,118,93,38,-1,-43,-82,-114,-161,-189,-207,-228,-242,-262,-266,-279,-284,-293,-295,-292,-287,-270,-257,-244,-214,-189,-164,-131,-98,-65,-35,-12,-4,5,4,4,-4,-22,-47,-69,-93,-110,-125,-137,-138,-149,-161,-170,-184,-190,-225,-226
-107,-106,-107,-100,-82,-65,-38,-19,10,37,64,92,106,126,138,143,143,139,119,96,76,50,25,-3,-31,-47,-71,-103,-126,-122,-113,-111,-89,-72,-57,-35,-20,4,25,41,59,69,82,83,81,86,81,67,63,36,20,-1,-28,-56,-83,-97
-185,-184,-187,-176,-157,-138,-116,-115,-94,-83,-71,-59,-70,-61,-46,-35,-18,-11,25,61,85,122,143,166,184,186,200,216,210,177,156,144,107,87,67,47,33,8,-21,-62,-94,-128,-176,-211,-267,-291,-320,-336,-332,-339,-334,-321,-322,-313,-317,-306
-13,-26,-43,-53,-54,-61,-58,-64,-56,-45,-28,-9,8,37,65,92,117,142,158,174,178,178,172,154,133,106,76,37,-14,-37,-52,-62,-65,-62,-54,-41,-17,4,27,44,62,72,90,88,85,79,64,45,28,-5,-29,-59,-91,-121,-145,-161
-73,-66,-67,-59,-48,-48,-50,-71,-87,-107,-132,-153,-191,-204,-211,-219,-218,-223,-208,-202,-191,-183,-182,-175,-177,-162,-156,-148,-146,-137,-125,-108,-82,-60,-30,-10,-2,9,19,23,26,20,19,21,29,32,49,59,81,85,90,80,67,47,37,28
27,18,23,21,11,15,25,53,75,98,119,139,169,187,198,206,212,208,198,190,182,175,171,164,166,154,152,137,131,124,107,96,76,54,27,12,-2,-7,-11,-13,-17,-11,-5,1,4,3,-4,-11,-24,-26,-30,-26,-13,6,24,27
207,213,217,209,186,158,123,95,58,22,-14,-52,-72,-92,-118,-136,-156,-172,-207,-240,-273,-303,-326,-350,-374,-379,-383,-397,-362,-328,-286,-259,-192,-148,-104,-71,-38,-5,37,88,134,178,224,266,323,364,401,427,444,435,440,421,407,383,373,364
-174,-177,-170,-166,-152,-141,-117,-109,-90,-77,-63,-44,-44,-21,2,23,47,65,108,149,189,219,260,283,317,326,341,355,341,302,268,244,186,143,102,67,36,-3,-37,-77,-111,-134,-166,-194,-221,-247,-275,-290,-302,-290,-277,-246,-225,-197,-164,-141
191,194,189,187,164,150,116,100,71,47,27,5,1,-21,-45,-58,-82,-98,-134,-166,-199,-232,-263,-278,-299,-300,-312,-323,-306,-273,-247,-214,-167,-129,-91,-59,-36,1,38,79,117,151,185,229,268,308,334,353,369,362,355,343,330,312,289,281
-31,-39,-28,-26,-36,-25,-1,37,68,95,133,156,195,210,226,236,245,249,238,230,225,219,212,205,196,190,174,156,145,133,114,94,69,49,21,3,-4,-11,-10,-8,-4,11,30,50,52,67,71,75,61,68,63,75,87,111,122,134
63,58,60,53,43,38,42,66,77,95,119,132,165,177,184,194,192,198,182,177,169,160,160,149,150,144,135,126,128,119,104,94,75,55,31,15,0,-6,-18,-16,-23,-20,-17,-14,-21,-28,-44,-52,-76,-72,-79,-70,-59,-45,-30,-25
120,122,110,107,101,80,42,-16,-55,-104,-149,-178,-221,-251,-272,-289,-307,-308,-300,-290,-280,-281,-269,-258,-244,-229,-205,-178,-156,-139,-119,-93,-65,-41,-12,7,7,9,3,-10,-27,-47,-89,-117,-152,-177,-196,-213,-216,-220,-227,-236,-247,-259,-287,-289
197,189,185,164,127,99,82,89,101,118,143,171,199,228,240,249,257,253,258,264,273,286,287,281,272,253,226,202,109,51,7,-11,-41,-45,-34,-27,-1,13,34,50,85,120,170,221,267,321,369,392,399,375,354,321,298,265,249,217
161,158,161,155,136,122,110,109,99,90,85,77,86,85,69,61,43,29,-6,-36,-69,-100,-126,-144,-174,-183,-193,-214,-200,-179,-155,-149,-114,-91,-73,-50,-31,-9,28,66,102,141,184,223,266,301,326,350,354,351,351,335,331,318,319,309
-150,-140,-119,-99,-86,-69,-64,-64,-74,-99,-121,-158,-177,-198,-226,-235,-245,-245,-257,-261,-276,-292,-312,-313,-325,-321,-314,-318,-277,-228,-192,-152,-107,-76,-58,-36,-26,-7,8,34,44,54,55,56,52,28,-3,-31,-84,-108,-130,-150,-161,-165,-162,-176
95,92,86,78,63,45,24,2,-24,-45,-65,-88,-97,-104,-107,-104,-90,-73,-44,-10,21,53,83,110,135,153,168,180,177,160,138,122,86,62,36,20,6,-3,-8,-6,0,16,35,56,84,108,132,152,166,174,186,184,183,176,172,159
-37,-47,-62,-68,-69,-66,-66,-64,-54,-37,-18,8,31,57,82,105,124,144,156,164,166,162,152,130,107,80,49,13,-31,-49,-58,-68,-67,-61,-51,-38,-15,3,26,43,60,71,84,86,82,73,63,43,27,-3,-26,-54,-86,-109,-139,-150
17,22,7,12,15,5,-17,-57,-87,-121,-153,-172,-203,-230,-241,-243,-249,-243,-228,-203,-184,-168,-154,-132,-116,-105,-83,-57,-34,-40,-28,-22,-8,4,13,18,14,6,-9,-28,-50,-77,-125,-150,-191,-220,-239,-253,-250,-259,-265,-265,-273,-274,-294,-290
6,-1,14,12,6,13,34,70,98,128,158,175,205,230,241,247,248,233,216,190,172,152,134,118,97,89,68,44,22,27,20,11,3,-8,-18,-20,-24,-8,5,28,53,78,120,154,191,223,242,258,256,259,259,262,271,275,292,288
-150,-152,-149,-145,-131,-117,-104,-93,-86,-74,-69,-53,-47,-45,-31,-18,0,13,46,85,116,140,170,189,214,227,238,254,242,216,191,175,132,103,76,52,31,5,-29,-67,-99,-137,-172,-210,-241,-278,-306,-324,-337,-330,-327,-313,-303,-286,-271,-259
95,100,96,97,97,74,50,8,-22,-62,-101,-139,-182,-202,-227,-244,-257,-274,-278,-293,-305,-320,-332,-340,-353,-341,-339,-336,-321,-288,-258,-222,-169,-129,-84,-48,-25,7,34,61,89,107,131,147,180,202,232,253,270,273,270,249,234,209,193,177
141,136,144,132,120,103,98,105,105,104,107,103,109,117,110,107,96,82,48,14,-8,-40,-61,-82,-100,-110,-122,-142,-134,-120,-102,-101,-73,-63,-54,-37,-29,-7,19,54,85,116,158,191,236,265,288,309,308,301,307,295,295,287,300,286
117,116,120,117,96,89,79,87,82,82,86,75,92,87,78,69,59,51,18,-11,-36,-62,-87,-106,-126,-127,-144,-164,-163,-142,-127,-115,-86,-73,-58,-39,-29,-3,25,55,85,113,153,187,221,259,283,300,305,304,299,293,287,283,273,264
-18,-42,-72,-87,-78,-70,-55,-48,-24,-4,11,30,31,30,24,12,-1,-7,-5,1,-1,-8,-16,-32,-58,-67,-87,-117,-162,-160,-156,-156,-122,-94,-66,-41,-28,-4,28,69,99,132,154,191,225,246,257,257,238,220,195,166,140,120,119,96
-188,-190,-192,-186,-165,-141,-128,-120,-107,-95,-90,-70,-69,-61,-49,-39,-32,-6,23,70,101,131,156,180,207,215,231,250,240,207,179,166,125,97,79,53,37,9,-31,-77,-118,-158,-198,-242,-292,-333,-365,-381,-388,-382,-386,-374,-374,-363,-357,-347
40,43,52,54,51,48,44,39,30,17,4,-8,-22,-37,-51,-65,-76,-90,-97,-103,-105,-106,-102,-93,-86,-75,-60,-39,-8,-1,10,17,20,25,23,19,10,0,-14,-26,-40,-52,-71,-79,-91,-96,-101,-99,-97,-86,-77,-58,-37,-17,3,17
173,179,167,160,156,126,97,53,18,-19,-55,-89,-127,-153,-172,-191,-210,-231,-248,-265,-288,-305,-322,-327,-342,-339,-331,-321,-292,-275,-228,-206,-155,-111,-71,-38,-16,7,30,52,69,73,81,84,105,109,117,122,140,128,119,108,84,61,29,14
161,148,134,105,80,57,56,66,80,102,132,164,194,217,235,243,247,244,256,265,278,290,295,294,293,277,262,250,171,115,69,47,8,-3,-6,-4,8,14,22,23,41,68,102,142,174,240,294,334,371,381,386,380,371,357,340,330
-49,-51,-37,-38,-32,-18,5,45,73,112,138,160,188,208,211,220,222,212,184,158,134,112,89,59,28,1,-26,-53,-62,-65,-65,-67,-61,-55,-51,-42,-26,-2,29,60,95,131,180,221,264,305,339,358,369,362,369,354,347,327,324,311
-33,-61,-68,-87,-99,-98,-72,-37,-13,11,29,34,31,35,24,15,9,-3,2,4,-3,-5,-20,-36,-66,-84,-110,-130,-179,-191,-191,-169,-150,-122,-85,-56,-21,8,45,72,106,143,185,226,255,292,304,303,278,260,222,188,163,145,134,103
109,103,102,92,77,71,72,90,100,125,146,164,193,214,227,238,243,239,228,211,205,198,195,193,193,179,177,170,179,163,150,127,103,78,42,25,5,-12,-20,-28,-44,-48,-50,-57,-69,-88,-110,-128,-159,-164,-167,-159,-145,-127,-108,-103
208,212,199,188,179,156,118,63,24,-19,-60,-91,-145,-169,-197,-222,-249,-262,-287,-302,-326,-336,-348,-355,-357,-361,-348,-332,-292,-268,-227,-195,-141,-99,-55,-23,-7,10,23,36,34,20,9,-6,-14,-34,-37,-42,-41,-50,-66,-87,-105,-131,-160,-176
-176,-178,-172,-163,-162,-142,-122,-99,-79,-57,-36,-15,6,29,52,79,101,126,160,202,231,267,295,317,343,346,351,360,336,296,260,231,170,129,84,52,24,-5,-32,-56,-78,-87,-93,-102,-108,-114,-127,-124,-132,-110,-96,-71,-45,-19,21,44
183,185,181,177,165,135,103,56,15,-28,-73,-115,-152,-182,-209,-228,-252,-269,-293,-314,-334,-360,-380,-387,-410,-409,-406,-404,-379,-338,-297,-264,-199,-148,-99,-56,-29,2,37,74,107,132,153,176,210,237,266,281,308,298,299,276,258,222,194,180
-184,-188,-172,-165,-161,-136,-109,-62,-30,6,38,66,105,131,154,176,195,216,235,258,274,295,305,308,317,306,295,288,262,229,195,169,124,86,49,26,11,-6,-15,-21,-22,-11,1,16,28,45,53,68,63,78,86,98,118,136,170,178
-23,-31,-43,-48,-52,-53,-56,-52,-47,-36,-25,-9,5,24,42,64,85,98,120,132,146,152,152,144,136,126,105,78,40,20,5,-6,-19,-24,-29,-26,-13,1,18,34,53,72,95,109,124,133,136,136,133,111,100,77,47,22,-9,-29
110,107,104,96,79,58,32,10,-15,-43,-69,-94,-111,-120,-125,-120,-105,-92,-58,-23,10,45,81,112,142,166,183,200,198,176,154,134,97,70,40,20,5,-5,-11,-2,6,26,45,76,106,134,158,183,196,208,209,208,204,193,176,160
-128,-132,-129,-126,-120,-97,-64,-16,25,74,119,156,187,224,253,277,295,303,319,328,336,356,368,379,384,371,374,366,351,310,277,240,181,136,89,50,25,-6,-34,-60,-89,-103,-118,-137,-158,-177,-206,-220,-243,-239,-241,-217,-199,-171,-149,-130
-161,-163,-163,-158,-140,-120,-89,-64,-31,5,30,64,86,107,130,148,168,175,199,221,249,272,289,303,321,322,327,332,310,280,242,220,165,124,86,53,30,-1,-35,-73,-106,-136,-161,-193,-232,-263,-294,-310,-328,-321,-324,-305,-295,-271,-255,-243
156,160,150,147,136,123,106,100,79,65,55,40,44,21,3,-13,-34,-51,-96,-127,-161,-194,-226,-246,-275,-288,-293,-312,-296,-267,-237,-211,-161,-126,-89,-59,-30,2,40,75,108,131,162,190,221,250,276,288,303,288,281,259,241,211,189,166
-13,-8,-1,2,10,15,21,25,28,31,30,30,22,16,6,-4,-16,-31,-48,-65,-74,-88,-97,-100,-105,-98,-94,-84,-65,-52,-38,-28,-14,-4,4,7,5,0,-6,-15,-27,-39,-56,-68,-82,-92,-100,-105,-105,-99,-95,-83,-68,-53,-38,-23
-37,-37,-43,-38,-26,-29,-34,-63,-73,-94,-120,-129,-167,-178,-186,-190,-194,-195,-181,-161,-159,-146,-138,-127,-117,-113,-101,-85,-80,-83,-75,-56,-49,-32,-13,1,7,6,7,-1,-7,-22,-31,-49,-59,-65,-63,-64,-49,-54,-51,-54,-68,-82,-93,-99
-71,-44,-25,6,30,37,31,5,-20,-42,-63,-71,-89,-83,-73,-59,-46,-32,-30,-35,-24,-13,5,29,64,86,118,151,200,212,211,188,165,130,92,61,25,-2,-37,-70,-98,-132,-169,-195,-211,-219,-204,-173,-120,-80,-34,8,33,56,75,102
56,67,64,66,63,49,29,-7,-40,-78,-118,-154,-190,-215,-237,-247,-259,-274,-276,-286,-294,-307,-317,-317,-329,-329,-324,-319,-292,-279,-235,-215,-165,-121,-80,-43,-22,7,36,61,89,103,123,144,183,205,230,251,277,274,274,261,242,219,201,189
93,99,106,106,90,78,60,45,22,-5,-31,-63,-81,-104,-123,-136,-144,-143,-137,-123,-105,-85,-60,-33,-4,19,50,82,114,110,107,105,84,71,55,36,15,-2,-22,-34,-47,-50,-51,-47,-33,-21,-4,17,29,56,75,91,119,132,151,156
-40,-45,-37,-38,-46,-29,-9,33,60,91,126,152,193,212,229,244,248,264,252,260,253,258,258,255,256,248,235,226,211,195,170,152,112,82,47,22,4,-12,-21,-35,-43,-41,-39,-36,-49,-49,-59,-67,-84,-82,-82,-74,-57,-35,-21,-5
-29,-22,-19,-13,-10,-10,-26,-47,-71,-103,-132,-159,-186,-211,-231,-240,-253,-252,-251,-243,-246,-248,-254,-248,-257,-253,-247,-245,-232,-219,-192,-171,-138,-98,-64,-34,-15,5,27,48,66,81,90,111,127,153,177,198,223,224,225,219,200,182,170,161
88,61,48,18,-12,-25,-16,15,38,69,93,115,134,141,139,135,127,105,116,119,125,116,107,87,66,47,21,-9,-93,-132,-145,-134,-129,-110,-79,-52,-15,14,45,69,113,153,203,255,286,336,355,362,347,312,278,245,222,196,167,138
77,72,80,74,57,56,62,90,109,135,158,175,209,226,233,240,238,237,210,188,165,151,133,120,112,104,92,65,59,66,58,46,35,22,0,-8,-13,-10,-3,10,27,50,75,100,116,135,141,148,134,125,124,123,136,156,175,172
-169,-170,-165,-161,-145,-132,-109,-98,-77,-57,-39,-24,-22,-3,18,38,61,79,113,155,181,218,241,265,287,291,302,312,304,265,233,215,163,123,88,57,31,-3,-36,-72,-104,-129,-156,-183,-220,-245,-273,-288,-301,-288,-282,-258,-239,-216,-192,-171
157,180,186,186,174,160,129,102,81,71,77,95,109,135,163,188,202,212,221,217,240,258,281,296,327,338,353,365,350,316,274,231,177,134,90,58,31,-1,-22,-53,-72,-87,-103,-105,-109,-79,-40,6,70,103,144,169,190,200,206,222
-35,-40,-45,-48,-41,-39,-32,-29,-18,-7,5,21,32,44,57,64,71,73,74,69,62,53,42,28,10,-2,-18,-34,-54,-54,-55,-53,-45,-37,-28,-18,-8,3,12,15,20,20,19,13,3,-6,-16,-29,-37,-49,-60,-70,-79,-84,-85,-88
139,140,126,119,114,88,55,4,-34,-79,-119,-154,-193,-225,-242,-263,-274,-273,-269,-261,-257,-251,-244,-230,-212,-202,-177,-148,-112,-106,-76,-63,-39,-17,3,11,13,10,-4,-19,-42,-70,-112,-146,-186,-214,-243,-262,-266,-277,-284,-287,-292,-293,-310,-307
-152,-155,-149,-143,-138,-120,-95,-60,-33,-1,28,58,93,119,142,161,180,198,208,218,224,227,228,217,208,196,173,144,99,83,56,42,19,-1,-12,-22,-12,-5,9,31,58,88,132,168,202,236,267,283,291,299,301,288,275,258,246,230
215,216,208,198,191,165,148,119,97,71,43,24,-1,-18,-45,-70,-95,-121,-171,-213,-246,-288,-319,-347,-381,-384,-394,-409,-386,-348,-301,-276,-205,-158,-108,-64,-35,2,42,84,122,148,177,201,237,262,293,306,322,303,303,266,245,206,169,143
-51,-25,-14,13,34,35,22,-8,-35,-66,-95,-119,-141,-158,-162,-163,-158,-159,-163,-183,-187,-199,-197,-194,-188,-166,-153,-129,-59,-14,14,25,45,41,33,21,-2,-13,-30,-40,-64,-90,-128,-168,-206,-260,-312,-351,-383,-390,-396,-378,-369,-347,-346,-327
132,107,94,64,30,12,15,41,60,91,120,141,158,175,180,177,175,162,168,178,174,182,176,167,138,111,85,59,-24,-70,-90,-96,-100,-91,-67,-42,-13,14,45,69,106,138,198,237,291,332,364,378,371,348,324,283,254,225,212,174
-156,-163,-164,-160,-141,-120,-90,-67,-32,-1,29,58,66,95,115,132,146,153,181,207,227,255,275,289,307,310,315,320,300,272,231,213,155,124,85,54,31,3,-36,-75,-109,-135,-175,-206,-263,-288,-320,-342,-352,-350,-356,-335,-325,-305,-307,-289
-65,-61,-62,-54,-38,-23,-7,11,27,47,67,83,95,101,105,97,88,77,52,28,1,-22,-50,-70,-97,-113,-133,-149,-154,-145,-129,-118,-91,-71,-50,-29,-16,1,17,32,39,41,49,45,41,34,26,17,10,-7,-25,-43,-64,-81,-100,-110
73,45,26,-1,-30,-36,-33,4,24,54,76,86,107,102,92,79,70,55,58,63,55,52,35,16,-31,-69,-95,-125,-180,-211,-206,-195,-168,-136,-98,-63,-25,8,43,79,117,154,202,233,261,282,282,258,209,171,118,74,45,21,3,-35
41,40,45,47,43,49,63,89,105,121,146,145,169,179,172,169,159,138,99,58,23,-12,-49,-81,-117,-137,-159,-194,-200,-182,-170,-159,-130,-106,-84,-60,-36,-1,38,79,117,159,214,257,305,351,382,411,422,415,409,388,374,345,328,308
-125,-121,-120,-111,-79,-56,-23,8,41,79,111,143,167,184,187,186,179,155,120,77,39,-4,-47,-86,-134,-164,-194,-230,-249,-224,-210,-191,-150,-119,-86,-51,-24,6,34,57,72,84,92,92,74,72,59,43,27,-1,-32,-62,-99,-131,-162,-185
113,111,115,108,88,69,47,24,-3,-33,-61,-93,-108,-131,-145,-155,-157,-152,-142,-123,-100,-82,-60,-33,-4,21,48,76,102,100,98,99,80,70,53,38,19,0,-26,-46,-66,-81,-100,-112,-118,-123,-126,-120,-116,-93,-76,-53,-20,6,37,55
-25,-23,-30,-28,-21,-21,-32,-58,-75,-96,-117,-131,-153,-169,-176,-180,-186,-178,-164,-140,-133,-116,-107,-94,-80,-72,-59,-43,-35,-39,-31,-21,-20,-5,1,11,13,7,-4,-18,-30,-50,-73,-94,-116,-134,-144,-152,-145,-149,-145,-146,-158,-164,-177,-179
-88,-95,-97,-97,-113,-110,-106,-95,-89,-82,-70,-67,-42,-20,2,31,65,101,149,195,233,275,305,326,347,349,347,345,312,272,229,200,142,97,56,24,10,-8,-15,-15,-11,6,40,66,104,134,160,191,204,226,245,261,270,275,309,302
-14,13,23,41,68,64,53,14,-12,-40,-69,-90,-114,-116,-116,-112,-107,-109,-112,-132,-140,-141,-145,-136,-117,-88,-69,-52,9,54,67,79,80,71,51,34,5,-13,-38,-53,-87,-114,-165,-197,-249,-304,-346,-380,-402,-402,-397,-373,-356,-338,-333,-307
-156,-176,-177,-180,-183,-165,-133,-89,-60,-39,-29,-31,-35,-45,-64,-75,-79,-93,-83,-68,-72,-74,-90,-101,-135,-160,-177,-195,-225,-248,-226,-212,-176,-140,-96,-60,-24,10,51,87,130,168,226,264,330,366,401,420,410,403,384,345,322,295,304,266
-140,-135,-146,-138,-120,-107,-103,-118,-118,-127,-132,-132,-144,-155,-145,-140,-130,-114,-75,-29,-4,32,58,90,110,120,142,167,165,143,129,123,89,76,67,49,34,5,-27,-69,-104,-144,-194,-242,-290,-331,-361,-380,-388,-382,-387,-374,-375,-365,-370,-359
175,156,147,113,70,51,43,67,84,112,141,172,206,224,231,230,228,224,228,240,243,256,249,235,221,184,158,130,27,-36,-68,-79,-96,-83,-62,-40,-5,14,49,70,112,153,217,270,314,376,418,431,426,402,376,333,308,278,247,213
103,104,110,103,76,77,68,91,94,100,119,117,149,157,155,159,155,154,131,111,91,86,68,60,37,22,15,-1,10,18,18,7,7,2,-7,-12,-12,-12,0,16,32,52,70,92,107,126,127,126,118,110,109,115,124,136,135,145
59,56,62,59,57,56,63,79,85,95,109,109,131,132,127,120,106,98,61,26,-2,-34,-63,-87,-117,-127,-141,-171,-170,-155,-139,-133,-102,-87,-69,-49,-29,-1,30,67,98,128,175,207,248,280,310,330,341,330,329,317,303,282,273,258
-41,-45,-50,-50,-46,-42,-34,-28,-17,-3,10,28,41,54,65,72,77,77,73,62,53,41,25,11,-11,-24,-40,-58,-73,-71,-68,-64,-52,-39,-29,-16,-6,3,11,12,13,9,3,-6,-23,-34,-47,-59,-72,-78,-88,-92,-97,-97,-94,-91
-174,-174,-179,-171,-151,-129,-107,-84,-60,-31,-6,20,31,47,67,77,90,105,132,163,183,216,233,254,272,271,279,289,271,237,204,189,142,110,79,54,34,5,-30,-69,-102,-137,-175,-212,-262,-290,-321,-339,-346,-343,-344,-323,-320,-303,-305,-293
200,202,181,169,153,135,117,100,96,108,128,154,174,200,227,244,257,265,272,272,283,300,319,330,351,347,361,369,356,318,280,238,188,142,99,64,35,-4,-37,-73,-104,-135,-167,-197,-226,-232,-227,-215,-173,-151,-117,-89,-68,-55,-54,-35
-85,-67,-39,-19,-6,-5,-11,-27,-46,-78,-113,-150,-183,-200,-223,-228,-240,-239,-255,-271,-289,-302,-318,-323,-339,-322,-319,-319,-272,-210,-174,-141,-95,-67,-48,-30,-29,-11,3,29,39,53,53,57,58,35,-1,-36,-83,-108,-129,-145,-155,-155,-152,-166
192,197,186,178,169,147,120,82,55,22,-7,-35,-70,-90,-112,-137,-161,-185,-216,-249,-274,-299,-321,-332,-349,-342,-348,-345,-321,-284,-250,-214,-163,-120,-79,-44,-19,3,30,52,68,72,76,79,82,88,90,90,98,85,72,56,34,7,-35,-46
-3,-6,6,8,0,11,31,71,101,132,165,183,212,238,243,247,247,240,211,184,155,129,104,86,58,36,15,-19,-33,-28,-30,-39,-36,-37,-40,-37,-26,-5,18,54,85,125,178,221,265,310,341,365,372,365,376,363,363,359,367,360
150,155,148,143,135,111,84,43,9,-29,-67,-99,-136,-160,-181,-203,-217,-237,-250,-274,-289,-312,-323,-333,-346,-337,-336,-336,-318,-285,-250,-219,-166,-127,-82,-47,-20,4,33,62,87,101,122,139,166,184,208,222,235,237,228,214,197,170,145,132
-191,-192,-187,-176,-170,-143,-123,-97,-77,-51,-28,-5,10,33,51,71,92,119,146,190,214,251,274,299,326,325,331,345,332,293,252,238,171,135,93,64,30,1,-35,-74,-109,-135,-168,-190,-230,-253,-288,-300,-315,-303,-301,-279,-261,-237,-205,-185
-188,-192,-183,-178,-167,-147,-125,-91,-70,-38,-18,8,37,60,79,102,127,148,184,221,255,283,307,329,341,342,351,359,338,290,265,224,173,126,85,48,24,-6,-33,-61,-83,-98,-104,-120,-123,-138,-147,-150,-156,-148,-127,-108,-88,-60,-18,-4
-27,-17,-14,-5,-4,-7,-24,-53,-81,-115,-148,-176,-207,-235,-254,-273,-286,-285,-283,-271,-277,-280,-280,-282,-288,-283,-279,-267,-254,-245,-218,-191,-152,-110,-72,-33,-18,11,29,53,74,88,98,119,138,165,194,213,237,239,241,230,215,189,176,163
95,94,94,87,67,49,26,5,-18,-44,-69,-91,-102,-115,-119,-121,-112,-98,-71,-38,-11,19,49,78,105,120,146,165,175,156,140,130,99,73,49,28,11,-4,-15,-20,-25,-18,-8,9,30,49,67,90,102,124,135,143,162,168,168,171
176,176,187,178,147,132,108,109,88,76,71,52,65,59,45,38,25,17,-15,-45,-70,-95,-119,-133,-157,-160,-172,-189,-171,-143,-123,-111,-81,-62,-50,-40,-30,-5,19,56,83,115,150,187,219,249,267,278,274,271,263,254,261,262,259,258
198,200,183,179,167,141,104,52,6,-39,-81,-116,-153,-190,-218,-237,-262,-282,-290,-308,-319,-339,-348,-348,-360,-345,-334,-319,-286,-261,-218,-192,-141,-100,-57,-26,-11,7,22,30,35,30,11,1,-9,-17,-21,-34,-22,-43,-49,-66,-81,-104,-149,-156
100,126,138,150,151,140,115,80,54,36,32,34,53,65,89,107,122,141,143,145,162,174,196,223,250,277,297,316,324,310,274,243,191,142,102,68,32,1,-30,-60,-90,-119,-148,-157,-167,-158,-125,-85,-28,16,53,90,114,131,142,167
-32,-37,-46,-49,-50,-53,-51,-51,-42,-36,-25,-15,-4,14,30,49,70,87,107,124,139,154,161,162,156,155,141,123,89,75,49,37,16,3,-7,-11,-7,-1,9,22,40,62,92,111,135,154,171,182,182,184,175,160,140,121,100,83
-37,-9,3,30,54,56,44,9,-12,-46,-73,-90,-109,-115,-113,-104,-93,-81,-91,-99,-100,-94,-91,-75,-54,-24,0,21,84,130,134,136,125,107,75,50,17,-10,-45,-69,-110,-148,-198,-239,-288,-334,-366,-378,-369,-352,-330,-300,-275,-249,-232,-203
45,25,12,-8,-25,-29,-26,-5,13,26,45,49,59,59,51,39,29,19,19,21,12,10,-7,-17,-48,-64,-84,-103,-142,-152,-149,-136,-113,-92,-62,-42,-17,4,28,50,70,93,123,141,151,157,148,131,92,63,30,1,-16,-31,-41,-61
-219,-223,-232,-219,-195,-165,-139,-121,-94,-71,-49,-26,-21,-13,7,16,24,34,66,106,129,157,181,199,223,236,243,254,224,191,159,149,107,81,68,50,34,11,-19,-64,-97,-137,-172,-202,-254,-279,-291,-301,-290,-279,-278,-272,-271,-263,-280,-268
102,101,111,102,91,84,86,107,117,131,141,143,157,170,164,163,155,137,101,64,40,6,-18,-44,-74,-83,-107,-133,-131,-112,-104,-99,-75,-66,-54,-44,-29,-4,24,63,96,134,184,226,273,310,345,362,369,363,366,354,356,347,354,345
135,147,155,152,139,109,85,47,7,-36,-78,-123,-155,-178,-207,-221,-238,-261,-278,-313,-322,-355,-375,-384,-418,-410,-412,-417,-387,-354,-301,-278,-205,-162,-112,-73,-41,-1,42,92,138,172,226,258,328,360,400,426,437,442,439,423,406,382,378,363
12,17,13,16,23,11,-2,-49,-78,-114,-151,-181,-233,-254,-269,-285,-291,-306,-289,-294,-287,-295,-294,-289,-297,-281,-276,-261,-252,-231,-200,-176,-134,-101,-57,-27,-10,10,28,36,50,48,57,51,73,80,96,111,131,134,139,126,106,79,59,45
-148,-148,-153,-147,-131,-115,-106,-111,-103,-100,-100,-89,-94,-93,-76,-68,-46,-37,6,52,79,117,147,172,203,211,228,255,247,215,196,179,139,109,85,59,36,1,-31,-78,-116,-149,-200,-241,-294,-328,-365,-382,-402,-386,-388,-374,-366,-345,-332,-317
151,157,164,160,143,118,92,59,25,-9,-50,-89,-114,-137,-161,-177,-184,-213,-226,-262,-277,-307,-328,-344,-371,-354,-364,-368,-348,-313,-265,-246,-182,-138,-96,-63,-39,-3,35,84,122,157,200,240,295,325,362,389,399,399,400,375,367,345,340,327
-141,-139,-144,-136,-119,-108,-100,-113,-105,-106,-112,-103,-120,-123,-112,-109,-92,-87,-48,-10,20,55,75,99,129,138,160,180,174,145,127,120,94,80,63,52,31,6,-24,-64,-101,-134,-181,-218,-269,-297,-335,-355,-357,-357,-353,-338,-343,-328,-334,-321
165,167,148,140,139,109,84,30,-11,-54,-99,-129,-169,-203,-225,-248,-262,-276,-282,-289,-293,-306,-304,-299,-303,-287,-273,-261,-231,-204,-172,-151,-106,-73,-39,-14,-4,4,11,12,9,-5,-27,-43,-58,-78,-86,-93,-84,-102,-108,-116,-134,-147,-185,-191
-52,-50,-46,-41,-33,-23,-12,0,13,24,36,46,52,54,53,46,37,25,7,-11,-29,-48,-63,-77,-88,-92,-97,-99,-91,-79,-63,-53,-35,-22,-11,-2,0,3,1,-6,-16,-30,-44,-57,-74,-84,-96,-103,-106,-104,-100,-89,-79,-65,-50,-36
-11,-11,-21,-19,-19,-24,-42,-78,-101,-125,-151,-159,-187,-204,-202,-206,-196,-184,-147,-111,-81,-49,-21,15,44,62,91,129,141,120,119,115,93,83,68,53,31,4,-29,-71,-110,-149,-202,-247,-298,-343,-383,-407,-416,-411,-410,-393,-381,-367,-357,-338
193,196,184,175,168,146,110,71,32,-3,-39,-68,-98,-127,-153,-178,-201,-220,-239,-267,-284,-307,-326,-331,-352,-340,-332,-331,-298,-271,-230,-203,-153,-105,-71,-35,-17,8,28,44,56,60,51,52,52,56,54,51,61,38,36,20,-4,-28,-69,-80
-187,-191,-189,-182,-164,-140,-112,-82,-50,-18,8,44,63,84,107,129,151,159,189,219,246,274,298,313,331,338,344,349,327,300,255,232,176,133,93,58,32,1,-36,-76,-110,-141,-168,-198,-240,-267,-294,-310,-334,-323,-321,-309,-288,-266,-243,-229
12,-14,-26,-49,-62,-67,-45,-14,14,47,75,97,113,120,130,125,119,117,125,141,148,155,153,149,134,109,90,78,6,-33,-57,-54,-73,-62,-46,-26,-3,14,34,46,76,110,146,191,226,293,340,372,396,397,395,380,366,352,343,327
151,157,167,161,139,129,112,116,100,86,74,50,60,40,15,-4,-25,-47,-93,-131,-173,-209,-243,-269,-298,-325,-333,-339,-319,-304,-275,-226,-191,-149,-107,-71,-22,10,48,68,102,130,180,207,231,269,290,307,314,305,289,269,230,199,185,159
169,172,156,153,149,120,89,39,5,-36,-73,-100,-151,-171,-192,-213,-231,-246,-258,-272,-286,-298,-307,-312,-314,-318,-301,-295,-262,-235,-200,-179,-131,-93,-54,-30,-11,11,23,32,39,34,29,20,22,19,20,20,29,21,12,-5,-22,-49,-75,-89
-79,-82,-82,-82,-85,-87,-91,-102,-108,-119,-127,-130,-137,-129,-115,-103,-76,-54,-2,49,88,142,177,216,250,263,286,317,313,282,252,234,178,140,102,63,38,-5,-48,-88,-124,-152,-189,-217,-249,-279,-306,-310,-320,-295,-284,-256,-225,-187,-147,-115
-151,-152,-156,-151,-132,-122,-111,-106,-92,-84,-78,-65,-62,-54,-39,-20,3,11,56,96,127,164,192,223,239,258,278,292,286,253,227,207,157,127,91,60,37,2,-35,-76,-116,-146,-182,-218,-262,-295,-326,-348,-361,-351,-346,-326,-314,-287,-258,-241
-206,-212,-196,-186,-178,-151,-130,-100,-92,-92,-104,-131,-151,-170,-193,-209,-215,-229,-222,-226,-232,-249,-266,-279,-311,-318,-322,-336,-332,-314,-268,-248,-188,-147,-102,-66,-34,3,37,80,114,143,192,215,260,275,279,276,241,223,194,163,136,117,121,95
145,144,135,128,124,104,67,22,-13,-52,-87,-116,-155,-178,-200,-219,-236,-242,-249,-252,-260,-266,-267,-268,-260,-258,-240,-221,-188,-180,-148,-125,-91,-59,-34,-12,-2,9,10,12,7,-11,-30,-47,-64,-78,-89,-96,-93,-106,-113,-126,-138,-157,-173,-186
-160,-176,-178,-179,-183,-158,-133,-91,-75,-65,-66,-79,-79,-101,-126,-141,-159,-173,-169,-166,-173,-192,-215,-235,-268,-270,-287,-312,-322,-312,-272,-244,-188,-147,-108,-71,-36,1,38,76,109,146,183,206,235,240,233,209,166,132,95,59,34,9,9,-20
13,9,-1,-5,1,-11,-28,-62,-84,-108,-133,-150,-190,-193,-194,-195,-180,-180,-140,-118,-89,-61,-37,-5,20,35,61,94,110,93,95,96,74,70,58,44,29,5,-23,-62,-96,-137,-184,-220,-270,-303,-341,-359,-372,-369,-369,-353,-341,-322,-321,-299
-148,-131,-97,-75,-64,-55,-54,-57,-82,-116,-147,-192,-212,-242,-270,-288,-305,-298,-319,-317,-347,-361,-383,-386,-404,-396,-390,-398,-345,-283,-246,-196,-144,-102,-76,-45,-35,-5,16,51,63,84,94,104,115,95,61,28,-30,-54,-82,-99,-120,-124,-118,-135
158,162,162,160,140,123,89,62,28,-8,-33,-65,-82,-102,-126,-143,-160,-165,-189,-214,-236,-265,-287,-299,-317,-317,-320,-326,-301,-273,-239,-211,-161,-121,-89,-53,-33,5,36,79,110,141,178,212,256,290,323,343,355,350,347,332,321,304,301,287
-55,-60,-65,-67,-72,-69,-66,-56,-49,-39,-24,-14,8,25,42,62,83,104,126,145,160,175,182,184,179,165,158,142,113,85,65,47,26,9,-6,-11,-9,-3,9,25,43,66,94,125,146,171,193,204,210,210,204,193,178,158,138,123
1,8,23,30,34,39,43,51,48,42,35,27,16,-4,-21,-43,-69,-88,-111,-126,-144,-154,-161,-158,-151,-143,-124,-102,-57,-39,-18,-6,8,18,23,22,12,-1,-17,-33,-54,-71,-96,-112,-128,-139,-142,-144,-137,-119,-104,-79,-49,-21,7,31
-185,-186,-193,-187,-160,-142,-113,-102,-85,-65,-47,-27,-35,-24,-7,0,19,23,58,88,117,141,164,181,200,209,217,233,213,178,156,141,106,85,67,51,29,9,-19,-59,-93,-129,-164,-204,-240,-273,-294,-305,-305,-303,-291,-283,-286,-284,-277,-277
-83,-89,-102,-102,-94,-83,-73,-62,-41,-17,11,41,63,92,116,136,152,160,165,161,155,145,129,101,77,53,19,-17,-59,-72,-80,-84,-74,-66,-56,-39,-18,4,28,44,62,76,92,93,91,92,81,67,55,24,1,-30,-63,-89,-121,-133
64,72,74,78,67,54,26,-6,-51,-94,-136,-180,-205,-242,-267,-286,-303,-313,-314,-325,-333,-349,-360,-365,-382,-368,-371,-366,-348,-313,-279,-247,-188,-144,-90,-51,-27,5,37,70,103,126,145,172,211,241,270,298,323,319,329,303,287,257,240,224
222,228,220,204,177,149,129,117,113,123,147,179,199,236,268,290,309,302,318,317,342,363,382,397,409,409,405,405,348,282,231,186,121,84,59,37,27,10,3,-17,-18,-18,-1,23,46,107,165,225,285,310,341,352,358,356,345,351
101,102,101,96,82,63,45,23,-2,-28,-55,-81,-103,-112,-123,-120,-113,-101,-76,-46,-16,18,47,79,106,128,149,168,171,155,136,123,88,62,38,19,6,-5,-12,-8,0,18,37,62,90,116,141,164,176,185,190,187,183,173,155,138
-61,-67,-82,-84,-77,-70,-62,-56,-38,-19,2,31,55,74,96,113,128,138,140,139,135,123,107,86,60,40,10,-22,-64,-69,-78,-76,-69,-61,-52,-35,-16,3,22,35,50,59,66,65,59,54,41,23,9,-16,-36,-60,-86,-108,-127,-139
80,82,80,81,78,60,40,4,-29,-63,-98,-131,-168,-188,-211,-225,-233,-247,-248,-259,-267,-282,-287,-292,-307,-303,-294,-291,-270,-250,-214,-195,-138,-108,-68,-37,-15,7,30,55,74,89,105,115,146,159,182,202,222,217,224,208,191,169,148,136
-197,-198,-203,-195,-172,-147,-115,-97,-62,-37,-5,22,26,48,74,90,107,127,158,192,217,254,275,300,326,317,332,345,323,288,250,228,167,132,95,63,39,1,-37,-83,-122,-156,-204,-235,-295,-322,-356,-382,-392,-392,-392,-370,-359,-338,-338,-327
232,231,210,198,184,162,130,111,107,105,126,153,185,202,228,247,257,265,258,261,272,283,297,321,341,351,356,369,370,340,306,271,210,161,114,74,34,-5,-41,-94,-136,-179,-223,-261,-305,-340,-356,-357,-337,-315,-285,-260,-231,-217,-216,-197
167,168,166,160,146,130,114,107,91,81,67,52,49,40,20,8,-11,-34,-67,-108,-139,-174,-200,-224,-255,-270,-281,-295,-282,-250,-223,-200,-157,-121,-90,-62,-35,-2,37,77,116,152,191,226,267,303,337,354,368,359,359,338,323,305,280,269
199,200,188,182,168,146,110,77,37,2,-40,-64,-85,-118,-143,-168,-193,-213,-240,-271,-287,-321,-335,-351,-368,-363,-362,-360,-334,-301,-255,-234,-171,-126,-82,-46,-25,9,39,65,89,100,109,122,147,159,176,186,200,180,181,156,133,108,72,53
-17,-7,10,19,30,37,47,57,59,56,49,42,27,7,-14,-41,-68,-97,-126,-154,-171,-195,-204,-201,-202,-181,-163,-137,-94,-63,-38,-20,2,16,26,28,13,-1,-21,-42,-68,-87,-122,-139,-164,-172,-185,-182,-177,-153,-136,-103,-65,-32,6,36
36,27,11,2,-10,-23,-38,-48,-57,-61,-62,-59,-48,-36,-13,4,35,61,94,126,150,176,191,201,200,200,186,165,123,101,68,51,22,4,-11,-18,-8,-1,13,32,55,79,112,134,166,181,197,201,201,183,173,146,114,81,49,19
169,168,178,172,136,100,112,118,102,101,100,83,104,101,87,77,65,53,18,-25,-56,-86,-121,-136,-169,-171,-183,-207,-197,-171,-152,-137,-105,-82,-70,-50,-34,-9,25,68,105,145,191,233,278,317,344,367,374,370,366,354,353,350,340,338
221,223,225,212,191,168,139,119,87,58,38,5,2,-24,-45,-65,-89,-105,-144,-183,-219,-254,-290,-314,-344,-349,-361,-376,-349,-313,-274,-248,-188,-147,-109,-75,-41,3,43,91,138,178,226,270,318,362,399,425,443,435,428,410,396,375,360,343
8,9,1,-2,-5,-13,-33,-60,-83,-106,-128,-141,-163,-178,-178,-178,-169,-154,-123,-90,-63,-31,-6,23,51,61,87,121,141,118,116,112,89,79,65,45,30,0,-31,-69,-100,-135,-180,-216,-259,-294,-326,-343,-354,-347,-346,-329,-315,-293,-279,-262
-189,-193,-190,-180,-166,-142,-118,-94,-66,-38,-14,11,28,46,68,86,100,125,152,191,216,246,272,294,316,316,330,339,322,280,245,225,171,133,92,63,35,2,-36,-81,-114,-150,-182,-223,-263,-293,-328,-347,-364,-364,-354,-333,-324,-301,-278,-269
172,174,182,175,159,130,106,83,51,24,-8,-37,-51,-64,-87,-97,-111,-134,-154,-192,-211,-241,-262,-279,-302,-296,-299,-310,-289,-259,-218,-205,-147,-115,-84,-54,-34,-4,29,75,112,146,189,221,276,302,335,352,359,350,355,336,327,314,322,307
183,187,185,178,160,136,105,79,44,13,-22,-54,-65,-91,-117,-132,-152,-174,-196,-227,-250,-283,-303,-318,-345,-332,-340,-348,-327,-292,-253,-235,-176,-133,-94,-59,-32,2,38,79,114,140,179,206,257,286,321,341,355,352,346,328,316,288,278,260
-31,-63,-81,-100,-115,-111,-92,-52,-32,-7,9,6,11,-5,-27,-40,-58,-73,-76,-75,-84,-100,-120,-145,-189,-213,-234,-263,-290,-290,-260,-236,-188,-147,-101,-69,-30,0,32,69,102,136,168,191,200,201,180,140,85,38,-7,-46,-72,-91,-103,-131
-131,-127,-131,-126,-103,-93,-83,-102,-103,-109,-120,-122,-155,-159,-153,-156,-146,-143,-115,-83,-69,-47,-28,-14,-3,0,10,33,35,17,13,21,7,10,17,22,17,14,1,-25,-40,-64,-96,-119,-146,-155,-167,-170,-158,-157,-153,-155,-163,-169,-185,-185
-9,-17,-4,-5,-17,-3,10,57,79,112,145,168,218,236,249,254,257,263,248,230,225,213,208,195,189,185,168,146,122,123,99,86,64,40,20,4,-7,-12,-11,-3,5,26,46,66,75,95,96,102,85,89,91,97,113,133,147,153
98,105,104,112,99,83,48,11,-25,-69,-113,-147,-172,-209,-237,-253,-272,-275,-296,-301,-324,-337,-354,-362,-370,-377,-375,-378,-349,-318,-281,-243,-189,-144,-94,-53,-29,9,39,74,112,134,165,196,239,274,305,327,351,350,345,330,314,295,271,261
-103,-103,-101,-91,-68,-49,-23,-4,25,51,76,99,113,123,128,122,109,95,62,32,-2,-42,-74,-102,-133,-154,-176,-194,-199,-185,-160,-145,-107,-81,-53,-28,-11,7,18,21,20,8,-4,-24,-51,-70,-94,-121,-133,-155,-169,-174,-188,-193,-201,-193
8,13,3,7,6,2,-17,-48,-74,-99,-129,-150,-181,-201,-211,-223,-225,-225,-215,-203,-198,-188,-184,-174,-169,-160,-149,-129,-117,-110,-95,-79,-62,-40,-19,-4,9,9,11,6,0,-9,-28,-41,-55,-65,-63,-71,-54,-58,-58,-63,-79,-93,-117,-117
119,118,116,108,91,71,45,20,-7,-39,-65,-96,-117,-128,-133,-131,-117,-104,-67,-32,7,44,82,117,150,177,196,212,208,185,162,139,97,68,38,17,3,-8,-8,3,15,40,65,98,133,163,187,212,225,230,229,217,205,184,161,136
-214,-219,-202,-196,-190,-161,-133,-86,-51,-10,25,57,97,124,153,178,205,233,258,293,315,343,361,371,385,371,370,368,340,294,252,224,163,115,73,37,14,-8,-25,-43,-51,-48,-41,-35,-30,-20,-17,-11,-15,5,17,37,58,85,128,142
173,175,182,172,150,128,101,92,63,44,23,3,4,-9,-27,-35,-48,-60,-88,-116,-139,-166,-184,-203,-219,-214,-222,-235,-210,-189,-160,-145,-106,-79,-63,-44,-29,-4,21,55,83,113,159,188,231,253,268,284,277,278,273,262,261,254,263,253
217,219,208,203,187,162,129,98,62,30,-4,-34,-53,-83,-109,-132,-163,-179,-215,-248,-277,-313,-339,-361,-384,-389,-387,-395,-365,-334,-288,-263,-195,-149,-98,-58,-33,4,40,75,107,126,152,170,204,224,246,258,274,255,257,233,209,179,142,124
102,98,88,80,82,57,36,-20,-53,-90,-132,-158,-207,-226,-237,-255,-258,-271,-252,-248,-233,-226,-216,-202,-191,-168,-146,-118,-102,-86,-65,-50,-30,-12,4,19,13,9,-3,-21,-41,-74,-111,-150,-174,-209,-230,-251,-251,-262,-261,-265,-273,-278,-294,-297
-98,-101,-102,-102,-96,-99,-94,-103,-105,-107,-110,-113,-126,-115,-96,-82,-53,-37,17,58,103,150,188,224,262,278,302,328,321,285,256,236,180,144,104,68,35,-1,-44,-86,-124,-150,-193,-220,-254,-280,-311,-323,-331,-319,-302,-274,-247,-208,-175,-143
-148,-151,-140,-137,-140,-125,-115,-88,-70,-55,-30,-25,3,22,42,66,86,124,150,191,213,251,272,293,311,305,311,312,292,256,221,199,143,104,65,35,16,-3,-26,-41,-54,-53,-48,-43,-37,-32,-26,-14,-18,8,16,37,58,77,123,132
-42,-48,-35,-35,-41,-30,-7,36,65,101,139,160,199,224,241,252,261,265,257,248,245,246,240,227,226,222,207,189,168,160,135,116,93,61,33,11,-1,-12,-16,-15,-16,-9,10,19,32,31,28,31,13,25,24,35,58,74,95,103
-157,-169,-181,-179,-156,-135,-101,-73,-38,-3,33,72,81,104,129,149,165,166,201,226,252,280,301,318,333,335,348,358,328,280,245,216,159,129,91,64,37,9,-32,-80,-119,-159,-199,-249,-290,-322,-351,-366,-362,-369,-350,-336,-335,-329,-317,-313
0,0,0,0,0,0,0,0,0,0,0,0,0,0,0,0,0,0,0,0,0,0,0,0,0,0,0,0,0,0,0,0,0,0,0,0,0,0,0,0,0,0,0,0,0,0,0,0,0,0,0,0,0,0,0,0
0,0,0,0,0,0,0,0,0,0,0,0,0,0,0,0,0,0,0,0,0,0,0,0,0,0,0,0,0,0,0,0,0,0,0,0,0,0,0,0,0,0,0,0,0,0,0,0,0,0,0,0,0,0,0,0
0,0,0,0,0,0,0,0,0,0,0,0,0,0,0,0,0,0,0,0,0,0,0,0,0,0,0,0,0,0,0,0,0,0,0,0,0,0,0,0,0,0,0,0,0,0,0,0,0,0,0,0,0,0,0,0
0,0,0,0,0,0,0,0,0,0,0,0,0,0,0,0,0,0,0,0,0,0,0,0,0,0,0,0,0,0,0,0,0,0,0,0,0,0,0,0,0,0,0,0,0,0,0,0,0,0,0,0,0,0,0,0
0,0,0,0,0,0,0,0,0,0,0,0,0,0,0,0,0,0,0,0,0,0,0,0,0,0,0,0,0,0,0,0,0,0,0,0,0,0,0,0,0,0,0,0,0,0,0,0,0,0,0,0,0,0,0,0
0,0,0,0,0,0,0,0,0,0,0,0,0,0,0,0,0,0,0,0,0,0,0,0,0,0,0,0,0,0,0,0,0,0,0,0,0,0,0,0,0,0,0,0,0,0,0,0,0,0,0,0,0,0,0,0
0,0,0,0,0,0,0,0,0,0,0,0,0,0,0,0,0,0,0,0,0,0,0,0,0,0,0,0,0,0,0,0,0,0,0,0,0,0,0,0,0,0,0,0,0,0,0,0,0,0,0,0,0,0,0,0
0,0,0,0,0,0,0,0,0,0,0,0,0,0,0,0,0,0,0,0,0,0,0,0,0,0,0,0,0,0,0,0,0,0,0,0,0,0,0,0,0,0,0,0,0,0,0,0,0,0,0,0,0,0,0,0
0,0,0,0,0,0,0,0,0,0,0,0,0,0,0,0,0,0,0,0,0,0,0,0,0,0,0,0,0,0,0,0,0,0,0,0,0,0,0,0,0,0,0,0,0,0,0,0,0,0,0,0,0,0,0,0
0,0,0,0,0,0,0,0,0,0,0,0,0,0,0,0,0,0,0,0,0,0,0,0,0,0,0,0,0,0,0,0,0,0,0,0,0,0,0,0,0,0,0,0,0,0,0,0,0,0,0,0,0,0,0,0
0,0,0,0,0,0,0,0,0,0,0,0,0,0,0,0,0,0,0,0,0,0,0,0,0,0,0,0,0,0,0,0,0,0,0,0,0,0,0,0,0,0,0,0,0,0,0,0,0,0,0,0,0,0,0,0
0,0,0,0,0,0,0,0,0,0,0,0,0,0,0,0,0,0,0,0,0,0,0,0,0,0,0,0,0,0,0,0,0,0,0,0,0,0,0,0,0,0,0,0,0,0,0,0,0,0,0,0,0,0,0,0
0,0,0,0,0,0,0,0,0,0,0,0,0,0,0,0,0,0,0,0,0,0,0,0,0,0,0,0,0,0,0,0,0,0,0,0,0,0,0,0,0,0,0,0,0,0,0,0,0,0,0,0,0,0,0,0
0,0,0,0,0,0,0,0,0,0,0,0,0,0,0,0,0,0,0,0,0,0,0,0,0,0,0,0,0,0,0,0,0,0,0,0,0,0,0,0,0,0,0,0,0,0,0,0,0,0,0,0,0,0,0,0
0,0,0,0,0,0,0,0,0,0,0,0,0,0,0,0,0,0,0,0,0,0,0,0,0,0,0,0,0,0,0,0,0,0,0,0,0,0,0,0,0,0,0,0,0,0,0,0,0,0,0,0,0,0,0,0
0,0,0,0,0,0,0,0,0,0,0,0,0,0,0,0,0,0,0,0,0,0,0,0,0,0,0,0,0,0,0,0,0,0,0,0,0,0,0,0,0,0,0,0,0,0,0,0,0,0,0,0,0,0,0,0
0,0,0,0,0,0,0,0,0,0,0,0,0,0,0,0,0,0,0,0,0,0,0,0,0,0,0,0,0,0,0,0,0,0,0,0,0,0,0,0,0,0,0,0,0,0,0,0,0,0,0,0,0,0,0,0
0,0,0,0,0,0,0,0,0,0,0,0,0,0,0,0,0,0,0,0,0,0,0,0,0,0,0,0,0,0,0,0,0,0,0,0,0,0,0,0,0,0,0,0,0,0,0,0,0,0,0,0,0,0,0,0
0,0,0,0,0,0,0,0,0,0,0,0,0,0,0,0,0,0,0,0,0,0,0,0,0,0,0,0,0,0,0,0,0,0,0,0,0,0,0,0,0,0,0,0,0,0,0,0,0,0,0,0,0,0,0,0
0,0,0,0,0,0,0,0,0,0,0,0,0,0,0,0,0,0,0,0,0,0,0,0,0,0,0,0,0,0,0,0,0,0,0,0,0,0,0,0,0,0,0,0,0,0,0,0,0,0,0,0,0,0,0,0
0,0,0,0,0,0,0,0,0,0,0,0,0,0,0,0,0,0,0,0,0,0,0,0,0,0,0,0,0,0,0,0,0,0,0,0,0,0,0,0,0,0,0,0,0,0,0,0,0,0,0,0,0,0,0,0
0,0,0,0,0,0,0,0,0,0,0,0,0,0,0,0,0,0,0,0,0,0,0,0,0,0,0,0,0,0,0,0,0,0,0,0,0,0,0,0,0,0,0,0,0,0,0,0,0,0,0,0,0,0,0,0
0,0,0,0,0,0,0,0,0,0,0,0,0,0,0,0,0,0,0,0,0,0,0,0,0,0,0,0,0,0,0,0,0,0,0,0,0,0,0,0,0,0,0,0,0,0,0,0,0,0,0,0,0,0,0,0
0,0,0,0,0,0,0,0,0,0,0,0,0,0,0,0,0,0,0,0,0,0,0,0,0,0,0,0,0,0,0,0,0,0,0,0,0,0,0,0,0,0,0,0,0,0,0,0,0,0,0,0,0,0,0,0
0,0,0,0,0,0,0,0,0,0,0,0,0,0,0,0,0,0,0,0,0,0,0,0,0,0,0,0,0,0,0,0,0,0,0,0,0,0,0,0,0,0,0,0,0,0,0,0,0,0,0,0,0,0,0,0
0,0,0,0,0,0,0,0,0,0,0,0,0,0,0,0,0,0,0,0,0,0,0,0,0,0,0,0,0,0,0,0,0,0,0,0,0,0,0,0,0,0,0,0,0,0,0,0,0,0,0,0,0,0,0,0
0,0,0,0,0,0,0,0,0,0,0,0,0,0,0,0,0,0,0,0,0,0,0,0,0,0,0,0,0,0,0,0,0,0,0,0,0,0,0,0,0,0,0,0,0,0,0,0,0,0,0,0,0,0,0,0
0,0,0,0,0,0,0,0,0,0,0,0,0,0,0,0,0,0,0,0,0,0,0,0,0,0,0,0,0,0,0,0,0,0,0,0,0,0,0,0,0,0,0,0,0,0,0,0,0,0,0,0,0,0,0,0
0,0,0,0,0,0,0,0,0,0,0,0,0,0,0,0,0,0,0,0,0,0,0,0,0,0,0,0,0,0,0,0,0,0,0,0,0,0,0,0,0,0,0,0,0,0,0,0,0,0,0,0,0,0,0,0
0,0,0,0,0,0,0,0,0,0,0,0,0,0,0,0,0,0,0,0,0,0,0,0,0,0,0,0,0,0,0,0,0,0,0,0,0,0,0,0,0,0,0,0,0,0,0,0,0,0,0,0,0,0,0,0
0,0,0,0,0,0,0,0,0,0,0,0,0,0,0,0,0,0,0,0,0,0,0,0,0,0,0,0,0,0,0,0,0,0,0,0,0,0,0,0,0,0,0,0,0,0,0,0,0,0,0,0,0,0,0,0
0,0,0,0,0,0,0,0,0,0,0,0,0,0,0,0,0,0,0,0,0,0,0,0,0,0,0,0,0,0,0,0,0,0,0,0,0,0,0,0,0,0,0,0,0,0,0,0,0,0,0,0,0,0,0,0
0,0,0,0,0,0,0,0,0,0,0,0,0,0,0,0,0,0,0,0,0,0,0,0,0,0,0,0,0,0,0,0,0,0,0,0,0,0,0,0,0,0,0,0,0,0,0,0,0,0,0,0,0,0,0,0
0,0,0,0,0,0,0,0,0,0,0,0,0,0,0,0,0,0,0,0,0,0,0,0,0,0,0,0,0,0,0,0,0,0,0,0,0,0,0,0,0,0,0,0,0,0,0,0,0,0,0,0,0,0,0,0
0,0,0,0,0,0,0,0,0,0,0,0,0,0,0,0,0,0,0,0,0,0,0,0,0,0,0,0,0,0,0,0,0,0,0,0,0,0,0,0,0,0,0,0,0,0,0,0,0,0,0,0,0,0,0,0
0,0,0,0,0,0,0,0,0,0,0,0,0,0,0,0,0,0,0,0,0,0,0,0,0,0,0,0,0,0,0,0,0,0,0,0,0,0,0,0,0,0,0,0,0,0,0,0,0,0,0,0,0,0,0,0
0,0,0,0,0,0,0,0,0,0,0,0,0,0,0,0,0,0,0,0,0,0,0,0,0,0,0,0,0,0,0,0,0,0,0,0,0,0,0,0,0,0,0,0,0,0,0,0,0,0,0,0,0,0,0,0
0,0,0,0,0,0,0,0,0,0,0,0,0,0,0,0,0,0,0,0,0,0,0,0,0,0,0,0,0,0,0,0,0,0,0,0,0,0,0,0,0,0,0,0,0,0,0,0,0,0,0,0,0,0,0,0
0,0,0,0,0,0,0,0,0,0,0,0,0,0,0,0,0,0,0,0,0,0,0,0,0,0,0,0,0,0,0,0,0,0,0,0,0,0,0,0,0,0,0,0,0,0,0,0,0,0,0,0,0,0,0,0
0,0,0,0,0,0,0,0,0,0,0,0,0,0,0,0,0,0,0,0,0,0,0,0,0,0,0,0,0,0,0,0,0,0,0,0,0,0,0,0,0,0,0,0,0,0,0,0,0,0,0,0,0,0,0,0
0,0,0,0,0,0,0,0,0,0,0,0,0,0,0,0,0,0,0,0,0,0,0,0,0,0,0,0,0,0,0,0,0,0,0,0,0,0,0,0,0,0,0,0,0,0,0,0,0,0,0,0,0,0,0,0
0,0,0,0,0,0,0,0,0,0,0,0,0,0,0,0,0,0,0,0,0,0,0,0,0,0,0,0,0,0,0,0,0,0,0,0,0,0,0,0,0,0,0,0,0,0,0,0,0,0,0,0,0,0,0,0
0,0,0,0,0,0,0,0,0,0,0,0,0,0,0,0,0,0,0,0,0,0,0,0,0,0,0,0,0,0,0,0,0,0,0,0,0,0,0,0,0,0,0,0,0,0,0,0,0,0,0,0,0,0,0,0
0,0,0,0,0,0,0,0,0,0,0,0,0,0,0,0,0,0,0,0,0,0,0,0,0,0,0,0,0,0,0,0,0,0,0,0,0,0,0,0,0,0,0,0,0,0,0,0,0,0,0,0,0,0,0,0
0,0,0,0,0,0,0,0,0,0,0,0,0,0,0,0,0,0,0,0,0,0,0,0,0,0,0,0,0,0,0,0,0,0,0,0,0,0,0,0,0,0,0,0,0,0,0,0,0,0,0,0,0,0,0,0
0,0,0,0,0,0,0,0,0,0,0,0,0,0,0,0,0,0,0,0,0,0,0,0,0,0,0,0,0,0,0,0,0,0,0,0,0,0,0,0,0,0,0,0,0,0,0,0,0,0,0,0,0,0,0,0
0,0,0,0,0,0,0,0,0,0,0,0,0,0,0,0,0,0,0,0,0,0,0,0,0,0,0,0,0,0,0,0,0,0,0,0,0,0,0,0,0,0,0,0,0,0,0,0,0,0,0,0,0,0,0,0
0,0,0,0,0,0,0,0,0,0,0,0,0,0,0,0,0,0,0,0,0,0,0,0,0,0,0,0,0,0,0,0,0,0,0,0,0,0,0,0,0,0,0,0,0,0,0,0,0,0,0,0,0,0,0,0
0,0,0,0,0,0,0,0,0,0,0,0,0,0,0,0,0,0,0,0,0,0,0,0,0,0,0,0,0,0,0,0,0,0,0,0,0,0,0,0,0,0,0,0,0,0,0,0,0,0,0,0,0,0,0,0
0,0,0,0,0,0,0,0,0,0,0,0,0,0,0,0,0,0,0,0,0,0,0,0,0,0,0,0,0,0,0,0,0,0,0,0,0,0,0,0,0,0,0,0,0,0,0,0,0,0,0,0,0,0,0,0
0,0,0,0,0,0,0,0,0,0,0,0,0,0,0,0,0,0,0,0,0,0,0,0,0,0,0,0,0,0,0,0,0,0,0,0,0,0,0,0,0,0,0,0,0,0,0,0,0,0,0,0,0,0,0,0
0,0,0,0,0,0,0,0,0,0,0,0,0,0,0,0,0,0,0,0,0,0,0,0,0,0,0,0,0,0,0,0,0,0,0,0,0,0,0,0,0,0,0,0,0,0,0,0,0,0,0,0,0,0,0,0
0,0,0,0,0,0,0,0,0,0,0,0,0,0,0,0,0,0,0,0,0,0,0,0,0,0,0,0,0,0,0,0,0,0,0,0,0,0,0,0,0,0,0,0,0,0,0,0,0,0,0,0,0,0,0,0
0,0,0,0,0,0,0,0,0,0,0,0,0,0,0,0,0,0,0,0,0,0,0,0,0,0,0,0,0,0,0,0,0,0,0,0,0,0,0,0,0,0,0,0,0,0,0,0,0,0,0,0,0,0,0,0
0,0,0,0,0,0,0,0,0,0,0,0,0,0,0,0,0,0,0,0,0,0,0,0,0,0,0,0,0,0,0,0,0,0,0,0,0,0,0,0,0,0,0,0,0,0,0,0,0,0,0,0,0,0,0,0
0,0,0,0,0,0,0,0,0,0,0,0,0,0,0,0,0,0,0,0,0,0,0,0,0,0,0,0,0,0,0,0,0,0,0,0,0,0,0,0,0,0,0,0,0,0,0,0,0,0,0,0,0,0,0,0
0,0,0,0,0,0,0,0,0,0,0,0,0,0,0,0,0,0,0,0,0,0,0,0,0,0,0,0,0,0,0,0,0,0,0,0,0,0,0,0,0,0,0,0,0,0,0,0,0,0,0,0,0,0,0,0
0,0,0,0,0,0,0,0,0,0,0,0,0,0,0,0,0,0,0,0,0,0,0,0,0,0,0,0,0,0,0,0,0,0,0,0,0,0,0,0,0,0,0,0,0,0,0,0,0,0,0,0,0,0,0,0
0,0,0,0,0,0,0,0,0,0,0,0,0,0,0,0,0,0,0,0,0,0,0,0,0,0,0,0,0,0,0,0,0,0,0,0,0,0,0,0,0,0,0,0,0,0,0,0,0,0,0,0,0,0,0,0
0,0,0,0,0,0,0,0,0,0,0,0,0,0,0,0,0,0,0,0,0,0,0,0,0,0,0,0,0,0,0,0,0,0,0,0,0,0,0,0,0,0,0,0,0,0,0,0,0,0,0,0,0,0,0,0
0,0,0,0,0,0,0,0,0,0,0,0,0,0,0,0,0,0,0,0,0,0,0,0,0,0,0,0,0,0,0,0,0,0,0,0,0,0,0,0,0,0,0,0,0,0,0,0,0,0,0,0,0,0,0,0
0,0,0,0,0,0,0,0,0,0,0,0,0,0,0,0,0,0,0,0,0,0,0,0,0,0,0,0,0,0,0,0,0,0,0,0,0,0,0,0,0,0,0,0,0,0,0,0,0,0,0,0,0,0,0,0
0,0,0,0,0,0,0,0,0,0,0,0,0,0,0,0,0,0,0,0,0,0,0,0,0,0,0,0,0,0,0,0,0,0,0,0,0,0,0,0,0,0,0,0,0,0,0,0,0,0,0,0,0,0,0,0
0,0,0,0,0,0,0,0,0,0,0,0,0,0,0,0,0,0,0,0,0,0,0,0,0,0,0,0,0,0,0,0,0,0,0,0,0,0,0,0,0,0,0,0,0,0,0,0,0,0,0,0,0,0,0,0
0,0,0,0,0,0,0,0,0,0,0,0,0,0,0,0,0,0,0,0,0,0,0,0,0,0,0,0,0,0,0,0,0,0,0,0,0,0,0,0,0,0,0,0,0,0,0,0,0,0,0,0,0,0,0,0
0,0,0,0,0,0,0,0,0,0,0,0,0,0,0,0,0,0,0,0,0,0,0,0,0,0,0,0,0,0,0,0,0,0,0,0,0,0,0,0,0,0,0,0,0,0,0,0,0,0,0,0,0,0,0,0
0,0,0,0,0,0,0,0,0,0,0,0,0,0,0,0,0,0,0,0,0,0,0,0,0,0,0,0,0,0,0,0,0,0,0,0,0,0,0,0,0,0,0,0,0,0,0,0,0,0,0,0,0,0,0,0
0,0,0,0,0,0,0,0,0,0,0,0,0,0,0,0,0,0,0,0,0,0,0,0,0,0,0,0,0,0,0,0,0,0,0,0,0,0,0,0,0,0,0,0,0,0,0,0,0,0,0,0,0,0,0,0
0,0,0,0,0,0,0,0,0,0,0,0,0,0,0,0,0,0,0,0,0,0,0,0,0,0,0,0,0,0,0,0,0,0,0,0,0,0,0,0,0,0,0,0,0,0,0,0,0,0,0,0,0,0,0,0
0,0,0,0,0,0,0,0,0,0,0,0,0,0,0,0,0,0,0,0,0,0,0,0,0,0,0,0,0,0,0,0,0,0,0,0,0,0,0,0,0,0,0,0,0,0,0,0,0,0,0,0,0,0,0,0
0,0,0,0,0,0,0,0,0,0,0,0,0,0,0,0,0,0,0,0,0,0,0,0,0,0,0,0,0,0,0,0,0,0,0,0,0,0,0,0,0,0,0,0,0,0,0,0,0,0,0,0,0,0,0,0
0,0,0,0,0,0,0,0,0,0,0,0,0,0,0,0,0,0,0,0,0,0,0,0,0,0,0,0,0,0,0,0,0,0,0,0,0,0,0,0,0,0,0,0,0,0,0,0,0,0,0,0,0,0,0,0
0,0,0,0,0,0,0,0,0,0,0,0,0,0,0,0,0,0,0,0,0,0,0,0,0,0,0,0,0,0,0,0,0,0,0,0,0,0,0,0,0,0,0,0,0,0,0,0,0,0,0,0,0,0,0,0
0,0,0,0,0,0,0,0,0,0,0,0,0,0,0,0,0,0,0,0,0,0,0,0,0,0,0,0,0,0,0,0,0,0,0,0,0,0,0,0,0,0,0,0,0,0,0,0,0,0,0,0,0,0,0,0
0,0,0,0,0,0,0,0,0,0,0,0,0,0,0,0,0,0,0,0,0,0,0,0,0,0,0,0,0,0,0,0,0,0,0,0,0,0,0,0,0,0,0,0,0,0,0,0,0,0,0,0,0,0,0,0
0,0,0,0,0,0,0,0,0,0,0,0,0,0,0,0,0,0,0,0,0,0,0,0,0,0,0,0,0,0,0,0,0,0,0,0,0,0,0,0,0,0,0,0,0,0,0,0,0,0,0,0,0,0,0,0
0,0,0,0,0,0,0,0,0,0,0,0,0,0,0,0,0,0,0,0,0,0,0,0,0,0,0,0,0,0,0,0,0,0,0,0,0,0,0,0,0,0,0,0,0,0,0,0,0,0,0,0,0,0,0,0
0,0,0,0,0,0,0,0,0,0,0,0,0,0,0,0,0,0,0,0,0,0,0,0,0,0,0,0,0,0,0,0,0,0,0,0,0,0,0,0,0,0,0,0,0,0,0,0,0,0,0,0,0,0,0,0
0,0,0,0,0,0,0,0,0,0,0,0,0,0,0,0,0,0,0,0,0,0,0,0,0,0,0,0,0,0,0,0,0,0,0,0,0,0,0,0,0,0,0,0,0,0,0,0,0,0,0,0,0,0,0,0
0,0,0,0,0,0,0,0,0,0,0,0,0,0,0,0,0,0,0,0,0,0,0,0,0,0,0,0,0,0,0,0,0,0,0,0,0,0,0,0,0,0,0,0,0,0,0,0,0,0,0,0,0,0,0,0
0,0,0,0,0,0,0,0,0,0,0,0,0,0,0,0,0,0,0,0,0,0,0,0,0,0,0,0,0,0,0,0,0,0,0,0,0,0,0,0,0,0,0,0,0,0,0,0,0,0,0,0,0,0,0,0
0,0,0,0,0,0,0,0,0,0,0,0,0,0,0,0,0,0,0,0,0,0,0,0,0,0,0,0,0,0,0,0,0,0,0,0,0,0,0,0,0,0,0,0,0,0,0,0,0,0,0,0,0,0,0,0
0,0,0,0,0,0,0,0,0,0,0,0,0,0,0,0,0,0,0,0,0,0,0,0,0,0,0,0,0,0,0,0,0,0,0,0,0,0,0,0,0,0,0,0,0,0,0,0,0,0,0,0,0,0,0,0
0,0,0,0,0,0,0,0,0,0,0,0,0,0,0,0,0,0,0,0,0,0,0,0,0,0,0,0,0,0,0,0,0,0,0,0,0,0,0,0,0,0,0,0,0,0,0,0,0,0,0,0,0,0,0,0
0,0,0,0,0,0,0,0,0,0,0,0,0,0,0,0,0,0,0,0,0,0,0,0,0,0,0,0,0,0,0,0,0,0,0,0,0,0,0,0,0,0,0,0,0,0,0,0,0,0,0,0,0,0,0,0
0,0,0,0,0,0,0,0,0,0,0,0,0,0,0,0,0,0,0,0,0,0,0,0,0,0,0,0,0,0,0,0,0,0,0,0,0,0,0,0,0,0,0,0,0,0,0,0,0,0,0,0,0,0,0,0
0,0,0,0,0,0,0,0,0,0,0,0,0,0,0,0,0,0,0,0,0,0,0,0,0,0,0,0,0,0,0,0,0,0,0,0,0,0,0,0,0,0,0,0,0,0,0,0,0,0,0,0,0,0,0,0
0,0,0,0,0,0,0,0,0,0,0,0,0,0,0,0,0,0,0,0,0,0,0,0,0,0,0,0,0,0,0,0,0,0,0,0,0,0,0,0,0,0,0,0,0,0,0,0,0,0,0,0,0,0,0,0
0,0,0,0,0,0,0,0,0,0,0,0,0,0,0,0,0,0,0,0,0,0,0,0,0,0,0,0,0,0,0,0,0,0,0,0,0,0,0,0,0,0,0,0,0,0,0,0,0,0,0,0,0,0,0,0
0,0,0,0,0,0,0,0,0,0,0,0,0,0,0,0,0,0,0,0,0,0,0,0,0,0,0,0,0,0,0,0,0,0,0,0,0,0,0,0,0,0,0,0,0,0,0,0,0,0,0,0,0,0,0,0
0,0,0,0,0,0,0,0,0,0,0,0,0,0,0,0,0,0,0,0,0,0,0,0,0,0,0,0,0,0,0,0,0,0,0,0,0,0,0,0,0,0,0,0,0,0,0,0,0,0,0,0,0,0,0,0
0,0,0,0,0,0,0,0,0,0,0,0,0,0,0,0,0,0,0,0,0,0,0,0,0,0,0,0,0,0,0,0,0,0,0,0,0,0,0,0,0,0,0,0,0,0,0,0,0,0,0,0,0,0,0,0
0,0,0,0,0,0,0,0,0,0,0,0,0,0,0,0,0,0,0,0,0,0,0,0,0,0,0,0,0,0,0,0,0,0,0,0,0,0,0,0,0,0,0,0,0,0,0,0,0,0,0,0,0,0,0,0
0,0,0,0,0,0,0,0,0,0,0,0,0,0,0,0,0,0,0,0,0,0,0,0,0,0,0,0,0,0,0,0,0,0,0,0,0,0,0,0,0,0,0,0,0,0,0,0,0,0,0,0,0,0,0,0
0,0,0,0,0,0,0,0,0,0,0,0,0,0,0,0,0,0,0,0,0,0,0,0,0,0,0,0,0,0,0,0,0,0,0,0,0,0,0,0,0,0,0,0,0,0,0,0,0,0,0,0,0,0,0,0
0,0,0,0,0,0,0,0,0,0,0,0,0,0,0,0,0,0,0,0,0,0,0,0,0,0,0,0,0,0,0,0,0,0,0,0,0,0,0,0,0,0,0,0,0,0,0,0,0,0,0,0,0,0,0,0
0,0,0,0,0,0,0,0,0,0,0,0,0,0,0,0,0,0,0,0,0,0,0,0,0,0,0,0,0,0,0,0,0,0,0,0,0,0,0,0,0,0,0,0,0,0,0,0,0,0,0,0,0,0,0,0
0,0,0,0,0,0,0,0,0,0,0,0,0,0,0,0,0,0,0,0,0,0,0,0,0,0,0,0,0,0,0,0,0,0,0,0,0,0,0,0,0,0,0,0,0,0,0,0,0,0,0,0,0,0,0,0
0,0,0,0,0,0,0,0,0,0,0,0,0,0,0,0,0,0,0,0,0,0,0,0,0,0,0,0,0,0,0,0,0,0,0,0,0,0,0,0,0,0,0,0,0,0,0,0,0,0,0,0,0,0,0,0
0,0,0,0,0,0,0,0,0,0,0,0,0,0,0,0,0,0,0,0,0,0,0,0,0,0,0,0,0,0,0,0,0,0,0,0,0,0,0,0,0,0,0,0,0,0,0,0,0,0,0,0,0,0,0,0
0,0,0,0,0,0,0,0,0,0,0,0,0,0,0,0,0,0,0,0,0,0,0,0,0,0,0,0,0,0,0,0,0,0,0,0,0,0,0,0,0,0,0,0,0,0,0,0,0,0,0,0,0,0,0,0
0,0,0,0,0,0,0,0,0,0,0,0,0,0,0,0,0,0,0,0,0,0,0,0,0,0,0,0,0,0,0,0,0,0,0,0,0,0,0,0,0,0,0,0,0,0,0,0,0,0,0,0,0,0,0,0
0,0,0,0,0,0,0,0,0,0,0,0,0,0,0,0,0,0,0,0,0,0,0,0,0,0,0,0,0,0,0,0,0,0,0,0,0,0,0,0,0,0,0,0,0,0,0,0,0,0,0,0,0,0,0,0
0,0,0,0,0,0,0,0,0,0,0,0,0,0,0,0,0,0,0,0,0,0,0,0,0,0,0,0,0,0,0,0,0,0,0,0,0,0,0,0,0,0,0,0,0,0,0,0,0,0,0,0,0,0,0,0
0,0,0,0,0,0,0,0,0,0,0,0,0,0,0,0,0,0,0,0,0,0,0,0,0,0,0,0,0,0,0,0,0,0,0,0,0,0,0,0,0,0,0,0,0,0,0,0,0,0,0,0,0,0,0,0
0,0,0,0,0,0,0,0,0,0,0,0,0,0,0,0,0,0,0,0,0,0,0,0,0,0,0,0,0,0,0,0,0,0,0,0,0,0,0,0,0,0,0,0,0,0,0,0,0,0,0,0,0,0,0,0
0,0,0,0,0,0,0,0,0,0,0,0,0,0,0,0,0,0,0,0,0,0,0,0,0,0,0,0,0,0,0,0,0,0,0,0,0,0,0,0,0,0,0,0,0,0,0,0,0,0,0,0,0,0,0,0
0,0,0,0,0,0,0,0,0,0,0,0,0,0,0,0,0,0,0,0,0,0,0,0,0,0,0,0,0,0,0,0,0,0,0,0,0,0,0,0,0,0,0,0,0,0,0,0,0,0,0,0,0,0,0,0
0,0,0,0,0,0,0,0,0,0,0,0,0,0,0,0,0,0,0,0,0,0,0,0,0,0,0,0,0,0,0,0,0,0,0,0,0,0,0,0,0,0,0,0,0,0,0,0,0,0,0,0,0,0,0,0
0,0,0,0,0,0,0,0,0,0,0,0,0,0,0,0,0,0,0,0,0,0,0,0,0,0,0,0,0,0,0,0,0,0,0,0,0,0,0,0,0,0,0,0,0,0,0,0,0,0,0,0,0,0,0,0
0,0,0,0,0,0,0,0,0,0,0,0,0,0,0,0,0,0,0,0,0,0,0,0,0,0,0,0,0,0,0,0,0,0,0,0,0,0,0,0,0,0,0,0,0,0,0,0,0,0,0,0,0,0,0,0
0,0,0,0,0,0,0,0,0,0,0,0,0,0,0,0,0,0,0,0,0,0,0,0,0,0,0,0,0,0,0,0,0,0,0,0,0,0,0,0,0,0,0,0,0,0,0,0,0,0,0,0,0,0,0,0
0,0,0,0,0,0,0,0,0,0,0,0,0,0,0,0,0,0,0,0,0,0,0,0,0,0,0,0,0,0,0,0,0,0,0,0,0,0,0,0,0,0,0,0,0,0,0,0,0,0,0,0,0,0,0,0
0,0,0,0,0,0,0,0,0,0,0,0,0,0,0,0,0,0,0,0,0,0,0,0,0,0,0,0,0,0,0,0,0,0,0,0,0,0,0,0,0,0,0,0,0,0,0,0,0,0,0,0,0,0,0,0
0,0,0,0,0,0,0,0,0,0,0,0,0,0,0,0,0,0,0,0,0,0,0,0,0,0,0,0,0,0,0,0,0,0,0,0,0,0,0,0,0,0,0,0,0,0,0,0,0,0,0,0,0,0,0,0
0,0,0,0,0,0,0,0,0,0,0,0,0,0,0,0,0,0,0,0,0,0,0,0,0,0,0,0,0,0,0,0,0,0,0,0,0,0,0,0,0,0,0,0,0,0,0,0,0,0,0,0,0,0,0,0
0,0,0,0,0,0,0,0,0,0,0,0,0,0,0,0,0,0,0,0,0,0,0,0,0,0,0,0,0,0,0,0,0,0,0,0,0,0,0,0,0,0,0,0,0,0,0,0,0,0,0,0,0,0,0,0
0,0,0,0,0,0,0,0,0,0,0,0,0,0,0,0,0,0,0,0,0,0,0,0,0,0,0,0,0,0,0,0,0,0,0,0,0,0,0,0,0,0,0,0,0,0,0,0,0,0,0,0,0,0,0,0
0,0,0,0,0,0,0,0,0,0,0,0,0,0,0,0,0,0,0,0,0,0,0,0,0,0,0,0,0,0,0,0,0,0,0,0,0,0,0,0,0,0,0,0,0,0,0,0,0,0,0,0,0,0,0,0
0,0,0,0,0,0,0,0,0,0,0,0,0,0,0,0,0,0,0,0,0,0,0,0,0,0,0,0,0,0,0,0,0,0,0,0,0,0,0,0,0,0,0,0,0,0,0,0,0,0,0,0,0,0,0,0
0,0,0,0,0,0,0,0,0,0,0,0,0,0,0,0,0,0,0,0,0,0,0,0,0,0,0,0,0,0,0,0,0,0,0,0,0,0,0,0,0,0,0,0,0,0,0,0,0,0,0,0,0,0,0,0
0,0,0,0,0,0,0,0,0,0,0,0,0,0,0,0,0,0,0,0,0,0,0,0,0,0,0,0,0,0,0,0,0,0,0,0,0,0,0,0,0,0,0,0,0,0,0,0,0,0,0,0,0,0,0,0
0,0,0,0,0,0,0,0,0,0,0,0,0,0,0,0,0,0,0,0,0,0,0,0,0,0,0,0,0,0,0,0,0,0,0,0,0,0,0,0,0,0,0,0,0,0,0,0,0,0,0,0,0,0,0,0
0,0,0,0,0,0,0,0,0,0,0,0,0,0,0,0,0,0,0,0,0,0,0,0,0,0,0,0,0,0,0,0,0,0,0,0,0,0,0,0,0,0,0,0,0,0,0,0,0,0,0,0,0,0,0,0
0,0,0,0,0,0,0,0,0,0,0,0,0,0,0,0,0,0,0,0,0,0,0,0,0,0,0,0,0,0,0,0,0,0,0,0,0,0,0,0,0,0,0,0,0,0,0,0,0,0,0,0,0,0,0,0
0,0,0,0,0,0,0,0,0,0,0,0,0,0,0,0,0,0,0,0,0,0,0,0,0,0,0,0,0,0,0,0,0,0,0,0,0,0,0,0,0,0,0,0,0,0,0,0,0,0,0,0,0,0,0,0
0,0,0,0,0,0,0,0,0,0,0,0,0,0,0,0,0,0,0,0,0,0,0,0,0,0,0,0,0,0,0,0,0,0,0,0,0,0,0,0,0,0,0,0,0,0,0,0,0,0,0,0,0,0,0,0
0,0,0,0,0,0,0,0,0,0,0,0,0,0,0,0,0,0,0,0,0,0,0,0,0,0,0,0,0,0,0,0,0,0,0,0,0,0,0,0,0,0,0,0,0,0,0,0,0,0,0,0,0,0,0,0
0,0,0,0,0,0,0,0,0,0,0,0,0,0,0,0,0,0,0,0,0,0,0,0,0,0,0,0,0,0,0,0,0,0,0,0,0,0,0,0,0,0,0,0,0,0,0,0,0,0,0,0,0,0,0,0
0,0,0,0,0,0,0,0,0,0,0,0,0,0,0,0,0,0,0,0,0,0,0,0,0,0,0,0,0,0,0,0,0,0,0,0,0,0,0,0,0,0,0,0,0,0,0,0,0,0,0,0,0,0,0,0
0,0,0,0,0,0,0,0,0,0,0,0,0,0,0,0,0,0,0,0,0,0,0,0,0,0,0,0,0,0,0,0,0,0,0,0,0,0,0,0,0,0,0,0,0,0,0,0,0,0,0,0,0,0,0,0
0,0,0,0,0,0,0,0,0,0,0,0,0,0,0,0,0,0,0,0,0,0,0,0,0,0,0,0,0,0,0,0,0,0,0,0,0,0,0,0,0,0,0,0,0,0,0,0,0,0,0,0,0,0,0,0
0,0,0,0,0,0,0,0,0,0,0,0,0,0,0,0,0,0,0,0,0,0,0,0,0,0,0,0,0,0,0,0,0,0,0,0,0,0,0,0,0,0,0,0,0,0,0,0,0,0,0,0,0,0,0,0
0,0,0,0,0,0,0,0,0,0,0,0,0,0,0,0,0,0,0,0,0,0,0,0,0,0,0,0,0,0,0,0,0,0,0,0,0,0,0,0,0,0,0,0,0,0,0,0,0,0,0,0,0,0,0,0
0,0,0,0,0,0,0,0,0,0,0,0,0,0,0,0,0,0,0,0,0,0,0,0,0,0,0,0,0,0,0,0,0,0,0,0,0,0,0,0,0,0,0,0,0,0,0,0,0,0,0,0,0,0,0,0
0,0,0,0,0,0,0,0,0,0,0,0,0,0,0,0,0,0,0,0,0,0,0,0,0,0,0,0,0,0,0,0,0,0,0,0,0,0,0,0,0,0,0,0,0,0,0,0,0,0,0,0,0,0,0,0
0,0,0,0,0,0,0,0,0,0,0,0,0,0,0,0,0,0,0,0,0,0,0,0,0,0,0,0,0,0,0,0,0,0,0,0,0,0,0,0,0,0,0,0,0,0,0,0,0,0,0,0,0,0,0,0
0,0,0,0,0,0,0,0,0,0,0,0,0,0,0,0,0,0,0,0,0,0,0,0,0,0,0,0,0,0,0,0,0,0,0,0,0,0,0,0,0,0,0,0,0,0,0,0,0,0,0,0,0,0,0,0
0,0,0,0,0,0,0,0,0,0,0,0,0,0,0,0,0,0,0,0,0,0,0,0,0,0,0,0,0,0,0,0,0,0,0,0,0,0,0,0,0,0,0,0,0,0,0,0,0,0,0,0,0,0,0,0
0,0,0,0,0,0,0,0,0,0,0,0,0,0,0,0,0,0,0,0,0,0,0,0,0,0,0,0,0,0,0,0,0,0,0,0,0,0,0,0,0,0,0,0,0,0,0,0,0,0,0,0,0,0,0,0
0,0,0,0,0,0,0,0,0,0,0,0,0,0,0,0,0,0,0,0,0,0,0,0,0,0,0,0,0,0,0,0,0,0,0,0,0,0,0,0,0,0,0,0,0,0,0,0,0,0,0,0,0,0,0,0
0,0,0,0,0,0,0,0,0,0,0,0,0,0,0,0,0,0,0,0,0,0,0,0,0,0,0,0,0,0,0,0,0,0,0,0,0,0,0,0,0,0,0,0,0,0,0,0,0,0,0,0,0,0,0,0
0,0,0,0,0,0,0,0,0,0,0,0,0,0,0,0,0,0,0,0,0,0,0,0,0,0,0,0,0,0,0,0,0,0,0,0,0,0,0,0,0,0,0,0,0,0,0,0,0,0,0,0,0,0,0,0
0,0,0,0,0,0,0,0,0,0,0,0,0,0,0,0,0,0,0,0,0,0,0,0,0,0,0,0,0,0,0,0,0,0,0,0,0,0,0,0,0,0,0,0,0,0,0,0,0,0,0,0,0,0,0,0
0,0,0,0,0,0,0,0,0,0,0,0,0,0,0,0,0,0,0,0,0,0,0,0,0,0,0,0,0,0,0,0,0,0,0,0,0,0,0,0,0,0,0,0,0,0,0,0,0,0,0,0,0,0,0,0
0,0,0,0,0,0,0,0,0,0,0,0,0,0,0,0,0,0,0,0,0,0,0,0,0,0,0,0,0,0,0,0,0,0,0,0,0,0,0,0,0,0,0,0,0,0,0,0,0,0,0,0,0,0,0,0
0,0,0,0,0,0,0,0,0,0,0,0,0,0,0,0,0,0,0,0,0,0,0,0,0,0,0,0,0,0,0,0,0,0,0,0,0,0,0,0,0,0,0,0,0,0,0,0,0,0,0,0,0,0,0,0
0,0,0,0,0,0,0,0,0,0,0,0,0,0,0,0,0,0,0,0,0,0,0,0,0,0,0,0,0,0,0,0,0,0,0,0,0,0,0,0,0,0,0,0,0,0,0,0,0,0,0,0,0,0,0,0
0,0,0,0,0,0,0,0,0,0,0,0,0,0,0,0,0,0,0,0,0,0,0,0,0,0,0,0,0,0,0,0,0,0,0,0,0,0,0,0,0,0,0,0,0,0,0,0,0,0,0,0,0,0,0,0
0,0,0,0,0,0,0,0,0,0,0,0,0,0,0,0,0,0,0,0,0,0,0,0,0,0,0,0,0,0,0,0,0,0,0,0,0,0,0,0,0,0,0,0,0,0,0,0,0,0,0,0,0,0,0,0
0,0,0,0,0,0,0,0,0,0,0,0,0,0,0,0,0,0,0,0,0,0,0,0,0,0,0,0,0,0,0,0,0,0,0,0,0,0,0,0,0,0,0,0,0,0,0,0,0,0,0,0,0,0,0,0
0,0,0,0,0,0,0,0,0,0,0,0,0,0,0,0,0,0,0,0,0,0,0,0,0,0,0,0,0,0,0,0,0,0,0,0,0,0,0,0,0,0,0,0,0,0,0,0,0,0,0,0,0,0,0,0
0,0,0,0,0,0,0,0,0,0,0,0,0,0,0,0,0,0,0,0,0,0,0,0,0,0,0,0,0,0,0,0,0,0,0,0,0,0,0,0,0,0,0,0,0,0,0,0,0,0,0,0,0,0,0,0
0,0,0,0,0,0,0,0,0,0,0,0,0,0,0,0,0,0,0,0,0,0,0,0,0,0,0,0,0,0,0,0,0,0,0,0,0,0,0,0,0,0,0,0,0,0,0,0,0,0,0,0,0,0,0,0
0,0,0,0,0,0,0,0,0,0,0,0,0,0,0,0,0,0,0,0,0,0,0,0,0,0,0,0,0,0,0,0,0,0,0,0,0,0,0,0,0,0,0,0,0,0,0,0,0,0,0,0,0,0,0,0
0,0,0,0,0,0,0,0,0,0,0,0,0,0,0,0,0,0,0,0,0,0,0,0,0,0,0,0,0,0,0,0,0,0,0,0,0,0,0,0,0,0,0,0,0,0,0,0,0,0,0,0,0,0,0,0
0,0,0,0,0,0,0,0,0,0,0,0,0,0,0,0,0,0,0,0,0,0,0,0,0,0,0,0,0,0,0,0,0,0,0,0,0,0,0,0,0,0,0,0,0,0,0,0,0,0,0,0,0,0,0,0
0,0,0,0,0,0,0,0,0,0,0,0,0,0,0,0,0,0,0,0,0,0,0,0,0,0,0,0,0,0,0,0,0,0,0,0,0,0,0,0,0,0,0,0,0,0,0,0,0,0,0,0,0,0,0,0
0,0,0,0,0,0,0,0,0,0,0,0,0,0,0,0,0,0,0,0,0,0,0,0,0,0,0,0,0,0,0,0,0,0,0,0,0,0,0,0,0,0,0,0,0,0,0,0,0,0,0,0,0,0,0,0
0,0,0,0,0,0,0,0,0,0,0,0,0,0,0,0,0,0,0,0,0,0,0,0,0,0,0,0,0,0,0,0,0,0,0,0,0,0,0,0,0,0,0,0,0,0,0,0,0,0,0,0,0,0,0,0
0,0,0,0,0,0,0,0,0,0,0,0,0,0,0,0,0,0,0,0,0,0,0,0,0,0,0,0,0,0,0,0,0,0,0,0,0,0,0,0,0,0,0,0,0,0,0,0,0,0,0,0,0,0,0,0
0,0,0,0,0,0,0,0,0,0,0,0,0,0,0,0,0,0,0,0,0,0,0,0,0,0,0,0,0,0,0,0,0,0,0,0,0,0,0,0,0,0,0,0,0,0,0,0,0,0,0,0,0,0,0,0
0,0,0,0,0,0,0,0,0,0,0,0,0,0,0,0,0,0,0,0,0,0,0,0,0,0,0,0,0,0,0,0,0,0,0,0,0,0,0,0,0,0,0,0,0,0,0,0,0,0,0,0,0,0,0,0
0,0,0,0,0,0,0,0,0,0,0,0,0,0,0,0,0,0,0,0,0,0,0,0,0,0,0,0,0,0,0,0,0,0,0,0,0,0,0,0,0,0,0,0,0,0,0,0,0,0,0,0,0,0,0,0
0,0,0,0,0,0,0,0,0,0,0,0,0,0,0,0,0,0,0,0,0,0,0,0,0,0,0,0,0,0,0,0,0,0,0,0,0,0,0,0,0,0,0,0,0,0,0,0,0,0,0,0,0,0,0,0
0,0,0,0,0,0,0,0,0,0,0,0,0,0,0,0,0,0,0,0,0,0,0,0,0,0,0,0,0,0,0,0,0,0,0,0,0,0,0,0,0,0,0,0,0,0,0,0,0,0,0,0,0,0,0,0
0,0,0,0,0,0,0,0,0,0,0,0,0,0,0,0,0,0,0,0,0,0,0,0,0,0,0,0,0,0,0,0,0,0,0,0,0,0,0,0,0,0,0,0,0,0,0,0,0,0,0,0,0,0,0,0
0,0,0,0,0,0,0,0,0,0,0,0,0,0,0,0,0,0,0,0,0,0,0,0,0,0,0,0,0,0,0,0,0,0,0,0,0,0,0,0,0,0,0,0,0,0,0,0,0,0,0,0,0,0,0,0
0,0,0,0,0,0,0,0,0,0,0,0,0,0,0,0,0,0,0,0,0,0,0,0,0,0,0,0,0,0,0,0,0,0,0,0,0,0,0,0,0,0,0,0,0,0,0,0,0,0,0,0,0,0,0,0
0,0,0,0,0,0,0,0,0,0,0,0,0,0,0,0,0,0,0,0,0,0,0,0,0,0,0,0,0,0,0,0,0,0,0,0,0,0,0,0,0,0,0,0,0,0,0,0,0,0,0,0,0,0,0,0
0,0,0,0,0,0,0,0,0,0,0,0,0,0,0,0,0,0,0,0,0,0,0,0,0,0,0,0,0,0,0,0,0,0,0,0,0,0,0,0,0,0,0,0,0,0,0,0,0,0,0,0,0,0,0,0
0,0,0,0,0,0,0,0,0,0,0,0,0,0,0,0,0,0,0,0,0,0,0,0,0,0,0,0,0,0,0,0,0,0,0,0,0,0,0,0,0,0,0,0,0,0,0,0,0,0,0,0,0,0,0,0
0,0,0,0,0,0,0,0,0,0,0,0,0,0,0,0,0,0,0,0,0,0,0,0,0,0,0,0,0,0,0,0,0,0,0,0,0,0,0,0,0,0,0,0,0,0,0,0,0,0,0,0,0,0,0,0
0,0,0,0,0,0,0,0,0,0,0,0,0,0,0,0,0,0,0,0,0,0,0,0,0,0,0,0,0,0,0,0,0,0,0,0,0,0,0,0,0,0,0,0,0,0,0,0,0,0,0,0,0,0,0,0
0,0,0,0,0,0,0,0,0,0,0,0,0,0,0,0,0,0,0,0,0,0,0,0,0,0,0,0,0,0,0,0,0,0,0,0,0,0,0,0,0,0,0,0,0,0,0,0,0,0,0,0,0,0,0,0
0,0,0,0,0,0,0,0,0,0,0,0,0,0,0,0,0,0,0,0,0,0,0,0,0,0,0,0,0,0,0,0,0,0,0,0,0,0,0,0,0,0,0,0,0,0,0,0,0,0,0,0,0,0,0,0
0,0,0,0,0,0,0,0,0,0,0,0,0,0,0,0,0,0,0,0,0,0,0,0,0,0,0,0,0,0,0,0,0,0,0,0,0,0,0,0,0,0,0,0,0,0,0,0,0,0,0,0,0,0,0,0
0,0,0,0,0,0,0,0,0,0,0,0,0,0,0,0,0,0,0,0,0,0,0,0,0,0,0,0,0,0,0,0,0,0,0,0,0,0,0,0,0,0,0,0,0,0,0,0,0,0,0,0,0,0,0,0
0,0,0,0,0,0,0,0,0,0,0,0,0,0,0,0,0,0,0,0,0,0,0,0,0,0,0,0,0,0,0,0,0,0,0,0,0,0,0,0,0,0,0,0,0,0,0,0,0,0,0,0,0,0,0,0
0,0,0,0,0,0,0,0,0,0,0,0,0,0,0,0,0,0,0,0,0,0,0,0,0,0,0,0,0,0,0,0,0,0,0,0,0,0,0,0,0,0,0,0,0,0,0,0,0,0,0,0,0,0,0,0
0,0,0,0,0,0,0,0,0,0,0,0,0,0,0,0,0,0,0,0,0,0,0,0,0,0,0,0,0,0,0,0,0,0,0,0,0,0,0,0,0,0,0,0,0,0,0,0,0,0,0,0,0,0,0,0
0,0,0,0,0,0,0,0,0,0,0,0,0,0,0,0,0,0,0,0,0,0,0,0,0,0,0,0,0,0,0,0,0,0,0,0,0,0,0,0,0,0,0,0,0,0,0,0,0,0,0,0,0,0,0,0
0,0,0,0,0,0,0,0,0,0,0,0,0,0,0,0,0,0,0,0,0,0,0,0,0,0,0,0,0,0,0,0,0,0,0,0,0,0,0,0,0,0,0,0,0,0,0,0,0,0,0,0,0,0,0,0
0,0,0,0,0,0,0,0,0,0,0,0,0,0,0,0,0,0,0,0,0,0,0,0,0,0,0,0,0,0,0,0,0,0,0,0,0,0,0,0,0,0,0,0,0,0,0,0,0,0,0,0,0,0,0,0
0,0,0,0,0,0,0,0,0,0,0,0,0,0,0,0,0,0,0,0,0,0,0,0,0,0,0,0,0,0,0,0,0,0,0,0,0,0,0,0,0,0,0,0,0,0,0,0,0,0,0,0,0,0,0,0
0,0,0,0,0,0,0,0,0,0,0,0,0,0,0,0,0,0,0,0,0,0,0,0,0,0,0,0,0,0,0,0,0,0,0,0,0,0,0,0,0,0,0,0,0,0,0,0,0,0,0,0,0,0,0,0
0,0,0,0,0,0,0,0,0,0,0,0,0,0,0,0,0,0,0,0,0,0,0,0,0,0,0,0,0,0,0,0,0,0,0,0,0,0,0,0,0,0,0,0,0,0,0,0,0,0,0,0,0,0,0,0
0,0,0,0,0,0,0,0,0,0,0,0,0,0,0,0,0,0,0,0,0,0,0,0,0,0,0,0,0,0,0,0,0,0,0,0,0,0,0,0,0,0,0,0,0,0,0,0,0,0,0,0,0,0,0,0
0,0,0,0,0,0,0,0,0,0,0,0,0,0,0,0,0,0,0,0,0,0,0,0,0,0,0,0,0,0,0,0,0,0,0,0,0,0,0,0,0,0,0,0,0,0,0,0,0,0,0,0,0,0,0,0
0,0,0,0,0,0,0,0,0,0,0,0,0,0,0,0,0,0,0,0,0,0,0,0,0,0,0,0,0,0,0,0,0,0,0,0,0,0,0,0,0,0,0,0,0,0,0,0,0,0,0,0,0,0,0,0
0,0,0,0,0,0,0,0,0,0,0,0,0,0,0,0,0,0,0,0,0,0,0,0,0,0,0,0,0,0,0,0,0,0,0,0,0,0,0,0,0,0,0,0,0,0,0,0,0,0,0,0,0,0,0,0
0,0,0,0,0,0,0,0,0,0,0,0,0,0,0,0,0,0,0,0,0,0,0,0,0,0,0,0,0,0,0,0,0,0,0,0,0,0,0,0,0,0,0,0,0,0,0,0,0,0,0,0,0,0,0,0
0,0,0,0,0,0,0,0,0,0,0,0,0,0,0,0,0,0,0,0,0,0,0,0,0,0,0,0,0,0,0,0,0,0,0,0,0,0,0,0,0,0,0,0,0,0,0,0,0,0,0,0,0,0,0,0
0,0,0,0,0,0,0,0,0,0,0,0,0,0,0,0,0,0,0,0,0,0,0,0,0,0,0,0,0,0,0,0,0,0,0,0,0,0,0,0,0,0,0,0,0,0,0,0,0,0,0,0,0,0,0,0
0,0,0,0,0,0,0,0,0,0,0,0,0,0,0,0,0,0,0,0,0,0,0,0,0,0,0,0,0,0,0,0,0,0,0,0,0,0,0,0,0,0,0,0,0,0,0,0,0,0,0,0,0,0,0,0
0,0,0,0,0,0,0,0,0,0,0,0,0,0,0,0,0,0,0,0,0,0,0,0,0,0,0,0,0,0,0,0,0,0,0,0,0,0,0,0,0,0,0,0,0,0,0,0,0,0,0,0,0,0,0,0
0,0,0,0,0,0,0,0,0,0,0,0,0,0,0,0,0,0,0,0,0,0,0,0,0,0,0,0,0,0,0,0,0,0,0,0,0,0,0,0,0,0,0,0,0,0,0,0,0,0,0,0,0,0,0,0
0,0,0,0,0,0,0,0,0,0,0,0,0,0,0,0,0,0,0,0,0,0,0,0,0,0,0,0,0,0,0,0,0,0,0,0,0,0,0,0,0,0,0,0,0,0,0,0,0,0,0,0,0,0,0,0
0,0,0,0,0,0,0,0,0,0,0,0,0,0,0,0,0,0,0,0,0,0,0,0,0,0,0,0,0,0,0,0,0,0,0,0,0,0,0,0,0,0,0,0,0,0,0,0,0,0,0,0,0,0,0,0
0,0,0,0,0,0,0,0,0,0,0,0,0,0,0,0,0,0,0,0,0,0,0,0,0,0,0,0,0,0,0,0,0,0,0,0,0,0,0,0,0,0,0,0,0,0,0,0,0,0,0,0,0,0,0,0
0,0,0,0,0,0,0,0,0,0,0,0,0,0,0,0,0,0,0,0,0,0,0,0,0,0,0,0,0,0,0,0,0,0,0,0,0,0,0,0,0,0,0,0,0,0,0,0,0,0,0,0,0,0,0,0
0,0,0,0,0,0,0,0,0,0,0,0,0,0,0,0,0,0,0,0,0,0,0,0,0,0,0,0,0,0,0,0,0,0,0,0,0,0,0,0,0,0,0,0,0,0,0,0,0,0,0,0,0,0,0,0
0,0,0,0,0,0,0,0,0,0,0,0,0,0,0,0,0,0,0,0,0,0,0,0,0,0,0,0,0,0,0,0,0,0,0,0,0,0,0,0,0,0,0,0,0,0,0,0,0,0,0,0,0,0,0,0
0,0,0,0,0,0,0,0,0,0,0,0,0,0,0,0,0,0,0,0,0,0,0,0,0,0,0,0,0,0,0,0,0,0,0,0,0,0,0,0,0,0,0,0,0,0,0,0,0,0,0,0,0,0,0,0
0,0,0,0,0,0,0,0,0,0,0,0,0,0,0,0,0,0,0,0,0,0,0,0,0,0,0,0,0,0,0,0,0,0,0,0,0,0,0,0,0,0,0,0,0,0,0,0,0,0,0,0,0,0,0,0
0,0,0,0,0,0,0,0,0,0,0,0,0,0,0,0,0,0,0,0,0,0,0,0,0,0,0,0,0,0,0,0,0,0,0,0,0,0,0,0,0,0,0,0,0,0,0,0,0,0,0,0,0,0,0,0
0,0,0,0,0,0,0,0,0,0,0,0,0,0,0,0,0,0,0,0,0,0,0,0,0,0,0,0,0,0,0,0,0,0,0,0,0,0,0,0,0,0,0,0,0,0,0,0,0,0,0,0,0,0,0,0
0,0,0,0,0,0,0,0,0,0,0,0,0,0,0,0,0,0,0,0,0,0,0,0,0,0,0,0,0,0,0,0,0,0,0,0,0,0,0,0,0,0,0,0,0,0,0,0,0,0,0,0,0,0,0,0
0,0,0,0,0,0,0,0,0,0,0,0,0,0,0,0,0,0,0,0,0,0,0,0,0,0,0,0,0,0,0,0,0,0,0,0,0,0,0,0,0,0,0,0,0,0,0,0,0,0,0,0,0,0,0,0
0,0,0,0,0,0,0,0,0,0,0,0,0,0,0,0,0,0,0,0,0,0,0,0,0,0,0,0,0,0,0,0,0,0,0,0,0,0,0,0,0,0,0,0,0,0,0,0,0,0,0,0,0,0,0,0
0,0,0,0,0,0,0,0,0,0,0,0,0,0,0,0,0,0,0,0,0,0,0,0,0,0,0,0,0,0,0,0,0,0,0,0,0,0,0,0,0,0,0,0,0,0,0,0,0,0,0,0,0,0,0,0
0,0,0,0,0,0,0,0,0,0,0,0,0,0,0,0,0,0,0,0,0,0,0,0,0,0,0,0,0,0,0,0,0,0,0,0,0,0,0,0,0,0,0,0,0,0,0,0,0,0,0,0,0,0,0,0
0,0,0,0,0,0,0,0,0,0,0,0,0,0,0,0,0,0,0,0,0,0,0,0,0,0,0,0,0,0,0,0,0,0,0,0,0,0,0,0,0,0,0,0,0,0,0,0,0,0,0,0,0,0,0,0
0,0,0,0,0,0,0,0,0,0,0,0,0,0,0,0,0,0,0,0,0,0,0,0,0,0,0,0,0,0,0,0,0,0,0,0,0,0,0,0,0,0,0,0,0,0,0,0,0,0,0,0,0,0,0,0
0,0,0,0,0,0,0,0,0,0,0,0,0,0,0,0,0,0,0,0,0,0,0,0,0,0,0,0,0,0,0,0,0,0,0,0,0,0,0,0,0,0,0,0,0,0,0,0,0,0,0,0,0,0,0,0
0,0,0,0,0,0,0,0,0,0,0,0,0,0,0,0,0,0,0,0,0,0,0,0,0,0,0,0,0,0,0,0,0,0,0,0,0,0,0,0,0,0,0,0,0,0,0,0,0,0,0,0,0,0,0,0
0,0,0,0,0,0,0,0,0,0,0,0,0,0,0,0,0,0,0,0,0,0,0,0,0,0,0,0,0,0,0,0,0,0,0,0,0,0,0,0,0,0,0,0,0,0,0,0,0,0,0,0,0,0,0,0
0,0,0,0,0,0,0,0,0,0,0,0,0,0,0,0,0,0,0,0,0,0,0,0,0,0,0,0,0,0,0,0,0,0,0,0,0,0,0,0,0,0,0,0,0,0,0,0,0,0,0,0,0,0,0,0
0,0,0,0,0,0,0,0,0,0,0,0,0,0,0,0,0,0,0,0,0,0,0,0,0,0,0,0,0,0,0,0,0,0,0,0,0,0,0,0,0,0,0,0,0,0,0,0,0,0,0,0,0,0,0,0
0,0,0,0,0,0,0,0,0,0,0,0,0,0,0,0,0,0,0,0,0,0,0,0,0,0,0,0,0,0,0,0,0,0,0,0,0,0,0,0,0,0,0,0,0,0,0,0,0,0,0,0,0,0,0,0
0,0,0,0,0,0,0,0,0,0,0,0,0,0,0,0,0,0,0,0,0,0,0,0,0,0,0,0,0,0,0,0,0,0,0,0,0,0,0,0,0,0,0,0,0,0,0,0,0,0,0,0,0,0,0,0
0,0,0,0,0,0,0,0,0,0,0,0,0,0,0,0,0,0,0,0,0,0,0,0,0,0,0,0,0,0,0,0,0,0,0,0,0,0,0,0,0,0,0,0,0,0,0,0,0,0,0,0,0,0,0,0
0,0,0,0,0,0,0,0,0,0,0,0,0,0,0,0,0,0,0,0,0,0,0,0,0,0,0,0,0,0,0,0,0,0,0,0,0,0,0,0,0,0,0,0,0,0,0,0,0,0,0,0,0,0,0,0
0,0,0,0,0,0,0,0,0,0,0,0,0,0,0,0,0,0,0,0,0,0,0,0,0,0,0,0,0,0,0,0,0,0,0,0,0,0,0,0,0,0,0,0,0,0,0,0,0,0,0,0,0,0,0,0
0,0,0,0,0,0,0,0,0,0,0,0,0,0,0,0,0,0,0,0,0,0,0,0,0,0,0,0,0,0,0,0,0,0,0,0,0,0,0,0,0,0,0,0,0,0,0,0,0,0,0,0,0,0,0,0
0,0,0,0,0,0,0,0,0,0,0,0,0,0,0,0,0,0,0,0,0,0,0,0,0,0,0,0,0,0,0,0,0,0,0,0,0,0,0,0,0,0,0,0,0,0,0,0,0,0,0,0,0,0,0,0
0,0,0,0,0,0,0,0,0,0,0,0,0,0,0,0,0,0,0,0,0,0,0,0,0,0,0,0,0,0,0,0,0,0,0,0,0,0,0,0,0,0,0,0,0,0,0,0,0,0,0,0,0,0,0,0
0,0,0,0,0,0,0,0,0,0,0,0,0,0,0,0,0,0,0,0,0,0,0,0,0,0,0,0,0,0,0,0,0,0,0,0,0,0,0,0,0,0,0,0,0,0,0,0,0,0,0,0,0,0,0,0
0,0,0,0,0,0,0,0,0,0,0,0,0,0,0,0,0,0,0,0,0,0,0,0,0,0,0,0,0,0,0,0,0,0,0,0,0,0,0,0,0,0,0,0,0,0,0,0,0,0,0,0,0,0,0,0
0,0,0,0,0,0,0,0,0,0,0,0,0,0,0,0,0,0,0,0,0,0,0,0,0,0,0,0,0,0,0,0,0,0,0,0,0,0,0,0,0,0,0,0,0,0,0,0,0,0,0,0,0,0,0,0
0,0,0,0,0,0,0,0,0,0,0,0,0,0,0,0,0,0,0,0,0,0,0,0,0,0,0,0,0,0,0,0,0,0,0,0,0,0,0,0,0,0,0,0,0,0,0,0,0,0,0,0,0,0,0,0
0,0,0,0,0,0,0,0,0,0,0,0,0,0,0,0,0,0,0,0,0,0,0,0,0,0,0,0,0,0,0,0,0,0,0,0,0,0,0,0,0,0,0,0,0,0,0,0,0,0,0,0,0,0,0,0
0,0,0,0,0,0,0,0,0,0,0,0,0,0,0,0,0,0,0,0,0,0,0,0,0,0,0,0,0,0,0,0,0,0,0,0,0,0,0,0,0,0,0,0,0,0,0,0,0,0,0,0,0,0,0,0
0,0,0,0,0,0,0,0,0,0,0,0,0,0,0,0,0,0,0,0,0,0,0,0,0,0,0,0,0,0,0,0,0,0,0,0,0,0,0,0,0,0,0,0,0,0,0,0,0,0,0,0,0,0,0,0
0,0,0,0,0,0,0,0,0,0,0,0,0,0,0,0,0,0,0,0,0,0,0,0,0,0,0,0,0,0,0,0,0,0,0,0,0,0,0,0,0,0,0,0,0,0,0,0,0,0,0,0,0,0,0,0
0,0,0,0,0,0,0,0,0,0,0,0,0,0,0,0,0,0,0,0,0,0,0,0,0,0,0,0,0,0,0,0,0,0,0,0,0,0,0,0,0,0,0,0,0,0,0,0,0,0,0,0,0,0,0,0
0,0,0,0,0,0,0,0,0,0,0,0,0,0,0,0,0,0,0,0,0,0,0,0,0,0,0,0,0,0,0,0,0,0,0,0,0,0,0,0,0,0,0,0,0,0,0,0,0,0,0,0,0,0,0,0
0,0,0,0,0,0,0,0,0,0,0,0,0,0,0,0,0,0,0,0,0,0,0,0,0,0,0,0,0,0,0,0,0,0,0,0,0,0,0,0,0,0,0,0,0,0,0,0,0,0,0,0,0,0,0,0
0,0,0,0,0,0,0,0,0,0,0,0,0,0,0,0,0,0,0,0,0,0,0,0,0,0,0,0,0,0,0,0,0,0,0,0,0,0,0,0,0,0,0,0,0,0,0,0,0,0,0,0,0,0,0,0
0,0,0,0,0,0,0,0,0,0,0,0,0,0,0,0,0,0,0,0,0,0,0,0,0,0,0,0,0,0,0,0,0,0,0,0,0,0,0,0,0,0,0,0,0,0,0,0,0,0,0,0,0,0,0,0
0,0,0,0,0,0,0,0,0,0,0,0,0,0,0,0,0,0,0,0,0,0,0,0,0,0,0,0,0,0,0,0,0,0,0,0,0,0,0,0,0,0,0,0,0,0,0,0,0,0,0,0,0,0,0,0
0,0,0,0,0,0,0,0,0,0,0,0,0,0,0,0,0,0,0,0,0,0,0,0,0,0,0,0,0,0,0,0,0,0,0,0,0,0,0,0,0,0,0,0,0,0,0,0,0,0,0,0,0,0,0,0
0,0,0,0,0,0,0,0,0,0,0,0,0,0,0,0,0,0,0,0,0,0,0,0,0,0,0,0,0,0,0,0,0,0,0,0,0,0,0,0,0,0,0,0,0,0,0,0,0,0,0,0,0,0,0,0
0,0,0,0,0,0,0,0,0,0,0,0,0,0,0,0,0,0,0,0,0,0,0,0,0,0,0,0,0,0,0,0,0,0,0,0,0,0,0,0,0,0,0,0,0,0,0,0,0,0,0,0,0,0,0,0
0,0,0,0,0,0,0,0,0,0,0,0,0,0,0,0,0,0,0,0,0,0,0,0,0,0,0,0,0,0,0,0,0,0,0,0,0,0,0,0,0,0,0,0,0,0,0,0,0,0,0,0,0,0,0,0
0,0,0,0,0,0,0,0,0,0,0,0,0,0,0,0,0,0,0,0,0,0,0,0,0,0,0,0,0,0,0,0,0,0,0,0,0,0,0,0,0,0,0,0,0,0,0,0,0,0,0,0,0,0,0,0
0,0,0,0,0,0,0,0,0,0,0,0,0,0,0,0,0,0,0,0,0,0,0,0,0,0,0,0,0,0,0,0,0,0,0,0,0,0,0,0,0,0,0,0,0,0,0,0,0,0,0,0,0,0,0,0
0,0,0,0,0,0,0,0,0,0,0,0,0,0,0,0,0,0,0,0,0,0,0,0,0,0,0,0,0,0,0,0,0,0,0,0,0,0,0,0,0,0,0,0,0,0,0,0,0,0,0,0,0,0,0,0
0,0,0,0,0,0,0,0,0,0,0,0,0,0,0,0,0,0,0,0,0,0,0,0,0,0,0,0,0,0,0,0,0,0,0,0,0,0,0,0,0,0,0,0,0,0,0,0,0,0,0,0,0,0,0,0
0,0,0,0,0,0,0,0,0,0,0,0,0,0,0,0,0,0,0,0,0,0,0,0,0,0,0,0,0,0,0,0,0,0,0,0,0,0,0,0,0,0,0,0,0,0,0,0,0,0,0,0,0,0,0,0
0,0,0,0,0,0,0,0,0,0,0,0,0,0,0,0,0,0,0,0,0,0,0,0,0,0,0,0,0,0,0,0,0,0,0,0,0,0,0,0,0,0,0,0,0,0,0,0,0,0,0,0,0,0,0,0
0,0,0,0,0,0,0,0,0,0,0,0,0,0,0,0,0,0,0,0,0,0,0,0,0,0,0,0,0,0,0,0,0,0,0,0,0,0,0,0,0,0,0,0,0,0,0,0,0,0,0,0,0,0,0,0
0,0,0,0,0,0,0,0,0,0,0,0,0,0,0,0,0,0,0,0,0,0,0,0,0,0,0,0,0,0,0,0,0,0,0,0,0,0,0,0,0,0,0,0,0,0,0,0,0,0,0,0,0,0,0,0
0,0,0,0,0,0,0,0,0,0,0,0,0,0,0,0,0,0,0,0,0,0,0,0,0,0,0,0,0,0,0,0,0,0,0,0,0,0,0,0,0,0,0,0,0,0,0,0,0,0,0,0,0,0,0,0
0,0,0,0,0,0,0,0,0,0,0,0,0,0,0,0,0,0,0,0,0,0,0,0,0,0,0,0,0,0,0,0,0,0,0,0,0,0,0,0,0,0,0,0,0,0,0,0,0,0,0,0,0,0,0,0
0,0,0,0,0,0,0,0,0,0,0,0,0,0,0,0,0,0,0,0,0,0,0,0,0,0,0,0,0,0,0,0,0,0,0,0,0,0,0,0,0,0,0,0,0,0,0,0,0,0,0,0,0,0,0,0
0,0,0,0,0,0,0,0,0,0,0,0,0,0,0,0,0,0,0,0,0,0,0,0,0,0,0,0,0,0,0,0,0,0,0,0,0,0,0,0,0,0,0,0,0,0,0,0,0,0,0,0,0,0,0,0
0,0,0,0,0,0,0,0,0,0,0,0,0,0,0,0,0,0,0,0,0,0,0,0,0,0,0,0,0,0,0,0,0,0,0,0,0,0,0,0,0,0,0,0,0,0,0,0,0,0,0,0,0,0,0,0
0,0,0,0,0,0,0,0,0,0,0,0,0,0,0,0,0,0,0,0,0,0,0,0,0,0,0,0,0,0,0,0,0,0,0,0,0,0,0,0,0,0,0,0,0,0,0,0,0,0,0,0,0,0,0,0
0,0,0,0,0,0,0,0,0,0,0,0,0,0,0,0,0,0,0,0,0,0,0,0,0,0,0,0,0,0,0,0,0,0,0,0,0,0,0,0,0,0,0,0,0,0,0,0,0,0,0,0,0,0,0,0
